Workbook

Sheet Dashboard
A1: Parabolic Motion Radar + Topography Parameter Model
A2: Use Inputs!C27 to apply/remove topography from the main outputs and charts. Inputs!C47 changes the terrain seed. Long-pass scenario ranges use Europa spherical curvature instead of flat Cartesian range. Off-nadir means the side-looking target at Inputs!C6, while nadir means straight below the spacecraft.
A4: Key Output Results
A5: Output | B5: Value | C5: Unit | D5: What it means
A6: Topography toggle | B6: =IF(OR(Inputs!$C$27=TRUE,Inputs!$C$27="TRUE",Inputs!$C$27=1),"Topography ON","Topography OFF") -> Topography ON | D6: Set Inputs!C27 to TRUE to include terrain, or FALSE to return to a flat surface. Change Inputs!C47 to test a new terrain case.
A7: Flat apparent depth at mid-pass | B7: =Model_Data!F122 -> 550.69986 | C7: m | D7: Original flat-surface result.
A8: Topo apparent depth at mid-pass | B8: =Model_Data!AC122 -> 278.83553 | C8: m | D8: Apparent depth after terrain height changes the range geometry.
A9: Depth change from topography | B9: =Model_Data!AI122 -> -271.86433 | C9: m | D9: Topo apparent depth minus flat apparent depth.
A10: Topo extra two-way delay | B10: =Model_Data!AD122 -> 3.311139 | C10: us | D10: Two-way delay after topography is included.
A11: Topo VHF interferometric phase | B11: =Model_Data!AF122 -> 22.483083 | C11: deg | D11: VHF phase after topography changes the look geometry.
A12: Max target terrain height | B12: =MAX(Model_Data!Y2:Y242) -> 568.64364 | C12: m | D12: Highest modeled terrain at the side-offset target path.
A13: Min target terrain height | B13: =MIN(Model_Data!Y2:Y242) -> 107.75271 | C13: m | D13: Lowest modeled terrain at the side-offset target path.
A14: Max absolute topo depth change | B14: =MAX(MAX(Model_Data!AI2:AI242),-MIN(Model_Data!AI2:AI242)) -> 302.98887 | C14: m | D14: Largest magnitude of topography-driven apparent-depth change.
A15: Max topo VHF Doppler magnitude | B15: =MAX(Model_Data!AO2:AO242) -> 534.06021 | C15: Hz | D15: Largest VHF Doppler after topography is included.
A16: Simple minimum PRF with topo | B16: =2*B15 -> 1068.1204 | C16: Hz | D16: Twice max topo VHF Doppler, a simple no-alias floor.
A17: Topo depth uncertainty band | B17: =Model_Data!AQ122 -> 42.134831 | C17: m | D17: Representative vertical uncertainty converted to apparent-depth uncertainty.
A19: PRF Choices
A20: PRF (Hz) | B20: Pulse interval (ms) | C20: Along-track spacing (m) | D20: Unambiguous range (km) | E20: Pulses in air at z0 | F20: Status
A21: =PRF_Results!A4 -> 50 | B21: =PRF_Results!B4 -> 20 | C21: =PRF_Results!C4 -> 80 | D21: =PRF_Results!D4 -> 2997.9246 | E21: =PRF_Results!E4 -> 0.13342564 | F21: =PRF_Results!F4 -> Below simple Doppler floor
A22: =PRF_Results!A5 -> 500 | B22: =PRF_Results!B5 -> 2 | C22: =PRF_Results!C5 -> 8 | D22: =PRF_Results!D5 -> 299.79246 | E22: =PRF_Results!E5 -> 1.3342564 | F22: =PRF_Results!F5 -> Below simple Doppler floor
A23: =PRF_Results!A6 -> 3000 | B23: =PRF_Results!B6 -> 0.33333333 | C23: =PRF_Results!C6 -> 1.3333333 | D23: =PRF_Results!D6 -> 49.96541 | E23: =PRF_Results!E6 -> 8.0055383 | F23: =PRF_Results!F6 -> OK for modeled topo VHF Doppler
A25: How to read this model
A26: The chain is: parabolic motion changes z(x); topography adds h(x,y); the radar then turns that real surface pattern into an apparent range/depth shift. The off-nadir target is the side-looking point at y = Inputs!C6; nadir is the straight-down reference. Flat means flat surface, not straight spacecraft motion.
A114: Paper Pass Scenario Comparison
A115: Scenario | B115: Show | C115: z0 (km) | D115: Length (km) | E115: Edge alt (km) | F115: Mid depth (m) | G115: Max VHF (Hz) | H115: PRF floor (Hz) | I115: Basis
A116: =Inputs!G6 -> Current custom inputs | B116: =Inputs!F6 -> TRUE | C116: =Inputs!H6 -> 400 | D116: =Inputs!J6-Inputs!I6 -> 120 | E116: =Inputs!M6 -> 404 | F116: =Scenario_Data!AF122 -> 550.69986 | G116: =MAX(MAX(Scenario_Data!AL2:AL242),-MIN(Scenario_Data!AL2:AL242)) -> 504.93234 | H116: =2*G116 -> 1009.8647 | I116: Current editable
A117: =Inputs!G7 -> Paper low-altitude 800-km pass | B117: =Inputs!F7 -> TRUE | C117: =Inputs!H7 -> 35 | D117: =Inputs!J7-Inputs!I7 -> 800 | E117: =Inputs!M7 -> 400 | F117: =Scenario_Data!AG122 -> 4592.1824 | G117: =MAX(MAX(Scenario_Data!AM2:AM242),-MIN(Scenario_Data!AM2:AM242)) -> 3517.7285 | H117: =2*G117 -> 7035.4571 | I117: 800 km below 400
A118: =Inputs!G8 -> Paper ice-ocean 1600-km pass | B118: =Inputs!F8 -> TRUE | C118: =Inputs!H8 -> 35 | D118: =Inputs!J8-Inputs!I8 -> 1600 | E118: =Inputs!M8 -> 1000 | F118: =Scenario_Data!AH122 -> 4592.1824 | G118: =MAX(MAX(Scenario_Data!AN2:AN242),-MIN(Scenario_Data!AN2:AN242)) -> 4665.3413 | H118: =2*G118 -> 9330.6826 | I118: 1600 km below 1000
A119: =Inputs!G9 -> Paper operating 25-to-1000-km pass | B119: =Inputs!F9 -> TRUE | C119: =Inputs!H9 -> 25 | D119: =Inputs!J9-Inputs!I9 -> 1600 | E119: =Inputs!M9 -> 1000 | F119: =Scenario_Data!AI122 -> 5896.8769 | G119: =MAX(MAX(Scenario_Data!AO2:AO242),-MIN(Scenario_Data!AO2:AO242)) -> 4699.0668 | H119: =2*G119 -> 9398.1336 | I119: 25-1000 km range
A120: Scenario note | B120: Paper numbers are converted into this workbook's simplified parabola so the outcomes can be compared. The paper states altitude ranges and groundtrack requirements, not an exact parabolic spacecraft trajectory.
A122: Quick Graph Guide
A123: Graph | B123: What it is trying to show | F123: How to read the baseline
A124: Apparent depth | B124: Motion and topography change the apparent radar depth relative to the nadir reference. | F124: Grey zero line is a reference, not a plotted terrain/run result.
A125: Surface height | B125: Shows the generated topography used as the reference floor, plus the off-nadir target and nadir terrain heights. The satellite path is curved/parabolic, not flat. | F125: Grey floor now follows the generated topography instead of 0 m; colored lines show target and nadir terrain.
A126: Doppler | B126: Range-rate-driven VHF/HF Doppler, with flat geometry compared against topography-adjusted geometry. | F126: Crossing 0 Hz means the radial motion changes sign near closest approach.
A127: Motion-only / scenarios | B127: The motion-only chart is a radar reading from flat ground. It is not ground height; the curve comes from satellite path and slant-range geometry. | F127: Scenario baselines are grey reference floors; they are intentionally not orange model lines.
A128: Detailed notes | B128: See the Graph_Guide tab for every chart, source range, formula basis, and audit status. | F128: Checks!B4:B23 remains the formula-health checklist.

Sheet Subsurface_Dashboard
A1: Europa Ice Subsurface Interface
A2: Live subsurface outputs from Subsurface_Inputs. The model is synthetic: it helps test what radar might see below icy topography, but it does not prove real Europa layers by itself.
A4: Key Subsurface Results | F4: Realism / Proof Strength
A5: Output | B5: Value | C5: Unit | D5: What it means | F5: Score | G5: Value | H5: Meaning | I5: Improve by
A6: Average bottom depth | B6: =AVERAGE(Subsurface_Live_Data!K2:K242) -> 15077.385 | C6: m | D6: Mean proposed ice-ocean boundary depth. | F6: Concept realism | G6: 0.7 | H6: Good for showing layered-ice radar behavior. | I6: Compare more scenarios.
A7: Boundary uncertainty band | B7: =Subsurface_Inputs!$C$44 -> 1500 | C7: m | D7: Plus/minus range around bottom reflector. | F7: Europa prediction realism | G7: =MIN(0.75,0.25+Subsurface_Materials_Evidence!D14/100*0.45) -> 0.4615 | H7: Plausible, but synthetic and not measured. | I7: Use published constraints or real mission data.
A8: Best ocean echo margin | B8: =MAX(Subsurface_Live_Data!Y2:Y242) -> 11.938394 | C8: dB | D8: How far deep reflector rises above/below threshold. | F8: Proof strength | G8: =MIN(0.6,0.15+Subsurface_Materials_Evidence!D14/100*0.35) -> 0.3145 | H8: Supports a hypothesis; does not prove a real layer. | I8: Validate with radar, thermal, composition, and magnetic/plasma data.
A9: Best lens echo margin | B9: =MAX(Subsurface_Live_Data!X2:X242) -> 21.49132 | C9: dB | D9: How far internal lens return rises above/below threshold.
A10: Likely visible ocean samples | B10: =COUNTIF(Subsurface_Live_Data!V2:V242,"Likely visible") -> 241 | C10: count | D10: Pass samples clearing the detection threshold.
A11: Total evidence support | B11: =Subsurface_Materials_Evidence!D14 -> 47 | C11: % | D11: Radar + thermal + composition + magnetic/plasma support.
A13: Subsurface Graph Guide
A14: Graph | B14: What it shows | C14: How to read it | F14: Graph | G14: What it shows | H14: How to read it
A15: Icy layers | B15: Top surface, internal ice, lens, and possible ocean boundary. | C15: Lower lines are deeper. | F15: Scenarios | G15: Thin / medium / thick ice shell cases. | H15: Different assumptions change boundary depth.
A16: Uncertainty | B16: Mean bottom boundary with lower/upper bounds. | C16: Band width comes from Subsurface_Inputs. | F16: Control | G16: Ocean model compared with no-ocean control. | H16: Positive margin clears threshold.
A17: Radargram timing | B17: Return delay with surface clutter and jitter. | C17: Later delay means deeper reflector. | F17: Detectability | G17: Lens/ocean echo margin above threshold. | H17: Above 0 dB is easier to detect.
A18: Materials | B18: Reflector strength by material/interface. | C18: Less negative is stronger. | F18: Evidence | G18: Radar, thermal, composition, magnetic/plasma support. | H18: Higher percent means stronger support.

Sheet Inputs
A1: Parabolic Motion Radar Model - Editable Inputs
A2: Change the yellow cells in column C for the custom model. Use the TRUE/FALSE scenario toggles at the right to overlay paper-derived pass cases on the Dashboard charts.
A4: Parameter | B4: Symbol | C4: Value | D4: Unit | E4: Notes | F4: Paper-Derived Pass Scenario Overlays
A5: Closest altitude | B5: z0 | C5: 400 | D5: km | E5: Altitude at closest approach. Change this to test other flyby heights. | F5: Show | G5: Scenario | H5: z0 | I5: x_min | J5: x_max | K5: x_edge | L5: Delta_z_edge | M5: Edge altitude | N5: Paper basis / meaning
A6: Side/cross-track offset | B6: y | C6: 25 | D6: km | E6: Horizontal offset of the modeled target from nadir. | F6: TRUE | G6: Current custom inputs | H6: =C5 -> 400 | I6: =C7 -> -60 | J6: =C8 -> 60 | K6: =C10 -> 60 | L6: =C9 -> 4 | M6: =C5+C9 -> 404 | N6: Your editable custom case from the left table. It remains the main model used by the topography dashboard.
A7: Along-track minimum | B7: x_min | C7: -60 | D7: km | E7: Left/start side of the modeled pass. | F7: TRUE | G7: Paper low-altitude 800-km pass | H7: 35 | I7: -400 | J7: 400 | K7: 400 | L7: 365 | M7: 400 | N7: Paper coverage requirement: groundtrack segments at least 800 km long below 400 km for most REASON datasets. This model makes that a parabola.
A8: Along-track maximum | B8: x_max | C8: 60 | D8: km | E8: Right/end side of the modeled pass. | F8: TRUE | G8: Paper ice-ocean 1600-km pass | H8: 35 | I8: -800 | J8: 800 | K8: 800 | L8: 965 | M8: 1000 | N8: Paper ice-ocean interface requirement: at least 1600 km below 1000 km. This model makes that a parabola.
A9: Altitude rise at edge | B9: Delta_z_edge | C9: 4 | D9: km | E9: How much altitude rises at +/- x_edge. | F9: TRUE | G9: Paper operating 25-to-1000-km pass | H9: 25 | I9: -800 | J9: 800 | K9: 800 | L9: 975 | M9: 1000 | N9: Paper instrument table lists operational altitudes of 25 km to 1000 km. This shows the lower-bound closest-approach case.
A10: Parabola edge location | B10: x_edge | C10: 60 | D10: km | E10: Controls curvature together with Delta_z_edge.
A11: Along-track speed | B11: v | C11: 4 | D11: km/s | E11: Used for range rate, Doppler, and pulse spacing. | F11: Scenario note | G11: The paper gives altitude ranges and required groundtrack lengths, not exact parabolic equations. These rows convert those paper values into the same simplified parabola equation so outcomes can be compared on one dashboard.
A12: Ice refractive index | B12: n | C12: 1.78 | E12: Used to convert extra slant path into apparent depth.
A13: VHF wavelength | B13: lambda_vhf | C13: 5 | D13: m | E13: REASON-like VHF wavelength.
A14: HF wavelength | B14: lambda_hf | C14: 33.3 | D14: m | E14: REASON-like HF wavelength.
A15: Interferometer baseline | B15: b | C15: 5 | D15: m | E15: Used for VHF phase estimate.
A16: VHF range resolution | B16: res_vhf | C16: 30 | D16: m | E16: Used for VHF apparent-depth uncertainty band.
A17: HF range resolution | B17: res_hf | C17: 300 | D17: m | E17: Used for HF apparent-depth uncertainty band.
A18: PRF choice 1 | B18: PRF_1 | C18: 50 | D18: Hz | E18: Example low PRF.
A19: PRF choice 2 | B19: PRF_2 | C19: 500 | D19: Hz | E19: Example medium PRF.
A20: PRF choice 3 | B20: PRF_3 | C20: 3000 | D20: Hz | E20: Example high PRF.
A21: Speed of light | B21: c | C21: 299792458 | D21: m/s | E21: Physical constant used for delay and timing.
A23: Model note | B23: The parabola is a simplified local path, not a real mission trajectory. Use it to see how geometry changes radar outputs.
A25: Representative Europa Topography Controls
A26: Parameter | B26: Symbol | C26: Value | D26: Unit | E26: Notes
A27: Topography enabled | B27: topography_on | C27: TRUE | E27: Dropdown-style toggle. TRUE adds terrain height to the radar geometry; FALSE returns to flat surface.
A28: Ridge height | B28: A_ridge | C28: 350 | D28: m | E28: Positive height for a representative double-ridge / raised band.
A29: Ridge center x | B29: ridge_x0 | C29: 0 | D29: km | E29: Along-track center of the ridge.
A30: Ridge center y | B30: ridge_y0 | C30: 25 | D30: km | E30: Cross-track center of the ridge.
A31: Ridge length sigma | B31: ridge_sigma_x | C31: 24 | D31: km | E31: Long direction of the ridge feature.
A32: Ridge width sigma | B32: ridge_sigma_y | C32: 3.5 | D32: km | E32: Narrow cross-track width of the ridge.
A33: Crater/depression depth | B33: D_crater | C33: 180 | D33: m | E33: Positive number becomes a negative depression in the surface model.
A34: Crater center x | B34: crater_x0 | C34: -18 | D34: km | E34: Along-track center of depression.
A35: Crater center y | B35: crater_y0 | C35: 8 | D35: km | E35: Cross-track center of depression.
A36: Crater width sigma | B36: crater_sigma | C36: 8 | D36: km | E36: Controls how broad the depression is.
A37: Chaos amplitude | B37: A_chaos | C37: 65 | D37: m | E37: Mixed sinusoidal terrain term for irregular chaos-like height variation.
A38: Fine roughness amplitude | B38: A_rough | C38: 35 | D38: m | E38: Smaller surface roughness term.
A39: Roughness wavelength x | B39: Lx | C39: 18 | D39: km | E39: Along-track roughness wavelength.
... A46: Terrain vertical uncertainty | B46: sigma_h | C46: 75 | D46: m | E46: Representative uncertainty band for the topographic height model.
A47: Terrain seed | B47: terrain_seed | C47: 7 | E47: Change this number to generate a different repeatable random-looking surface. Same seed gives the same graphs.
A48: Seeded random amplitude | B48: A_seeded | C48: 45 | D48: m | E48: Strength of the generated terrain added on top of the DEM-style surface.
A49: Seeded random scale x | B49: L_seed_x | C49: 12 | D49: km | E49: Along-track scale for seeded terrain waves.
A50: Seeded random scale y | B50: L_seed_y | C50: 9 | D50: km | E50: Cross-track scale for seeded terrain waves.
A51: Existing DEM-style scale | B51: S_dem | C51: 1 | E51: Multiplier for the project synthetic DEM pattern from reason_common.py.
A52: Europa radius | B52: R_e | C52: 1560.8 | D52: km | E52: Europa mean radius used for spherical slant-range geometry.
A54: Topography note | B54: This is a detailed representative terrain model, not a real imported Europa DEM. It now combines the local project synthetic DEM shape with a seed-controlled random terrain term so you can test multiple possible surfaces.

Sheet Subsurface_Inputs
A1: Europa Ice Subsurface Editable Inputs
A2: Change the yellow values in column C. Subsurface_Live_Data and Subsurface_Dashboard update from these formulas. | E2: All editable values live on this tab. Subsurface_Dashboard is output-only.
A3: Section | B3: Parameter | C3: Value | D3: Unit | E3: Notes
A4: Surface | B4: Use generated icy topography | C4: TRUE | E4: Surface/topography is modeled as icy terrain, not rock.
A5: Shallow ice | B5: Upper ice layer mean depth | C5: 1150 | D5: m | E5: Depth below the local icy surface.
A6: Shallow ice | B6: Upper ice sine amplitude | C6: 160 | D6: m | E6: Smooth undulation in shallow internal ice.
A7: Shallow ice | B7: Upper ice phase shift | C7: 10 | D7: km | E7: Moves the shallow layer pattern left/right.
A8: Shallow ice | B8: Upper ice sine wavelength | C8: 42 | D8: km | E8: Longer number means smoother/larger features.
A9: Shallow ice | B9: Upper ice cosine amplitude | C9: 60 | D9: m | E9: Secondary shallow-layer variation.
A10: Shallow ice | B10: Upper ice cosine wavelength | C10: 23 | D10: km | E10: Secondary shallow-layer spacing.
A11: Shallow ice | B11: Surface coupling factor | C11: 0.04 | E11: How much surface relief carries into shallow ice.
A13: Warm/briny lens | B13: Lens A strength | C13: 0.95 | D13: 0-1 | E13: Local possible warm/briny contrast, not proven.
A14: Warm/briny lens | B14: Lens A center | C14: -24 | D14: km | E14: Along-track center of first possible lens.
A15: Warm/briny lens | B15: Lens A width | C15: 10 | D15: km | E15: Controls how broad lens A is.
A16: Warm/briny lens | B16: Lens B strength | C16: 0.7 | D16: 0-1 | E16: Second possible lens.
A17: Warm/briny lens | B17: Lens B center | C17: 30 | D17: km | E17: Along-track center of second possible lens.
A18: Warm/briny lens | B18: Lens B width | C18: 8 | D18: km | E18: Controls how broad lens B is.
A19: Warm/briny lens | B19: Lens mean depth | C19: 5100 | D19: m | E19: Depth below local surface.
A20: Warm/briny lens | B20: Lens depth wave amplitude | C20: 520 | D20: m | E20: Broad depth variation.
A21: Warm/briny lens | B21: Lens depth phase shift | C21: 6 | D21: km | E21: Moves lens-depth wave left/right.
A22: Warm/briny lens | B22: Lens depth wavelength | C22: 82 | D22: km | E22: Lens-depth wave spacing.
A23: Warm/briny lens | B23: Lens uplift when strong | C23: 240 | D23: m | E23: Strong lens sits slightly shallower.
A25: Ice-ocean boundary | B25: Nominal ice shell thickness | C25: 15000 | D25: m | E25: Possible bottom reflector depth.
... A31: Ice-ocean boundary | B31: Ocean boundary cosine wavelength | C31: 62 | D31: km | E31: Secondary basal spacing.
A32: Ice-ocean boundary | B32: Surface anti-coupling factor | C32: 0.14 | E32: Surface highs slightly reduce thickness.
A34: Radar | B34: Ice refractive index | C34: =Inputs!$C$12 -> 1.78 | E34: Uses workbook ice index by default.
A35: Radar | B35: Speed of light | C35: 299792458 | D35: m/s | E35: Used for two-way delay.
A36: Radar | B36: One-way ice attenuation | C36: 0.9 | D36: dB/km | E36: Simple signal loss through ice.
A37: Radar | B37: Shallow layer base echo | C37: -10 | D37: dB | E37: Relative reflector strength before attenuation.
A38: Radar | B38: Lens base echo | C38: -24 | D38: dB | E38: Relative lens strength before lens multiplier and attenuation.
A39: Radar | B39: Lens strength echo bonus | C39: 9 | D39: dB | E39: A stronger lens creates a stronger reflector.
A40: Radar | B40: Ocean boundary base echo | C40: -6 | D40: dB | E40: Large material contrast from ice to possible ocean.
A41: Radar | B41: Basal roughness penalty | C41: 0.004 | D41: dB/m | E41: Rougher boundary weakens coherent echo.
A42: Radar | B42: Lens display threshold | C42: 0.18 | D42: 0-1 | E42: Below this, lens is treated as too weak for chart focus.
A43: Radar | B43: Detection threshold | C43: -45 | D43: dB | E43: Simple threshold for treating a return as easier to see.
A44: Uncertainty | B44: Boundary uncertainty band | C44: 1500 | D44: m | E44: Plus/minus range around the possible ice-ocean boundary.
A45: Scenario | B45: Thin shell multiplier | C45: 0.55 | E45: Creates a thinner-shell scenario from the live depth.
A46: Scenario | B46: Thick shell multiplier | C46: 1.75 | E46: Creates a thicker-shell scenario from the live depth.
A47: Scenario | B47: No-ocean control echo | C47: -60 | D47: dB | E47: Weak baseline return for a no-bottom-reflector control case.
A48: Evidence | B48: Radar support score | C48: 55 | D48: % | E48: How strongly radar outputs support the proposed subsurface.
A49: Evidence | B49: Thermal support score | C49: 35 | D49: % | E49: Proxy for E-THEMIS-style warm-region support.
A50: Evidence | B50: Composition support score | C50: 40 | D50: % | E50: Proxy for MISE-style salts/ice/organic context.
A51: Evidence | B51: Magnetic/plasma support score | C51: 50 | D51: % | E51: Proxy for ECM/PIMS-style ocean support.
A52: Evidence | B52: Radar evidence weight | C52: 40 | D52: % | E52: Radar should carry the most weight here.
A53: Evidence | B53: Thermal evidence weight | C53: 20 | D53: % | E53: Thermal evidence is supporting context.
A54: Evidence | B54: Composition evidence weight | C54: 20 | D54: % | E54: Surface composition is supporting context.
A55: Evidence | B55: Magnetic/plasma evidence weight | C55: 20 | D55: % | E55: Interior/ocean support from non-radar instruments.
A56: Radargram | B56: Radargram timing jitter | C56: 1.5 | D56: us | E56: Adds deterministic timing wiggle to radargram-style chart.
A57: Radargram | B57: Surface clutter band | C57: 12 | D57: us | E57: Approximate near-surface clutter window.

Sheet Model_Data
A1: x_km | B1: z_km | C1: R_nadir_km | D1: R_off_km | E1: Delta_R_m | F1: apparent_depth_m | G1: extra_delay_us | H1: horizontal_offset_km | I1: look_angle_deg | J1: vhf_phase_deg | K1: relative_power | L1: power_dB | M1: dz_dx | N1: dz_dt_km_s | O1: range_rate_m_s | P1: vhf_doppler_hz | Q1: hf_doppler_hz | R1: vhf_band_low_m | S1: vhf_band_high_m | T1: hf_band_low_m | U1: hf_band_high_m | V1: abs_vhf_doppler_hz | W1: abs_hf_doppler_hz | X1: h_nadir_m | Y1: h_target_m | Z1: R_nadir_topo_km | AA1: R_off_topo_km | AB1: Delta_R_topo_m | AC1: apparent_depth_topo_m | AD1: extra_delay_topo_us | AE1: look_angle_topo_deg | AF1: vhf_phase_topo_deg | AG1: relative_power_topo | AH1: power_dB_topo | AI1: depth_change_topo_minus_flat_m | AJ1: delay_change_topo_minus_flat_us | AK1: target_minus_nadir_height_m | AL1: range_rate_topo_m_s | AM1: vhf_doppler_topo_hz | AN1: hf_doppler_topo_hz | AO1: abs_vhf_doppler_topo_hz | AP1: abs_hf_doppler_topo_hz | AQ1: topo_depth_uncertainty_m | AR1: topo_depth_low_m | AS1: topo_depth_high_m
A2: =Inputs!$C$7+0*(Inputs!$C$8-Inputs!$C$7)/240 -> -60 | B2: =Inputs!$C$5+Inputs!$C$9*(A2/Inputs!$C$10)^2 -> 404 | C2: =B2 -> 404 | D2: =SQRT((Inputs!$C$52+B2)^2+Inputs!$C$52^2-2*(Inputs!$C$52+B2)*Inputs!$C$52*COS(SQRT(A2^2+Inputs!$C$6^2)/Inputs!$C$52)) -> 410.52873 | E2: =(D2-C2)*1000 -> 6528.7288 | F2: =E2/Inputs!$C$12 -> 3667.8252 | G2: =2*E2/Inputs!$C$21*1000000 -> 43.554991 | H2: =SQRT(A2^2+Inputs!$C$6^2) -> 65 | I2: =DEGREES(ATAN(H2/B2)) -> 9.1400512 | J2: =DEGREES((2*PI()/Inputs!$C$13)*Inputs!$C$15*SIN(RADIANS(I2))) -> 57.185372 | K2: =(C2/D2)^4 -> 0.93788857 | L2: =10*LOG10(K2) -> -0.27848758 | M2: =2*(Inputs!$C$9/(Inputs!$C$10^2))*A2 -> -0.13333333 | N2: =M2*Inputs!$C$11 -> -0.53333333 | O2: =1000*(D3-D2)/(A3-A2)*Inputs!$C$11 -> -1257.2456 | P2: =-2*O2/Inputs!$C$13 -> 502.89823 | Q2: =-2*O2/Inputs!$C$14 -> 75.510245 | R2: =F2-Inputs!$C$16/2 -> 3652.8252 | S2: =F2+Inputs!$C$16/2 -> 3682.8252 | T2: =F2-Inputs!$C$17/2 -> 3517.8252 | U2: =F2+Inputs!$C$17/2 -> 3817.8252 | V2: =ABS(P2) -> 502.89823 | W2: =ABS(Q2) -> 75.510245 | X2: =IF(OR(Inputs!$C$27=TRUE,Inputs!$C$27="TRUE",Inputs!$C$27=1),1,0)*(Inputs!$C$51*(115*EXP(-(((0)-25)^2)/(4.5^2))+70*EXP(-(((0)+38)^2)/(7^2))*(0.55+0.45*SIN(2*PI()*(A2)/45))+24*SIN(2*PI()*(0)/9+(A2)/18)*EXP(-(((0)+5)^2)/(22^2))+18*SIN(2*PI()*(A2)/70))+Inputs!$C$28*EXP(-(((A2)-Inputs!$C$29)^2)/(2*Inputs!$C$31^2))*EXP(-(((0)-Inputs!$C$30)^2)/(2*Inputs!$C$32^2))+-Inputs!$C$33*EXP(-(((((A2)-Inputs!$C$34)^2)+(((0)-Inputs!$C$35)^2))/(2*Inputs!$C$36^2)))+Inputs!$C$37*(0.55*SIN(2*PI()*(A2)/Inputs!$C$39)+0.35*COS(2*PI()*(0)/Inputs!$C$40)+0.2*SIN(2*PI()*((A2)+(0))/(0.5*(Inputs!$C$39+Inputs!$C$40))))+Inputs!$C$38*SIN(2*PI()*(A2)/Inputs!$C$39)*SIN(2*PI()*(0)/Inputs!$C$40)+-Inputs!$C$41*EXP(-(((0)-Inputs!$C$43)^2)/(2*Inputs!$C$44^2))*EXP(-(((A2)-Inputs!$C$42)^2)/(2*Inputs!$C$45^2))+Inputs!$C$48*(0.7*(0.45*SIN(2*PI()*(((A2)/Inputs!$C$49)+Inputs!$C$47*0.137))+0.35*COS(2*PI()*(((0)/Inputs!$C$50)+Inputs!$C$47*0.173))+0.2*SIN(2*PI()*(((A2)+(0))/(0.5*(Inputs!$C$49+Inputs!$C$50))+Inputs!$C$47*0.097)))+0.3*(2*((SIN(((A2)*12.9898+(0)*78.233+Inputs!$C$47*37.719))*43758.5453)-INT((SIN(((A2)*12.9898+(0)*78.233+Inputs!$C$47*37.719))*43758.5453)))-1))) -> 2.764279 | Y2: =IF(OR(Inputs!$C$27=TRUE,Inputs!$C$27="TRUE",Inputs!$C$27=1),1,0)*(Inputs!$C$51*(115*EXP(-(((Inputs!$C$6)-25)^2)/(4.5^2))+70*EXP(-(((Inputs!$C$6)+38)^2)/(7^2))*(0.55+0.45*SIN(2*PI()*(A2)/45))+24*SIN(2*PI()*(Inputs!$C$6)/9+(A2)/18)*EXP(-(((Inputs!$C$6)+5)^2)/(22^2))+18*SIN(2*PI()*(A2)/70))+Inputs!$C$28*EXP(-(((A2)-Inputs!$C$29)^2)/(2*Inputs!$C$31^2))*EXP(-(((Inputs!$C$6)-Inputs!$C$30)^2)/(2*Inputs!$C$32^2))+-Inputs!$C$33*EXP(-(((((A2)-Inputs!$C$34)^2)+(((Inputs!$C$6)-Inputs!$C$35)^2))/(2*Inputs!$C$36^2)))+Inputs!$C$37*(0.55*SIN(2*PI()*(A2)/Inputs!$C$39)+0.35*COS(2*PI()*(Inputs!$C$6)/Inputs!$C$40)+0.2*SIN(2*PI()*((A2)+(Inputs!$C$6))/(0.5*(Inputs!$C$39+Inputs!$C$40))))+Inputs!$C$38*SIN(2*PI()*(A2)/Inputs!$C$39)*SIN(2*PI()*(Inputs!$C$6)/Inputs!$C$40)+-Inputs!$C$41*EXP(-(((Inputs!$C$6)-Inputs!$C$43)^2)/(2*Inputs!$C$44^2))*EXP(-(((A2)-Inputs!$C$42)^2)/(2*Inputs!$C$45^2))+Inputs!$C$48*(0.7*(0.45*SIN(2*PI()*(((A2)/Inputs!$C$49)+Inputs!$C$47*0.137))+0.35*COS(2*PI()*(((Inputs!$C$6)/Inputs!$C$50)+Inputs!$C$47*0.173))+0.2*SIN(2*PI()*(((A2)+(Inputs!$C$6))/(0.5*(Inputs!$C$49+Inputs!$C$50))+Inputs!$C$47*0.097)))+0.3*(2*((SIN(((A2)*12.9898+(Inputs!$C$6)*78.233+Inputs!$C$47*37.719))*43758.5453)-INT((SIN(((A2)*12.9898+(Inputs!$C$6)*78.233+Inputs!$C$47*37.719))*43758.5453)))-1))) -> 119.42639 | Z2: =B2-X2/1000 -> 403.99724 | AA2: =SQRT((Inputs!$C$52+B2)^2+(Inputs!$C$52+Y2/1000)^2-2*(Inputs!$C$52+B2)*(Inputs!$C$52+Y2/1000)*COS(SQRT(A2^2+Inputs!$C$6^2)/Inputs!$C$52)) -> 410.4117 | AB2: =(AA2-Z2)*1000 -> 6414.4623 | AC2: =AB2/Inputs!$C$12 -> 3603.6305 | AD2: =2*AB2/Inputs!$C$21*1000000 -> 42.792686 | AE2: =DEGREES(ATAN(H2/(B2-Y2/1000))) -> 9.1427083 | AF2: =DEGREES((2*PI()/Inputs!$C$13)*Inputs!$C$15*SIN(RADIANS(AE2))) -> 57.201855 | AG2: =(Z2/AA2)^4 -> 0.9389331 | AH2: =10*LOG10(AG2) -> -0.2736535 | AI2: =AC2-F2 -> -64.194703 | AJ2: =AD2-G2 -> -0.76230451 | AK2: =Y2-X2 -> 116.66211 | AL2: =1000*(AA3-AA2)/(A3-A2)*Inputs!$C$11 -> -1189.0456 | AM2: =-2*AL2/Inputs!$C$13 -> 475.61823 | AN2: =-2*AL2/Inputs!$C$14 -> 71.414149 | AO2: =ABS(AM2) -> 475.61823 | AP2: =ABS(AN2) -> 71.414149 | AQ2: =IF(OR(Inputs!$C$27=TRUE,Inputs!$C$27="TRUE",Inputs!$C$27=1),Inputs!$C$46/Inputs!$C$12,0) -> 42.134831 | AR2: =AC2-AQ2 -> 3561.4957 | AS2: =AC2+AQ2 -> 3645.7653
A3: =Inputs!$C$7+1*(Inputs!$C$8-Inputs!$C$7)/240 -> -59.5 | B3: =Inputs!$C$5+Inputs!$C$9*(A3/Inputs!$C$10)^2 -> 403.93361 | C3: =B3 -> 403.93361 | D3: =SQRT((Inputs!$C$52+B3)^2+Inputs!$C$52^2-2*(Inputs!$C$52+B3)*Inputs!$C$52*COS(SQRT(A3^2+Inputs!$C$6^2)/Inputs!$C$52)) -> 410.37157 | E3: =(D3-C3)*1000 -> 6437.962 | F3: =E3/Inputs!$C$12 -> 3616.8326 | G3: =2*E3/Inputs!$C$21*1000000 -> 42.94946 | H3: =SQRT(A3^2+Inputs!$C$6^2) -> 64.538748 | I3: =DEGREES(ATAN(H3/B3)) -> 9.077742 | J3: =DEGREES((2*PI()/Inputs!$C$13)*Inputs!$C$15*SIN(RADIANS(I3))) -> 56.798809 | K3: =(C3/D3)^4 -> 0.93870881 | L3: =10*LOG10(K3) -> -0.27469108 | M3: =2*(Inputs!$C$9/(Inputs!$C$10^2))*A3 -> -0.13222222 | N3: =M3*Inputs!$C$11 -> -0.52888889 | O3: =1000*(D4-D2)/(A4-A2)*Inputs!$C$11 -> -1252.1575 | P3: =-2*O3/Inputs!$C$13 -> 500.86301 | Q3: =-2*O3/Inputs!$C$14 -> 75.204657 | R3: =F3-Inputs!$C$16/2 -> 3601.8326 | S3: =F3+Inputs!$C$16/2 -> 3631.8326 | T3: =F3-Inputs!$C$17/2 -> 3466.8326 | U3: =F3+Inputs!$C$17/2 -> 3766.8326 | V3: =ABS(P3) -> 500.86301 | W3: =ABS(Q3) -> 75.204657 | X3: =IF(OR(Inputs!$C$27=TRUE,Inputs!$C$27="TRUE",Inputs!$C$27=1),1,0)*(Inputs!$C$51*(115*EXP(-(((0)-25)^2)/(4.5^2))+70*EXP(-(((0)+38)^2)/(7^2))*(0.55+0.45*SIN(2*PI()*(A3)/45))+24*SIN(2*PI()*(0)/9+(A3)/18)*EXP(-(((0)+5)^2)/(22^2))+18*SIN(2*PI()*(A3)/70))+Inputs!$C$28*EXP(-(((A3)-Inputs!$C$29)^2)/(2*Inputs!$C$31^2))*EXP(-(((0)-Inputs!$C$30)^2)/(2*Inputs!$C$32^2))+-Inputs!$C$33*EXP(-(((((A3)-Inputs!$C$34)^2)+(((0)-Inputs!$C$35)^2))/(2*Inputs!$C$36^2)))+Inputs!$C$37*(0.55*SIN(2*PI()*(A3)/Inputs!$C$39)+0.35*COS(2*PI()*(0)/Inputs!$C$40)+0.2*SIN(2*PI()*((A3)+(0))/(0.5*(Inputs!$C$39+Inputs!$C$40))))+Inputs!$C$38*SIN(2*PI()*(A3)/Inputs!$C$39)*SIN(2*PI()*(0)/Inputs!$C$40)+-Inputs!$C$41*EXP(-(((0)-Inputs!$C$43)^2)/(2*Inputs!$C$44^2))*EXP(-(((A3)-Inputs!$C$42)^2)/(2*Inputs!$C$45^2))+Inputs!$C$48*(0.7*(0.45*SIN(2*PI()*(((A3)/Inputs!$C$49)+Inputs!$C$47*0.137))+0.35*COS(2*PI()*(((0)/Inputs!$C$50)+Inputs!$C$47*0.173))+0.2*SIN(2*PI()*(((A3)+(0))/(0.5*(Inputs!$C$49+Inputs!$C$50))+Inputs!$C$47*0.097)))+0.3*(2*((SIN(((A3)*12.9898+(0)*78.233+Inputs!$C$47*37.719))*43758.5453)-INT((SIN(((A3)*12.9898+(0)*78.233+Inputs!$C$47*37.719))*43758.5453)))-1))) -> 19.645117 | Y3: =IF(OR(Inputs!$C$27=TRUE,Inputs!$C$27="TRUE",Inputs!$C$27=1),1,0)*(Inputs!$C$51*(115*EXP(-(((Inputs!$C$6)-25)^2)/(4.5^2))+70*EXP(-(((Inputs!$C$6)+38)^2)/(7^2))*(0.55+0.45*SIN(2*PI()*(A3)/45))+24*SIN(2*PI()*(Inputs!$C$6)/9+(A3)/18)*EXP(-(((Inputs!$C$6)+5)^2)/(22^2))+18*SIN(2*PI()*(A3)/70))+Inputs!$C$28*EXP(-(((A3)-Inputs!$C$29)^2)/(2*Inputs!$C$31^2))*EXP(-(((Inputs!$C$6)-Inputs!$C$30)^2)/(2*Inputs!$C$32^2))+-Inputs!$C$33*EXP(-(((((A3)-Inputs!$C$34)^2)+(((Inputs!$C$6)-Inputs!$C$35)^2))/(2*Inputs!$C$36^2)))+Inputs!$C$37*(0.55*SIN(2*PI()*(A3)/Inputs!$C$39)+0.35*COS(2*PI()*(Inputs!$C$6)/Inputs!$C$40)+0.2*SIN(2*PI()*((A3)+(Inputs!$C$6))/(0.5*(Inputs!$C$39+Inputs!$C$40))))+Inputs!$C$38*SIN(2*PI()*(A3)/Inputs!$C$39)*SIN(2*PI()*(Inputs!$C$6)/Inputs!$C$40)+-Inputs!$C$41*EXP(-(((Inputs!$C$6)-Inputs!$C$43)^2)/(2*Inputs!$C$44^2))*EXP(-(((A3)-Inputs!$C$42)^2)/(2*Inputs!$C$45^2))+Inputs!$C$48*(0.7*(0.45*SIN(2*PI()*(((A3)/Inputs!$C$49)+Inputs!$C$47*0.137))+0.35*COS(2*PI()*(((Inputs!$C$6)/Inputs!$C$50)+Inputs!$C$47*0.173))+0.2*SIN(2*PI()*(((A3)+(Inputs!$C$6))/(0.5*(Inputs!$C$49+Inputs!$C$50))+Inputs!$C$47*0.097)))+0.3*(2*((SIN(((A3)*12.9898+(Inputs!$C$6)*78.233+Inputs!$C$47*37.719))*43758.5453)-INT((SIN(((A3)*12.9898+(Inputs!$C$6)*78.233+Inputs!$C$47*37.719))*43758.5453)))-1))) -> 110.69606 | Z3: =B3-X3/1000 -> 403.91397 | AA3: =SQRT((Inputs!$C$52+B3)^2+(Inputs!$C$52+Y3/1000)^2-2*(Inputs!$C$52+B3)*(Inputs!$C$52+Y3/1000)*COS(SQRT(A3^2+Inputs!$C$6^2)/Inputs!$C$52)) -> 410.26307 | AB3: =(AA3-Z3)*1000 -> 6349.1013 | AC3: =AB3/Inputs!$C$12 -> 3566.9108 | AD3: =2*AB3/Inputs!$C$21*1000000 -> 42.356645 | AE3: =DEGREES(ATAN(H3/(B3-Y3/1000))) -> 9.080189 | AF3: =DEGREES((2*PI()/Inputs!$C$13)*Inputs!$C$15*SIN(RADIANS(AE3))) -> 56.813991 | AG3: =(Z3/AA3)^4 -> 0.93951948 | AH3: =10*LOG10(AG3) -> -0.27094211 | AI3: =AC3-F3 -> -49.92176 | AJ3: =AD3-G3 -> -0.592815 | AK3: =Y3-X3 -> 91.050948 | AL3: =1000*(AA4-AA2)/(A4-A2)*Inputs!$C$11 -> -1227.1825 | AM3: =-2*AL3/Inputs!$C$13 -> 490.873 | AN3: =-2*AL3/Inputs!$C$14 -> 73.704655 | AO3: =ABS(AM3) -> 490.873 | AP3: =ABS(AN3) -> 73.704655 | AQ3: =IF(OR(Inputs!$C$27=TRUE,Inputs!$C$27="TRUE",Inputs!$C$27=1),Inputs!$C$46/Inputs!$C$12,0) -> 42.134831 | AR3: =AC3-AQ3 -> 3524.776 | AS3: =AC3+AQ3 -> 3609.0457
A4: =Inputs!$C$7+2*(Inputs!$C$8-Inputs!$C$7)/240 -> -59 | B4: =Inputs!$C$5+Inputs!$C$9*(A4/Inputs!$C$10)^2 -> 403.86778 | C4: =B4 -> 403.86778 | D4: =SQRT((Inputs!$C$52+B4)^2+Inputs!$C$52^2-2*(Inputs!$C$52+B4)*Inputs!$C$52*COS(SQRT(A4^2+Inputs!$C$6^2)/Inputs!$C$52)) -> 410.21569 | E4: =(D4-C4)*1000 -> 6347.9117 | F4: =E4/Inputs!$C$12 -> 3566.2425 | G4: =2*E4/Inputs!$C$21*1000000 -> 42.348708 | H4: =SQRT(A4^2+Inputs!$C$6^2) -> 64.078077 | I4: =DEGREES(ATAN(H4/B4)) -> 9.0154589 | J4: =DEGREES((2*PI()/Inputs!$C$13)*Inputs!$C$15*SIN(RADIANS(I4))) -> 56.412341 | K4: =(C4/D4)^4 -> 0.93952373 | L4: =10*LOG10(K4) -> -0.27092248 | M4: =2*(Inputs!$C$9/(Inputs!$C$10^2))*A4 -> -0.13111111 | N4: =M4*Inputs!$C$11 -> -0.52444444 | O4: =1000*(D5-D3)/(A5-A3)*Inputs!$C$11 -> -1241.9773 | P4: =-2*O4/Inputs!$C$13 -> 496.79091 | Q4: =-2*O4/Inputs!$C$14 -> 74.59323 | R4: =F4-Inputs!$C$16/2 -> 3551.2425 | S4: =F4+Inputs!$C$16/2 -> 3581.2425 | T4: =F4-Inputs!$C$17/2 -> 3416.2425 | U4: =F4+Inputs!$C$17/2 -> 3716.2425 | V4: =ABS(P4) -> 496.79091 | W4: =ABS(Q4) -> 74.59323 | X4: =IF(OR(Inputs!$C$27=TRUE,Inputs!$C$27="TRUE",Inputs!$C$27=1),1,0)*(Inputs!$C$51*(115*EXP(-(((0)-25)^2)/(4.5^2))+70*EXP(-(((0)+38)^2)/(7^2))*(0.55+0.45*SIN(2*PI()*(A4)/45))+24*SIN(2*PI()*(0)/9+(A4)/18)*EXP(-(((0)+5)^2)/(22^2))+18*SIN(2*PI()*(A4)/70))+Inputs!$C$28*EXP(-(((A4)-Inputs!$C$29)^2)/(2*Inputs!$C$31^2))*EXP(-(((0)-Inputs!$C$30)^2)/(2*Inputs!$C$32^2))+-Inputs!$C$33*EXP(-(((((A4)-Inputs!$C$34)^2)+(((0)-Inputs!$C$35)^2))/(2*Inputs!$C$36^2)))+Inputs!$C$37*(0.55*SIN(2*PI()*(A4)/Inputs!$C$39)+0.35*COS(2*PI()*(0)/Inputs!$C$40)+0.2*SIN(2*PI()*((A4)+(0))/(0.5*(Inputs!$C$39+Inputs!$C$40))))+Inputs!$C$38*SIN(2*PI()*(A4)/Inputs!$C$39)*SIN(2*PI()*(0)/Inputs!$C$40)+-Inputs!$C$41*EXP(-(((0)-Inputs!$C$43)^2)/(2*Inputs!$C$44^2))*EXP(-(((A4)-Inputs!$C$42)^2)/(2*Inputs!$C$45^2))+Inputs!$C$48*(0.7*(0.45*SIN(2*PI()*(((A4)/Inputs!$C$49)+Inputs!$C$47*0.137))+0.35*COS(2*PI()*(((0)/Inputs!$C$50)+Inputs!$C$47*0.173))+0.2*SIN(2*PI()*(((A4)+(0))/(0.5*(Inputs!$C$49+Inputs!$C$50))+Inputs!$C$47*0.097)))+0.3*(2*((SIN(((A4)*12.9898+(0)*78.233+Inputs!$C$47*37.719))*43758.5453)-INT((SIN(((A4)*12.9898+(0)*78.233+Inputs!$C$47*37.719))*43758.5453)))-1))) -> 7.9704484 | Y4: =IF(OR(Inputs!$C$27=TRUE,Inputs!$C$27="TRUE",Inputs!$C$27=1),1,0)*(Inputs!$C$51*(115*EXP(-(((Inputs!$C$6)-25)^2)/(4.5^2))+70*EXP(-(((Inputs!$C$6)+38)^2)/(7^2))*(0.55+0.45*SIN(2*PI()*(A4)/45))+24*SIN(2*PI()*(Inputs!$C$6)/9+(A4)/18)*EXP(-(((Inputs!$C$6)+5)^2)/(22^2))+18*SIN(2*PI()*(A4)/70))+Inputs!$C$28*EXP(-(((A4)-Inputs!$C$29)^2)/(2*Inputs!$C$31^2))*EXP(-(((Inputs!$C$6)-Inputs!$C$30)^2)/(2*Inputs!$C$32^2))+-Inputs!$C$33*EXP(-(((((A4)-Inputs!$C$34)^2)+(((Inputs!$C$6)-Inputs!$C$35)^2))/(2*Inputs!$C$36^2)))+Inputs!$C$37*(0.55*SIN(2*PI()*(A4)/Inputs!$C$39)+0.35*COS(2*PI()*(Inputs!$C$6)/Inputs!$C$40)+0.2*SIN(2*PI()*((A4)+(Inputs!$C$6))/(0.5*(Inputs!$C$39+Inputs!$C$40))))+Inputs!$C$38*SIN(2*PI()*(A4)/Inputs!$C$39)*SIN(2*PI()*(Inputs!$C$6)/Inputs!$C$40)+-Inputs!$C$41*EXP(-(((Inputs!$C$6)-Inputs!$C$43)^2)/(2*Inputs!$C$44^2))*EXP(-(((A4)-Inputs!$C$42)^2)/(2*Inputs!$C$45^2))+Inputs!$C$48*(0.7*(0.45*SIN(2*PI()*(((A4)/Inputs!$C$49)+Inputs!$C$47*0.137))+0.35*COS(2*PI()*(((Inputs!$C$6)/Inputs!$C$50)+Inputs!$C$47*0.173))+0.2*SIN(2*PI()*(((A4)+(Inputs!$C$6))/(0.5*(Inputs!$C$49+Inputs!$C$50))+Inputs!$C$47*0.097)))+0.3*(2*((SIN(((A4)*12.9898+(Inputs!$C$6)*78.233+Inputs!$C$47*37.719))*43758.5453)-INT((SIN(((A4)*12.9898+(Inputs!$C$6)*78.233+Inputs!$C$47*37.719))*43758.5453)))-1))) -> 112.99219 | Z4: =B4-X4/1000 -> 403.85981 | AA4: =SQRT((Inputs!$C$52+B4)^2+(Inputs!$C$52+Y4/1000)^2-2*(Inputs!$C$52+B4)*(Inputs!$C$52+Y4/1000)*COS(SQRT(A4^2+Inputs!$C$6^2)/Inputs!$C$52)) -> 410.1049 | AB4: =(AA4-Z4)*1000 -> 6245.095 | AC4: =AB4/Inputs!$C$12 -> 3508.4804 | AD4: =2*AB4/Inputs!$C$21*1000000 -> 41.662789 | AE4: =DEGREES(ATAN(H4/(B4-Y4/1000))) -> 9.0179405 | AF4: =DEGREES((2*PI()/Inputs!$C$13)*Inputs!$C$15*SIN(RADIANS(AE4))) -> 56.42774 | AG4: =(Z4/AA4)^4 -> 0.94046512 | AH4: =10*LOG10(AG4) -> -0.26657308 | AI4: =AC4-F4 -> -57.76216 | AJ4: =AD4-G4 -> -0.68591882 | AK4: =Y4-X4 -> 105.02175 | AL4: =1000*(AA5-AA3)/(A5-A3)*Inputs!$C$11 -> -1335.1505 | AM4: =-2*AL4/Inputs!$C$13 -> 534.06021 | AN4: =-2*AL4/Inputs!$C$14 -> 80.189221 | AO4: =ABS(AM4) -> 534.06021 | AP4: =ABS(AN4) -> 80.189221 | AQ4: =IF(OR(Inputs!$C$27=TRUE,Inputs!$C$27="TRUE",Inputs!$C$27=1),Inputs!$C$46/Inputs!$C$12,0) -> 42.134831 | AR4: =AC4-AQ4 -> 3466.3455 | AS4: =AC4+AQ4 -> 3550.6152
A5: =Inputs!$C$7+3*(Inputs!$C$8-Inputs!$C$7)/240 -> -58.5 | B5: =Inputs!$C$5+Inputs!$C$9*(A5/Inputs!$C$10)^2 -> 403.8025 | C5: =B5 -> 403.8025 | D5: =SQRT((Inputs!$C$52+B5)^2+Inputs!$C$52^2-2*(Inputs!$C$52+B5)*Inputs!$C$52*COS(SQRT(A5^2+Inputs!$C$6^2)/Inputs!$C$52)) -> 410.06108 | E5: =(D5-C5)*1000 -> 6258.5788 | F5: =E5/Inputs!$C$12 -> 3516.0555 | G5: =2*E5/Inputs!$C$21*1000000 -> 41.752744 | H5: =SQRT(A5^2+Inputs!$C$6^2) -> 63.618001 | I5: =DEGREES(ATAN(H5/B5)) -> 8.9532041 | J5: =DEGREES((2*PI()/Inputs!$C$13)*Inputs!$C$15*SIN(RADIANS(I5))) -> 56.025981 | K5: =(C5/D5)^4 -> 0.9403333 | L5: =10*LOG10(K5) -> -0.26718186 | M5: =2*(Inputs!$C$9/(Inputs!$C$10^2))*A5 -> -0.13 | N5: =M5*Inputs!$C$11 -> -0.52 | O5: =1000*(D6-D4)/(A6-A4)*Inputs!$C$11 -> -1231.7887 | P5: =-2*O5/Inputs!$C$13 -> 492.7155 | Q5: =-2*O5/Inputs!$C$14 -> 73.981306 | R5: =F5-Inputs!$C$16/2 -> 3501.0555 | S5: =F5+Inputs!$C$16/2 -> 3531.0555 | T5: =F5-Inputs!$C$17/2 -> 3366.0555 | U5: =F5+Inputs!$C$17/2 -> 3666.0555 | V5: =ABS(P5) -> 492.7155 | W5: =ABS(Q5) -> 73.981306 | X5: =IF(OR(Inputs!$C$27=TRUE,Inputs!$C$27="TRUE",Inputs!$C$27=1),1,0)*(Inputs!$C$51*(115*EXP(-(((0)-25)^2)/(4.5^2))+70*EXP(-(((0)+38)^2)/(7^2))*(0.55+0.45*SIN(2*PI()*(A5)/45))+24*SIN(2*PI()*(0)/9+(A5)/18)*EXP(-(((0)+5)^2)/(22^2))+18*SIN(2*PI()*(A5)/70))+Inputs!$C$28*EXP(-(((A5)-Inputs!$C$29)^2)/(2*Inputs!$C$31^2))*EXP(-(((0)-Inputs!$C$30)^2)/(2*Inputs!$C$32^2))+-Inputs!$C$33*EXP(-(((((A5)-Inputs!$C$34)^2)+(((0)-Inputs!$C$35)^2))/(2*Inputs!$C$36^2)))+Inputs!$C$37*(0.55*SIN(2*PI()*(A5)/Inputs!$C$39)+0.35*COS(2*PI()*(0)/Inputs!$C$40)+0.2*SIN(2*PI()*((A5)+(0))/(0.5*(Inputs!$C$39+Inputs!$C$40))))+Inputs!$C$38*SIN(2*PI()*(A5)/Inputs!$C$39)*SIN(2*PI()*(0)/Inputs!$C$40)+-Inputs!$C$41*EXP(-(((0)-Inputs!$C$43)^2)/(2*Inputs!$C$44^2))*EXP(-(((A5)-Inputs!$C$42)^2)/(2*Inputs!$C$45^2))+Inputs!$C$48*(0.7*(0.45*SIN(2*PI()*(((A5)/Inputs!$C$49)+Inputs!$C$47*0.137))+0.35*COS(2*PI()*(((0)/Inputs!$C$50)+Inputs!$C$47*0.173))+0.2*SIN(2*PI()*(((A5)+(0))/(0.5*(Inputs!$C$49+Inputs!$C$50))+Inputs!$C$47*0.097)))+0.3*(2*((SIN(((A5)*12.9898+(0)*78.233+Inputs!$C$47*37.719))*43758.5453)-INT((SIN(((A5)*12.9898+(0)*78.233+Inputs!$C$47*37.719))*43758.5453)))-1))) -> 21.747314 | Y5: =IF(OR(Inputs!$C$27=TRUE,Inputs!$C$27="TRUE",Inputs!$C$27=1),1,0)*(Inputs!$C$51*(115*EXP(-(((Inputs!$C$6)-25)^2)/(4.5^2))+70*EXP(-(((Inputs!$C$6)+38)^2)/(7^2))*(0.55+0.45*SIN(2*PI()*(A5)/45))+24*SIN(2*PI()*(Inputs!$C$6)/9+(A5)/18)*EXP(-(((Inputs!$C$6)+5)^2)/(22^2))+18*SIN(2*PI()*(A5)/70))+Inputs!$C$28*EXP(-(((A5)-Inputs!$C$29)^2)/(2*Inputs!$C$31^2))*EXP(-(((Inputs!$C$6)-Inputs!$C$30)^2)/(2*Inputs!$C$32^2))+-Inputs!$C$33*EXP(-(((((A5)-Inputs!$C$34)^2)+(((Inputs!$C$6)-Inputs!$C$35)^2))/(2*Inputs!$C$36^2)))+Inputs!$C$37*(0.55*SIN(2*PI()*(A5)/Inputs!$C$39)+0.35*COS(2*PI()*(Inputs!$C$6)/Inputs!$C$40)+0.2*SIN(2*PI()*((A5)+(Inputs!$C$6))/(0.5*(Inputs!$C$39+Inputs!$C$40))))+Inputs!$C$38*SIN(2*PI()*(A5)/Inputs!$C$39)*SIN(2*PI()*(Inputs!$C$6)/Inputs!$C$40)+-Inputs!$C$41*EXP(-(((Inputs!$C$6)-Inputs!$C$43)^2)/(2*Inputs!$C$44^2))*EXP(-(((A5)-Inputs!$C$42)^2)/(2*Inputs!$C$45^2))+Inputs!$C$48*(0.7*(0.45*SIN(2*PI()*(((A5)/Inputs!$C$49)+Inputs!$C$47*0.137))+0.35*COS(2*PI()*(((Inputs!$C$6)/Inputs!$C$50)+Inputs!$C$47*0.173))+0.2*SIN(2*PI()*(((A5)+(Inputs!$C$6))/(0.5*(Inputs!$C$49+Inputs!$C$50))+Inputs!$C$47*0.097)))+0.3*(2*((SIN(((A5)*12.9898+(Inputs!$C$6)*78.233+Inputs!$C$47*37.719))*43758.5453)-INT((SIN(((A5)*12.9898+(Inputs!$C$6)*78.233+Inputs!$C$47*37.719))*43758.5453)))-1))) -> 134.38583 | Z5: =B5-X5/1000 -> 403.78075 | AA5: =SQRT((Inputs!$C$52+B5)^2+(Inputs!$C$52+Y5/1000)^2-2*(Inputs!$C$52+B5)*(Inputs!$C$52+Y5/1000)*COS(SQRT(A5^2+Inputs!$C$6^2)/Inputs!$C$52)) -> 409.92928 | AB5: =(AA5-Z5)*1000 -> 6148.527 | AC5: =AB5/Inputs!$C$12 -> 3454.2286 | AD5: =2*AB5/Inputs!$C$21*1000000 -> 41.018557 | AE5: =DEGREES(ATAN(H5/(B5-Y5/1000))) -> 8.9561364 | AF5: =DEGREES((2*PI()/Inputs!$C$13)*Inputs!$C$15*SIN(RADIANS(AE5))) -> 56.044181 | AG5: =(Z5/AA5)^4 -> 0.94134039 | AH5: =10*LOG10(AG5) -> -0.26253305 | AI5: =AC5-F5 -> -61.826883 | AJ5: =AD5-G5 -> -0.73418693 | AK5: =Y5-X5 -> 112.63852 | AL5: =1000*(AA6-AA4)/(A6-A4)*Inputs!$C$11 -> -1259.8024 | AM5: =-2*AL5/Inputs!$C$13 -> 503.92095 | AN5: =-2*AL5/Inputs!$C$14 -> 75.663806 | AO5: =ABS(AM5) -> 503.92095 | AP5: =ABS(AN5) -> 75.663806 | AQ5: =IF(OR(Inputs!$C$27=TRUE,Inputs!$C$27="TRUE",Inputs!$C$27=1),Inputs!$C$46/Inputs!$C$12,0) -> 42.134831 | AR5: =AC5-AQ5 -> 3412.0938 | AS5: =AC5+AQ5 -> 3496.3635
A6: =Inputs!$C$7+4*(Inputs!$C$8-Inputs!$C$7)/240 -> -58 | B6: =Inputs!$C$5+Inputs!$C$9*(A6/Inputs!$C$10)^2 -> 403.73778 | C6: =B6 -> 403.73778 | D6: =SQRT((Inputs!$C$52+B6)^2+Inputs!$C$52^2-2*(Inputs!$C$52+B6)*Inputs!$C$52*COS(SQRT(A6^2+Inputs!$C$6^2)/Inputs!$C$52)) -> 409.90774 | E6: =(D6-C6)*1000 -> 6169.9645 | F6: =E6/Inputs!$C$12 -> 3466.2722 | G6: =2*E6/Inputs!$C$21*1000000 -> 41.161572 | H6: =SQRT(A6^2+Inputs!$C$6^2) -> 63.158531 | I6: =DEGREES(ATAN(H6/B6)) -> 8.8909798 | J6: =DEGREES((2*PI()/Inputs!$C$13)*Inputs!$C$15*SIN(RADIANS(I6))) -> 55.639745 | K6: =(C6/D6)^4 -> 0.94113748 | L6: =10*LOG10(K6) -> -0.26346932 | M6: =2*(Inputs!$C$9/(Inputs!$C$10^2))*A6 -> -0.12888889 | N6: =M6*Inputs!$C$11 -> -0.51555556 | O6: =1000*(D7-D5)/(A7-A5)*Inputs!$C$11 -> -1221.592 | P6: =-2*O6/Inputs!$C$13 -> 488.63679 | Q6: =-2*O6/Inputs!$C$14 -> 73.368888 | R6: =F6-Inputs!$C$16/2 -> 3451.2722 | S6: =F6+Inputs!$C$16/2 -> 3481.2722 | T6: =F6-Inputs!$C$17/2 -> 3316.2722 | U6: =F6+Inputs!$C$17/2 -> 3616.2722 | V6: =ABS(P6) -> 488.63679 | W6: =ABS(Q6) -> 73.368888 | X6: =IF(OR(Inputs!$C$27=TRUE,Inputs!$C$27="TRUE",Inputs!$C$27=1),1,0)*(Inputs!$C$51*(115*EXP(-(((0)-25)^2)/(4.5^2))+70*EXP(-(((0)+38)^2)/(7^2))*(0.55+0.45*SIN(2*PI()*(A6)/45))+24*SIN(2*PI()*(0)/9+(A6)/18)*EXP(-(((0)+5)^2)/(22^2))+18*SIN(2*PI()*(A6)/70))+Inputs!$C$28*EXP(-(((A6)-Inputs!$C$29)^2)/(2*Inputs!$C$31^2))*EXP(-(((0)-Inputs!$C$30)^2)/(2*Inputs!$C$32^2))+-Inputs!$C$33*EXP(-(((((A6)-Inputs!$C$34)^2)+(((0)-Inputs!$C$35)^2))/(2*Inputs!$C$36^2)))+Inputs!$C$37*(0.55*SIN(2*PI()*(A6)/Inputs!$C$39)+0.35*COS(2*PI()*(0)/Inputs!$C$40)+0.2*SIN(2*PI()*((A6)+(0))/(0.5*(Inputs!$C$39+Inputs!$C$40))))+Inputs!$C$38*SIN(2*PI()*(A6)/Inputs!$C$39)*SIN(2*PI()*(0)/Inputs!$C$40)+-Inputs!$C$41*EXP(-(((0)-Inputs!$C$43)^2)/(2*Inputs!$C$44^2))*EXP(-(((A6)-Inputs!$C$42)^2)/(2*Inputs!$C$45^2))+Inputs!$C$48*(0.7*(0.45*SIN(2*PI()*(((A6)/Inputs!$C$49)+Inputs!$C$47*0.137))+0.35*COS(2*PI()*(((0)/Inputs!$C$50)+Inputs!$C$47*0.173))+0.2*SIN(2*PI()*(((A6)+(0))/(0.5*(Inputs!$C$49+Inputs!$C$50))+Inputs!$C$47*0.097)))+0.3*(2*((SIN(((A6)*12.9898+(0)*78.233+Inputs!$C$47*37.719))*43758.5453)-INT((SIN(((A6)*12.9898+(0)*78.233+Inputs!$C$47*37.719))*43758.5453)))-1))) -> 31.866914 | Y6: =IF(OR(Inputs!$C$27=TRUE,Inputs!$C$27="TRUE",Inputs!$C$27=1),1,0)*(Inputs!$C$51*(115*EXP(-(((Inputs!$C$6)-25)^2)/(4.5^2))+70*EXP(-(((Inputs!$C$6)+38)^2)/(7^2))*(0.55+0.45*SIN(2*PI()*(A6)/45))+24*SIN(2*PI()*(Inputs!$C$6)/9+(A6)/18)*EXP(-(((Inputs!$C$6)+5)^2)/(22^2))+18*SIN(2*PI()*(A6)/70))+Inputs!$C$28*EXP(-(((A6)-Inputs!$C$29)^2)/(2*Inputs!$C$31^2))*EXP(-(((Inputs!$C$6)-Inputs!$C$30)^2)/(2*Inputs!$C$32^2))+-Inputs!$C$33*EXP(-(((((A6)-Inputs!$C$34)^2)+(((Inputs!$C$6)-Inputs!$C$35)^2))/(2*Inputs!$C$36^2)))+Inputs!$C$37*(0.55*SIN(2*PI()*(A6)/Inputs!$C$39)+0.35*COS(2*PI()*(Inputs!$C$6)/Inputs!$C$40)+0.2*SIN(2*PI()*((A6)+(Inputs!$C$6))/(0.5*(Inputs!$C$39+Inputs!$C$40))))+Inputs!$C$38*SIN(2*PI()*(A6)/Inputs!$C$39)*SIN(2*PI()*(Inputs!$C$6)/Inputs!$C$40)+-Inputs!$C$41*EXP(-(((Inputs!$C$6)-Inputs!$C$43)^2)/(2*Inputs!$C$44^2))*EXP(-(((A6)-Inputs!$C$42)^2)/(2*Inputs!$C$45^2))+Inputs!$C$48*(0.7*(0.45*SIN(2*PI()*(((A6)/Inputs!$C$49)+Inputs!$C$47*0.137))+0.35*COS(2*PI()*(((Inputs!$C$6)/Inputs!$C$50)+Inputs!$C$47*0.173))+0.2*SIN(2*PI()*(((A6)+(Inputs!$C$6))/(0.5*(Inputs!$C$49+Inputs!$C$50))+Inputs!$C$47*0.097)))+0.3*(2*((SIN(((A6)*12.9898+(Inputs!$C$6)*78.233+Inputs!$C$47*37.719))*43758.5453)-INT((SIN(((A6)*12.9898+(Inputs!$C$6)*78.233+Inputs!$C$47*37.719))*43758.5453)))-1))) -> 120.06953 | Z6: =B6-X6/1000 -> 403.70591 | AA6: =SQRT((Inputs!$C$52+B6)^2+(Inputs!$C$52+Y6/1000)^2-2*(Inputs!$C$52+B6)*(Inputs!$C$52+Y6/1000)*COS(SQRT(A6^2+Inputs!$C$6^2)/Inputs!$C$52)) -> 409.78995 | AB6: =(AA6-Z6)*1000 -> 6084.0409 | AC6: =AB6/Inputs!$C$12 -> 3418.0005 | AD6: =2*AB6/Inputs!$C$21*1000000 -> 40.588352 | AE6: =DEGREES(ATAN(H6/(B6-Y6/1000))) -> 8.8935825 | AF6: =DEGREES((2*PI()/Inputs!$C$13)*Inputs!$C$15*SIN(RADIANS(AE6))) -> 55.655902 | AG6: =(Z6/AA6)^4 -> 0.94192259 | AH6: =10*LOG10(AG6) -> -0.25984788 | AI6: =AC6-F6 -> -48.271678 | AJ6: =AD6-G6 -> -0.57322046 | AK6: =Y6-X6 -> 88.202616 | AL6: =1000*(AA7-AA5)/(A7-A5)*Inputs!$C$11 -> -1239.6019 | AM6: =-2*AL6/Inputs!$C$13 -> 495.84078 | AN6: =-2*AL6/Inputs!$C$14 -> 74.450567 | AO6: =ABS(AM6) -> 495.84078 | AP6: =ABS(AN6) -> 74.450567 | AQ6: =IF(OR(Inputs!$C$27=TRUE,Inputs!$C$27="TRUE",Inputs!$C$27=1),Inputs!$C$46/Inputs!$C$12,0) -> 42.134831 | AR6: =AC6-AQ6 -> 3375.8657 | AS6: =AC6+AQ6 -> 3460.1353
A7: =Inputs!$C$7+5*(Inputs!$C$8-Inputs!$C$7)/240 -> -57.5 | B7: =Inputs!$C$5+Inputs!$C$9*(A7/Inputs!$C$10)^2 -> 403.67361 | C7: =B7 -> 403.67361 | D7: =SQRT((Inputs!$C$52+B7)^2+Inputs!$C$52^2-2*(Inputs!$C$52+B7)*Inputs!$C$52*COS(SQRT(A7^2+Inputs!$C$6^2)/Inputs!$C$52)) -> 409.75568 | E7: =(D7-C7)*1000 -> 6082.0697 | F7: =E7/Inputs!$C$12 -> 3416.8931 | G7: =2*E7/Inputs!$C$21*1000000 -> 40.575202 | H7: =SQRT(A7^2+Inputs!$C$6^2) -> 62.699681 | I7: =DEGREES(ATAN(H7/B7)) -> 8.8287885 | J7: =DEGREES((2*PI()/Inputs!$C$13)*Inputs!$C$15*SIN(RADIANS(I7))) -> 55.253648 | K7: =(C7/D7)^4 -> 0.94193624 | L7: =10*LOG10(K7) -> -0.25978494 | M7: =2*(Inputs!$C$9/(Inputs!$C$10^2))*A7 -> -0.12777778 | N7: =M7*Inputs!$C$11 -> -0.51111111 | O7: =1000*(D8-D6)/(A8-A6)*Inputs!$C$11 -> -1211.3871 | P7: =-2*O7/Inputs!$C$13 -> 484.55482 | Q7: =-2*O7/Inputs!$C$14 -> 72.755979 | R7: =F7-Inputs!$C$16/2 -> 3401.8931 | S7: =F7+Inputs!$C$16/2 -> 3431.8931 | T7: =F7-Inputs!$C$17/2 -> 3266.8931 | U7: =F7+Inputs!$C$17/2 -> 3566.8931 | V7: =ABS(P7) -> 484.55482 | W7: =ABS(Q7) -> 72.755979 | X7: =IF(OR(Inputs!$C$27=TRUE,Inputs!$C$27="TRUE",Inputs!$C$27=1),1,0)*(Inputs!$C$51*(115*EXP(-(((0)-25)^2)/(4.5^2))+70*EXP(-(((0)+38)^2)/(7^2))*(0.55+0.45*SIN(2*PI()*(A7)/45))+24*SIN(2*PI()*(0)/9+(A7)/18)*EXP(-(((0)+5)^2)/(22^2))+18*SIN(2*PI()*(A7)/70))+Inputs!$C$28*EXP(-(((A7)-Inputs!$C$29)^2)/(2*Inputs!$C$31^2))*EXP(-(((0)-Inputs!$C$30)^2)/(2*Inputs!$C$32^2))+-Inputs!$C$33*EXP(-(((((A7)-Inputs!$C$34)^2)+(((0)-Inputs!$C$35)^2))/(2*Inputs!$C$36^2)))+Inputs!$C$37*(0.55*SIN(2*PI()*(A7)/Inputs!$C$39)+0.35*COS(2*PI()*(0)/Inputs!$C$40)+0.2*SIN(2*PI()*((A7)+(0))/(0.5*(Inputs!$C$39+Inputs!$C$40))))+Inputs!$C$38*SIN(2*PI()*(A7)/Inputs!$C$39)*SIN(2*PI()*(0)/Inputs!$C$40)+-Inputs!$C$41*EXP(-(((0)-Inputs!$C$43)^2)/(2*Inputs!$C$44^2))*EXP(-(((A7)-Inputs!$C$42)^2)/(2*Inputs!$C$45^2))+Inputs!$C$48*(0.7*(0.45*SIN(2*PI()*(((A7)/Inputs!$C$49)+Inputs!$C$47*0.137))+0.35*COS(2*PI()*(((0)/Inputs!$C$50)+Inputs!$C$47*0.173))+0.2*SIN(2*PI()*(((A7)+(0))/(0.5*(Inputs!$C$49+Inputs!$C$50))+Inputs!$C$47*0.097)))+0.3*(2*((SIN(((A7)*12.9898+(0)*78.233+Inputs!$C$47*37.719))*43758.5453)-INT((SIN(((A7)*12.9898+(0)*78.233+Inputs!$C$47*37.719))*43758.5453)))-1))) -> 34.586347 | Y7: =IF(OR(Inputs!$C$27=TRUE,Inputs!$C$27="TRUE",Inputs!$C$27=1),1,0)*(Inputs!$C$51*(115*EXP(-(((Inputs!$C$6)-25)^2)/(4.5^2))+70*EXP(-(((Inputs!$C$6)+38)^2)/(7^2))*(0.55+0.45*SIN(2*PI()*(A7)/45))+24*SIN(2*PI()*(Inputs!$C$6)/9+(A7)/18)*EXP(-(((Inputs!$C$6)+5)^2)/(22^2))+18*SIN(2*PI()*(A7)/70))+Inputs!$C$28*EXP(-(((A7)-Inputs!$C$29)^2)/(2*Inputs!$C$31^2))*EXP(-(((Inputs!$C$6)-Inputs!$C$30)^2)/(2*Inputs!$C$32^2))+-Inputs!$C$33*EXP(-(((((A7)-Inputs!$C$34)^2)+(((Inputs!$C$6)-Inputs!$C$35)^2))/(2*Inputs!$C$36^2)))+Inputs!$C$37*(0.55*SIN(2*PI()*(A7)/Inputs!$C$39)+0.35*COS(2*PI()*(Inputs!$C$6)/Inputs!$C$40)+0.2*SIN(2*PI()*((A7)+(Inputs!$C$6))/(0.5*(Inputs!$C$39+Inputs!$C$40))))+Inputs!$C$38*SIN(2*PI()*(A7)/Inputs!$C$39)*SIN(2*PI()*(Inputs!$C$6)/Inputs!$C$40)+-Inputs!$C$41*EXP(-(((Inputs!$C$6)-Inputs!$C$43)^2)/(2*Inputs!$C$44^2))*EXP(-(((A7)-Inputs!$C$42)^2)/(2*Inputs!$C$45^2))+Inputs!$C$48*(0.7*(0.45*SIN(2*PI()*(((A7)/Inputs!$C$49)+Inputs!$C$47*0.137))+0.35*COS(2*PI()*(((Inputs!$C$6)/Inputs!$C$50)+Inputs!$C$47*0.173))+0.2*SIN(2*PI()*(((A7)+(Inputs!$C$6))/(0.5*(Inputs!$C$49+Inputs!$C$50))+Inputs!$C$47*0.097)))+0.3*(2*((SIN(((A7)*12.9898+(Inputs!$C$6)*78.233+Inputs!$C$47*37.719))*43758.5453)-INT((SIN(((A7)*12.9898+(Inputs!$C$6)*78.233+Inputs!$C$47*37.719))*43758.5453)))-1))) -> 138.90151 | Z7: =B7-X7/1000 -> 403.63902 | AA7: =SQRT((Inputs!$C$52+B7)^2+(Inputs!$C$52+Y7/1000)^2-2*(Inputs!$C$52+B7)*(Inputs!$C$52+Y7/1000)*COS(SQRT(A7^2+Inputs!$C$6^2)/Inputs!$C$52)) -> 409.61938 | AB7: =(AA7-Z7)*1000 -> 5980.3544 | AC7: =AB7/Inputs!$C$12 -> 3359.7497 | AD7: =2*AB7/Inputs!$C$21*1000000 -> 39.89663 | AE7: =DEGREES(ATAN(H7/(B7-Y7/1000))) -> 8.8317795 | AF7: =DEGREES((2*PI()/Inputs!$C$13)*Inputs!$C$15*SIN(RADIANS(AE7))) -> 55.272219 | AG7: =(Z7/AA7)^4 -> 0.94286738 | AH7: =10*LOG10(AG7) -> -0.25549387 | AI7: =AC7-F7 -> -57.143431 | AJ7: =AD7-G7 -> -0.67857148 | AK7: =Y7-X7 -> 104.31517 | AL7: =1000*(AA8-AA6)/(A8-A6)*Inputs!$C$11 -> -1279.9416 | AM7: =-2*AL7/Inputs!$C$13 -> 511.97666 | AN7: =-2*AL7/Inputs!$C$14 -> 76.873372 | AO7: =ABS(AM7) -> 511.97666 | AP7: =ABS(AN7) -> 76.873372 | AQ7: =IF(OR(Inputs!$C$27=TRUE,Inputs!$C$27="TRUE",Inputs!$C$27=1),Inputs!$C$46/Inputs!$C$12,0) -> 42.134831 | AR7: =AC7-AQ7 -> 3317.6148 | AS7: =AC7+AQ7 -> 3401.8845
A8: =Inputs!$C$7+6*(Inputs!$C$8-Inputs!$C$7)/240 -> -57 | B8: =Inputs!$C$5+Inputs!$C$9*(A8/Inputs!$C$10)^2 -> 403.61 | C8: =B8 -> 403.61 | D8: =SQRT((Inputs!$C$52+B8)^2+Inputs!$C$52^2-2*(Inputs!$C$52+B8)*Inputs!$C$52*COS(SQRT(A8^2+Inputs!$C$6^2)/Inputs!$C$52)) -> 409.6049 | E8: =(D8-C8)*1000 -> 5994.8955 | F8: =E8/Inputs!$C$12 -> 3367.9188 | G8: =2*E8/Inputs!$C$21*1000000 -> 39.993638 | H8: =SQRT(A8^2+Inputs!$C$6^2) -> 62.241465 | I8: =DEGREES(ATAN(H8/B8)) -> 8.7666324 | J8: =DEGREES((2*PI()/Inputs!$C$13)*Inputs!$C$15*SIN(RADIANS(I8))) -> 54.867705 | K8: =(C8/D8)^4 -> 0.94272954 | L8: =10*LOG10(K8) -> -0.25612883 | M8: =2*(Inputs!$C$9/(Inputs!$C$10^2))*A8 -> -0.12666667 | N8: =M8*Inputs!$C$11 -> -0.50666667 | O8: =1000*(D9-D7)/(A9-A7)*Inputs!$C$11 -> -1201.174 | P8: =-2*O8/Inputs!$C$13 -> 480.46961 | Q8: =-2*O8/Inputs!$C$14 -> 72.142584 | R8: =F8-Inputs!$C$16/2 -> 3352.9188 | S8: =F8+Inputs!$C$16/2 -> 3382.9188 | T8: =F8-Inputs!$C$17/2 -> 3217.9188 | U8: =F8+Inputs!$C$17/2 -> 3517.9188 | V8: =ABS(P8) -> 480.46961 | W8: =ABS(Q8) -> 72.142584 | X8: =IF(OR(Inputs!$C$27=TRUE,Inputs!$C$27="TRUE",Inputs!$C$27=1),1,0)*(Inputs!$C$51*(115*EXP(-(((0)-25)^2)/(4.5^2))+70*EXP(-(((0)+38)^2)/(7^2))*(0.55+0.45*SIN(2*PI()*(A8)/45))+24*SIN(2*PI()*(0)/9+(A8)/18)*EXP(-(((0)+5)^2)/(22^2))+18*SIN(2*PI()*(A8)/70))+Inputs!$C$28*EXP(-(((A8)-Inputs!$C$29)^2)/(2*Inputs!$C$31^2))*EXP(-(((0)-Inputs!$C$30)^2)/(2*Inputs!$C$32^2))+-Inputs!$C$33*EXP(-(((((A8)-Inputs!$C$34)^2)+(((0)-Inputs!$C$35)^2))/(2*Inputs!$C$36^2)))+Inputs!$C$37*(0.55*SIN(2*PI()*(A8)/Inputs!$C$39)+0.35*COS(2*PI()*(0)/Inputs!$C$40)+0.2*SIN(2*PI()*((A8)+(0))/(0.5*(Inputs!$C$39+Inputs!$C$40))))+Inputs!$C$38*SIN(2*PI()*(A8)/Inputs!$C$39)*SIN(2*PI()*(0)/Inputs!$C$40)+-Inputs!$C$41*EXP(-(((0)-Inputs!$C$43)^2)/(2*Inputs!$C$44^2))*EXP(-(((A8)-Inputs!$C$42)^2)/(2*Inputs!$C$45^2))+Inputs!$C$48*(0.7*(0.45*SIN(2*PI()*(((A8)/Inputs!$C$49)+Inputs!$C$47*0.137))+0.35*COS(2*PI()*(((0)/Inputs!$C$50)+Inputs!$C$47*0.173))+0.2*SIN(2*PI()*(((A8)+(0))/(0.5*(Inputs!$C$49+Inputs!$C$50))+Inputs!$C$47*0.097)))+0.3*(2*((SIN(((A8)*12.9898+(0)*78.233+Inputs!$C$47*37.719))*43758.5453)-INT((SIN(((A8)*12.9898+(0)*78.233+Inputs!$C$47*37.719))*43758.5453)))-1))) -> 55.440883 | Y8: =IF(OR(Inputs!$C$27=TRUE,Inputs!$C$27="TRUE",Inputs!$C$27=1),1,0)*(Inputs!$C$51*(115*EXP(-(((Inputs!$C$6)-25)^2)/(4.5^2))+70*EXP(-(((Inputs!$C$6)+38)^2)/(7^2))*(0.55+0.45*SIN(2*PI()*(A8)/45))+24*SIN(2*PI()*(Inputs!$C$6)/9+(A8)/18)*EXP(-(((Inputs!$C$6)+5)^2)/(22^2))+18*SIN(2*PI()*(A8)/70))+Inputs!$C$28*EXP(-(((A8)-Inputs!$C$29)^2)/(2*Inputs!$C$31^2))*EXP(-(((Inputs!$C$6)-Inputs!$C$30)^2)/(2*Inputs!$C$32^2))+-Inputs!$C$33*EXP(-(((((A8)-Inputs!$C$34)^2)+(((Inputs!$C$6)-Inputs!$C$35)^2))/(2*Inputs!$C$36^2)))+Inputs!$C$37*(0.55*SIN(2*PI()*(A8)/Inputs!$C$39)+0.35*COS(2*PI()*(Inputs!$C$6)/Inputs!$C$40)+0.2*SIN(2*PI()*((A8)+(Inputs!$C$6))/(0.5*(Inputs!$C$39+Inputs!$C$40))))+Inputs!$C$38*SIN(2*PI()*(A8)/Inputs!$C$39)*SIN(2*PI()*(Inputs!$C$6)/Inputs!$C$40)+-Inputs!$C$41*EXP(-(((Inputs!$C$6)-Inputs!$C$43)^2)/(2*Inputs!$C$44^2))*EXP(-(((A8)-Inputs!$C$42)^2)/(2*Inputs!$C$45^2))+Inputs!$C$48*(0.7*(0.45*SIN(2*PI()*(((A8)/Inputs!$C$49)+Inputs!$C$47*0.137))+0.35*COS(2*PI()*(((Inputs!$C$6)/Inputs!$C$50)+Inputs!$C$47*0.173))+0.2*SIN(2*PI()*(((A8)+(Inputs!$C$6))/(0.5*(Inputs!$C$49+Inputs!$C$50))+Inputs!$C$47*0.097)))+0.3*(2*((SIN(((A8)*12.9898+(Inputs!$C$6)*78.233+Inputs!$C$47*37.719))*43758.5453)-INT((SIN(((A8)*12.9898+(Inputs!$C$6)*78.233+Inputs!$C$47*37.719))*43758.5453)))-1))) -> 137.46605 | Z8: =B8-X8/1000 -> 403.55456 | AA8: =SQRT((Inputs!$C$52+B8)^2+(Inputs!$C$52+Y8/1000)^2-2*(Inputs!$C$52+B8)*(Inputs!$C$52+Y8/1000)*COS(SQRT(A8^2+Inputs!$C$6^2)/Inputs!$C$52)) -> 409.46997 | AB8: =(AA8-Z8)*1000 -> 5915.4072 | AC8: =AB8/Inputs!$C$12 -> 3323.2625 | AD8: =2*AB8/Inputs!$C$21*1000000 -> 39.463349 | AE8: =DEGREES(ATAN(H8/(B8-Y8/1000))) -> 8.7695728 | AF8: =DEGREES((2*PI()/Inputs!$C$13)*Inputs!$C$15*SIN(RADIANS(AE8))) -> 54.885964 | AG8: =(Z8/AA8)^4 -> 0.9434542 | AH8: =10*LOG10(AG8) -> -0.25279179 | AI8: =AC8-F8 -> -44.656328 | AJ8: =AD8-G8 -> -0.53028862 | AK8: =Y8-X8 -> 82.025164 | AL8: =1000*(AA9-AA7)/(A9-A7)*Inputs!$C$11 -> -1211.4959 | AM8: =-2*AL8/Inputs!$C$13 -> 484.59834 | AN8: =-2*AL8/Inputs!$C$14 -> 72.762514 | AO8: =ABS(AM8) -> 484.59834 | AP8: =ABS(AN8) -> 72.762514 | AQ8: =IF(OR(Inputs!$C$27=TRUE,Inputs!$C$27="TRUE",Inputs!$C$27=1),Inputs!$C$46/Inputs!$C$12,0) -> 42.134831 | AR8: =AC8-AQ8 -> 3281.1277 | AS8: =AC8+AQ8 -> 3365.3973
A9: =Inputs!$C$7+7*(Inputs!$C$8-Inputs!$C$7)/240 -> -56.5 | B9: =Inputs!$C$5+Inputs!$C$9*(A9/Inputs!$C$10)^2 -> 403.54694 | C9: =B9 -> 403.54694 | D9: =SQRT((Inputs!$C$52+B9)^2+Inputs!$C$52^2-2*(Inputs!$C$52+B9)*Inputs!$C$52*COS(SQRT(A9^2+Inputs!$C$6^2)/Inputs!$C$52)) -> 409.45539 | E9: =(D9-C9)*1000 -> 5908.4429 | F9: =E9/Inputs!$C$12 -> 3319.3499 | G9: =2*E9/Inputs!$C$21*1000000 -> 39.416888 | H9: =SQRT(A9^2+Inputs!$C$6^2) -> 61.783898 | I9: =DEGREES(ATAN(H9/B9)) -> 8.704514 | J9: =DEGREES((2*PI()/Inputs!$C$13)*Inputs!$C$15*SIN(RADIANS(I9))) -> 54.481931 | K9: =(C9/D9)^4 -> 0.94351736 | L9: =10*LOG10(K9) -> -0.25250105 | M9: =2*(Inputs!$C$9/(Inputs!$C$10^2))*A9 -> -0.12555556 | N9: =M9*Inputs!$C$11 -> -0.50222222 | O9: =1000*(D10-D8)/(A10-A8)*Inputs!$C$11 -> -1190.9529 | P9: =-2*O9/Inputs!$C$13 -> 476.38117 | Q9: =-2*O9/Inputs!$C$14 -> 71.528704 | R9: =F9-Inputs!$C$16/2 -> 3304.3499 | S9: =F9+Inputs!$C$16/2 -> 3334.3499 | T9: =F9-Inputs!$C$17/2 -> 3169.3499 | U9: =F9+Inputs!$C$17/2 -> 3469.3499 | V9: =ABS(P9) -> 476.38117 | W9: =ABS(Q9) -> 71.528704 | X9: =IF(OR(Inputs!$C$27=TRUE,Inputs!$C$27="TRUE",Inputs!$C$27=1),1,0)*(Inputs!$C$51*(115*EXP(-(((0)-25)^2)/(4.5^2))+70*EXP(-(((0)+38)^2)/(7^2))*(0.55+0.45*SIN(2*PI()*(A9)/45))+24*SIN(2*PI()*(0)/9+(A9)/18)*EXP(-(((0)+5)^2)/(22^2))+18*SIN(2*PI()*(A9)/70))+Inputs!$C$28*EXP(-(((A9)-Inputs!$C$29)^2)/(2*Inputs!$C$31^2))*EXP(-(((0)-Inputs!$C$30)^2)/(2*Inputs!$C$32^2))+-Inputs!$C$33*EXP(-(((((A9)-Inputs!$C$34)^2)+(((0)-Inputs!$C$35)^2))/(2*Inputs!$C$36^2)))+Inputs!$C$37*(0.55*SIN(2*PI()*(A9)/Inputs!$C$39)+0.35*COS(2*PI()*(0)/Inputs!$C$40)+0.2*SIN(2*PI()*((A9)+(0))/(0.5*(Inputs!$C$39+Inputs!$C$40))))+Inputs!$C$38*SIN(2*PI()*(A9)/Inputs!$C$39)*SIN(2*PI()*(0)/Inputs!$C$40)+-Inputs!$C$41*EXP(-(((0)-Inputs!$C$43)^2)/(2*Inputs!$C$44^2))*EXP(-(((A9)-Inputs!$C$42)^2)/(2*Inputs!$C$45^2))+Inputs!$C$48*(0.7*(0.45*SIN(2*PI()*(((A9)/Inputs!$C$49)+Inputs!$C$47*0.137))+0.35*COS(2*PI()*(((0)/Inputs!$C$50)+Inputs!$C$47*0.173))+0.2*SIN(2*PI()*(((A9)+(0))/(0.5*(Inputs!$C$49+Inputs!$C$50))+Inputs!$C$47*0.097)))+0.3*(2*((SIN(((A9)*12.9898+(0)*78.233+Inputs!$C$47*37.719))*43758.5453)-INT((SIN(((A9)*12.9898+(0)*78.233+Inputs!$C$47*37.719))*43758.5453)))-1))) -> 57.325647 | Y9: =IF(OR(Inputs!$C$27=TRUE,Inputs!$C$27="TRUE",Inputs!$C$27=1),1,0)*(Inputs!$C$51*(115*EXP(-(((Inputs!$C$6)-25)^2)/(4.5^2))+70*EXP(-(((Inputs!$C$6)+38)^2)/(7^2))*(0.55+0.45*SIN(2*PI()*(A9)/45))+24*SIN(2*PI()*(Inputs!$C$6)/9+(A9)/18)*EXP(-(((Inputs!$C$6)+5)^2)/(22^2))+18*SIN(2*PI()*(A9)/70))+Inputs!$C$28*EXP(-(((A9)-Inputs!$C$29)^2)/(2*Inputs!$C$31^2))*EXP(-(((Inputs!$C$6)-Inputs!$C$30)^2)/(2*Inputs!$C$32^2))+-Inputs!$C$33*EXP(-(((((A9)-Inputs!$C$34)^2)+(((Inputs!$C$6)-Inputs!$C$35)^2))/(2*Inputs!$C$36^2)))+Inputs!$C$37*(0.55*SIN(2*PI()*(A9)/Inputs!$C$39)+0.35*COS(2*PI()*(Inputs!$C$6)/Inputs!$C$40)+0.2*SIN(2*PI()*((A9)+(Inputs!$C$6))/(0.5*(Inputs!$C$39+Inputs!$C$40))))+Inputs!$C$38*SIN(2*PI()*(A9)/Inputs!$C$39)*SIN(2*PI()*(Inputs!$C$6)/Inputs!$C$40)+-Inputs!$C$41*EXP(-(((Inputs!$C$6)-Inputs!$C$43)^2)/(2*Inputs!$C$44^2))*EXP(-(((A9)-Inputs!$C$42)^2)/(2*Inputs!$C$45^2))+Inputs!$C$48*(0.7*(0.45*SIN(2*PI()*(((A9)/Inputs!$C$49)+Inputs!$C$47*0.137))+0.35*COS(2*PI()*(((Inputs!$C$6)/Inputs!$C$50)+Inputs!$C$47*0.173))+0.2*SIN(2*PI()*(((A9)+(Inputs!$C$6))/(0.5*(Inputs!$C$49+Inputs!$C$50))+Inputs!$C$47*0.097)))+0.3*(2*((SIN(((A9)*12.9898+(Inputs!$C$6)*78.233+Inputs!$C$47*37.719))*43758.5453)-INT((SIN(((A9)*12.9898+(Inputs!$C$6)*78.233+Inputs!$C$47*37.719))*43758.5453)))-1))) -> 141.45582 | Z9: =B9-X9/1000 -> 403.48962 | AA9: =SQRT((Inputs!$C$52+B9)^2+(Inputs!$C$52+Y9/1000)^2-2*(Inputs!$C$52+B9)*(Inputs!$C$52+Y9/1000)*COS(SQRT(A9^2+Inputs!$C$6^2)/Inputs!$C$52)) -> 409.31651 | AB9: =(AA9-Z9)*1000 -> 5826.8864 | AC9: =AB9/Inputs!$C$12 -> 3273.5317 | AD9: =2*AB9/Inputs!$C$21*1000000 -> 38.872802 | AE9: =DEGREES(ATAN(H9/(B9-Y9/1000))) -> 8.7075195 | AF9: =DEGREES((2*PI()/Inputs!$C$13)*Inputs!$C$15*SIN(RADIANS(AE9))) -> 54.500597 | AG9: =(Z9/AA9)^4 -> 0.94426182 | AH9: =10*LOG10(AG9) -> -0.24907568 | AI9: =AC9-F9 -> -45.81824 | AJ9: =AD9-G9 -> -0.54408619 | AK9: =Y9-X9 -> 84.130177 | AL9: =1000*(AA10-AA8)/(A10-A8)*Inputs!$C$11 -> -1307.707 | AM9: =-2*AL9/Inputs!$C$13 -> 523.08281 | AN9: =-2*AL9/Inputs!$C$14 -> 78.540963 | AO9: =ABS(AM9) -> 523.08281 | AP9: =ABS(AN9) -> 78.540963 | AQ9: =IF(OR(Inputs!$C$27=TRUE,Inputs!$C$27="TRUE",Inputs!$C$27=1),Inputs!$C$46/Inputs!$C$12,0) -> 42.134831 | AR9: =AC9-AQ9 -> 3231.3969 | AS9: =AC9+AQ9 -> 3315.6665
A10: =Inputs!$C$7+8*(Inputs!$C$8-Inputs!$C$7)/240 -> -56 | B10: =Inputs!$C$5+Inputs!$C$9*(A10/Inputs!$C$10)^2 -> 403.48444 | C10: =B10 -> 403.48444 | D10: =SQRT((Inputs!$C$52+B10)^2+Inputs!$C$52^2-2*(Inputs!$C$52+B10)*Inputs!$C$52*COS(SQRT(A10^2+Inputs!$C$6^2)/Inputs!$C$52)) -> 409.30716 | E10: =(D10-C10)*1000 -> 5822.7128 | F10: =E10/Inputs!$C$12 -> 3271.187 | G10: =2*E10/Inputs!$C$21*1000000 -> 38.844959 | H10: =SQRT(A10^2+Inputs!$C$6^2) -> 61.326992 | I10: =DEGREES(ATAN(H10/B10)) -> 8.6424357 | J10: =DEGREES((2*PI()/Inputs!$C$13)*Inputs!$C$15*SIN(RADIANS(I10))) -> 54.096342 | K10: =(C10/D10)^4 -> 0.94429965 | L10: =10*LOG10(K10) -> -0.24890172 | M10: =2*(Inputs!$C$9/(Inputs!$C$10^2))*A10 -> -0.12444444 | N10: =M10*Inputs!$C$11 -> -0.49777778 | O10: =1000*(D11-D9)/(A11-A9)*Inputs!$C$11 -> -1180.7238 | P10: =-2*O10/Inputs!$C$13 -> 472.28953 | Q10: =-2*O10/Inputs!$C$14 -> 70.914343 | R10: =F10-Inputs!$C$16/2 -> 3256.187 | S10: =F10+Inputs!$C$16/2 -> 3286.187 | T10: =F10-Inputs!$C$17/2 -> 3121.187 | U10: =F10+Inputs!$C$17/2 -> 3421.187 | V10: =ABS(P10) -> 472.28953 | W10: =ABS(Q10) -> 70.914343 | X10: =IF(OR(Inputs!$C$27=TRUE,Inputs!$C$27="TRUE",Inputs!$C$27=1),1,0)*(Inputs!$C$51*(115*EXP(-(((0)-25)^2)/(4.5^2))+70*EXP(-(((0)+38)^2)/(7^2))*(0.55+0.45*SIN(2*PI()*(A10)/45))+24*SIN(2*PI()*(0)/9+(A10)/18)*EXP(-(((0)+5)^2)/(22^2))+18*SIN(2*PI()*(A10)/70))+Inputs!$C$28*EXP(-(((A10)-Inputs!$C$29)^2)/(2*Inputs!$C$31^2))*EXP(-(((0)-Inputs!$C$30)^2)/(2*Inputs!$C$32^2))+-Inputs!$C$33*EXP(-(((((A10)-Inputs!$C$34)^2)+(((0)-Inputs!$C$35)^2))/(2*Inputs!$C$36^2)))+Inputs!$C$37*(0.55*SIN(2*PI()*(A10)/Inputs!$C$39)+0.35*COS(2*PI()*(0)/Inputs!$C$40)+0.2*SIN(2*PI()*((A10)+(0))/(0.5*(Inputs!$C$39+Inputs!$C$40))))+Inputs!$C$38*SIN(2*PI()*(A10)/Inputs!$C$39)*SIN(2*PI()*(0)/Inputs!$C$40)+-Inputs!$C$41*EXP(-(((0)-Inputs!$C$43)^2)/(2*Inputs!$C$44^2))*EXP(-(((A10)-Inputs!$C$42)^2)/(2*Inputs!$C$45^2))+Inputs!$C$48*(0.7*(0.45*SIN(2*PI()*(((A10)/Inputs!$C$49)+Inputs!$C$47*0.137))+0.35*COS(2*PI()*(((0)/Inputs!$C$50)+Inputs!$C$47*0.173))+0.2*SIN(2*PI()*(((A10)+(0))/(0.5*(Inputs!$C$49+Inputs!$C$50))+Inputs!$C$47*0.097)))+0.3*(2*((SIN(((A10)*12.9898+(0)*78.233+Inputs!$C$47*37.719))*43758.5453)-INT((SIN(((A10)*12.9898+(0)*78.233+Inputs!$C$47*37.719))*43758.5453)))-1))) -> 61.559568 | Y10: =IF(OR(Inputs!$C$27=TRUE,Inputs!$C$27="TRUE",Inputs!$C$27=1),1,0)*(Inputs!$C$51*(115*EXP(-(((Inputs!$C$6)-25)^2)/(4.5^2))+70*EXP(-(((Inputs!$C$6)+38)^2)/(7^2))*(0.55+0.45*SIN(2*PI()*(A10)/45))+24*SIN(2*PI()*(Inputs!$C$6)/9+(A10)/18)*EXP(-(((Inputs!$C$6)+5)^2)/(22^2))+18*SIN(2*PI()*(A10)/70))+Inputs!$C$28*EXP(-(((A10)-Inputs!$C$29)^2)/(2*Inputs!$C$31^2))*EXP(-(((Inputs!$C$6)-Inputs!$C$30)^2)/(2*Inputs!$C$32^2))+-Inputs!$C$33*EXP(-(((((A10)-Inputs!$C$34)^2)+(((Inputs!$C$6)-Inputs!$C$35)^2))/(2*Inputs!$C$36^2)))+Inputs!$C$37*(0.55*SIN(2*PI()*(A10)/Inputs!$C$39)+0.35*COS(2*PI()*(Inputs!$C$6)/Inputs!$C$40)+0.2*SIN(2*PI()*((A10)+(Inputs!$C$6))/(0.5*(Inputs!$C$39+Inputs!$C$40))))+Inputs!$C$38*SIN(2*PI()*(A10)/Inputs!$C$39)*SIN(2*PI()*(Inputs!$C$6)/Inputs!$C$40)+-Inputs!$C$41*EXP(-(((Inputs!$C$6)-Inputs!$C$43)^2)/(2*Inputs!$C$44^2))*EXP(-(((A10)-Inputs!$C$42)^2)/(2*Inputs!$C$45^2))+Inputs!$C$48*(0.7*(0.45*SIN(2*PI()*(((A10)/Inputs!$C$49)+Inputs!$C$47*0.137))+0.35*COS(2*PI()*(((Inputs!$C$6)/Inputs!$C$50)+Inputs!$C$47*0.173))+0.2*SIN(2*PI()*(((A10)+(Inputs!$C$6))/(0.5*(Inputs!$C$49+Inputs!$C$50))+Inputs!$C$47*0.097)))+0.3*(2*((SIN(((A10)*12.9898+(Inputs!$C$6)*78.233+Inputs!$C$47*37.719))*43758.5453)-INT((SIN(((A10)*12.9898+(Inputs!$C$6)*78.233+Inputs!$C$47*37.719))*43758.5453)))-1))) -> 167.11524 | Z10: =B10-X10/1000 -> 403.42288 | AA10: =SQRT((Inputs!$C$52+B10)^2+(Inputs!$C$52+Y10/1000)^2-2*(Inputs!$C$52+B10)*(Inputs!$C$52+Y10/1000)*COS(SQRT(A10^2+Inputs!$C$6^2)/Inputs!$C$52)) -> 409.14304 | AB10: =(AA10-Z10)*1000 -> 5720.1547 | AC10: =AB10/Inputs!$C$12 -> 3213.5701 | AD10: =2*AB10/Inputs!$C$21*1000000 -> 38.160765 | AE10: =DEGREES(ATAN(H10/(B10-Y10/1000))) -> 8.6459626 | AF10: =DEGREES((2*PI()/Inputs!$C$13)*Inputs!$C$15*SIN(RADIANS(AE10))) -> 54.118251 | AG10: =(Z10/AA10)^4 -> 0.94523861 | AH10: =10*LOG10(AG10) -> -0.24458546 | AI10: =AC10-F10 -> -57.616915 | AJ10: =AD10-G10 -> -0.68419405 | AK10: =Y10-X10 -> 105.55567 | AL10: =1000*(AA11-AA9)/(A11-A9)*Inputs!$C$11 -> -1256.1567 | AM10: =-2*AL10/Inputs!$C$13 -> 502.46267 | AN10: =-2*AL10/Inputs!$C$14 -> 75.444845 | AO10: =ABS(AM10) -> 502.46267 | AP10: =ABS(AN10) -> 75.444845 | AQ10: =IF(OR(Inputs!$C$27=TRUE,Inputs!$C$27="TRUE",Inputs!$C$27=1),Inputs!$C$46/Inputs!$C$12,0) -> 42.134831 | AR10: =AC10-AQ10 -> 3171.4352 | AS10: =AC10+AQ10 -> 3255.7049
A11: =Inputs!$C$7+9*(Inputs!$C$8-Inputs!$C$7)/240 -> -55.5 | B11: =Inputs!$C$5+Inputs!$C$9*(A11/Inputs!$C$10)^2 -> 403.4225 | C11: =B11 -> 403.4225 | D11: =SQRT((Inputs!$C$52+B11)^2+Inputs!$C$52^2-2*(Inputs!$C$52+B11)*Inputs!$C$52*COS(SQRT(A11^2+Inputs!$C$6^2)/Inputs!$C$52)) -> 409.16021 | E11: =(D11-C11)*1000 -> 5737.7064 | F11: =E11/Inputs!$C$12 -> 3223.4305 | G11: =2*E11/Inputs!$C$21*1000000 -> 38.277857 | H11: =SQRT(A11^2+Inputs!$C$6^2) -> 60.870765 | I11: =DEGREES(ATAN(H11/B11)) -> 8.5804002 | J11: =DEGREES((2*PI()/Inputs!$C$13)*Inputs!$C$15*SIN(RADIANS(I11))) -> 53.710956 | K11: =(C11/D11)^4 -> 0.94507638 | L11: =10*LOG10(K11) -> -0.2453309 | M11: =2*(Inputs!$C$9/(Inputs!$C$10^2))*A11 -> -0.12333333 | N11: =M11*Inputs!$C$11 -> -0.49333333 | O11: =1000*(D12-D10)/(A12-A10)*Inputs!$C$11 -> -1170.4868 | P11: =-2*O11/Inputs!$C$13 -> 468.19471 | Q11: =-2*O11/Inputs!$C$14 -> 70.299506 | R11: =F11-Inputs!$C$16/2 -> 3208.4305 | S11: =F11+Inputs!$C$16/2 -> 3238.4305 | T11: =F11-Inputs!$C$17/2 -> 3073.4305 | U11: =F11+Inputs!$C$17/2 -> 3373.4305 | V11: =ABS(P11) -> 468.19471 | W11: =ABS(Q11) -> 70.299506 | X11: =IF(OR(Inputs!$C$27=TRUE,Inputs!$C$27="TRUE",Inputs!$C$27=1),1,0)*(Inputs!$C$51*(115*EXP(-(((0)-25)^2)/(4.5^2))+70*EXP(-(((0)+38)^2)/(7^2))*(0.55+0.45*SIN(2*PI()*(A11)/45))+24*SIN(2*PI()*(0)/9+(A11)/18)*EXP(-(((0)+5)^2)/(22^2))+18*SIN(2*PI()*(A11)/70))+Inputs!$C$28*EXP(-(((A11)-Inputs!$C$29)^2)/(2*Inputs!$C$31^2))*EXP(-(((0)-Inputs!$C$30)^2)/(2*Inputs!$C$32^2))+-Inputs!$C$33*EXP(-(((((A11)-Inputs!$C$34)^2)+(((0)-Inputs!$C$35)^2))/(2*Inputs!$C$36^2)))+Inputs!$C$37*(0.55*SIN(2*PI()*(A11)/Inputs!$C$39)+0.35*COS(2*PI()*(0)/Inputs!$C$40)+0.2*SIN(2*PI()*((A11)+(0))/(0.5*(Inputs!$C$39+Inputs!$C$40))))+Inputs!$C$38*SIN(2*PI()*(A11)/Inputs!$C$39)*SIN(2*PI()*(0)/Inputs!$C$40)+-Inputs!$C$41*EXP(-(((0)-Inputs!$C$43)^2)/(2*Inputs!$C$44^2))*EXP(-(((A11)-Inputs!$C$42)^2)/(2*Inputs!$C$45^2))+Inputs!$C$48*(0.7*(0.45*SIN(2*PI()*(((A11)/Inputs!$C$49)+Inputs!$C$47*0.137))+0.35*COS(2*PI()*(((0)/Inputs!$C$50)+Inputs!$C$47*0.173))+0.2*SIN(2*PI()*(((A11)+(0))/(0.5*(Inputs!$C$49+Inputs!$C$50))+Inputs!$C$47*0.097)))+0.3*(2*((SIN(((A11)*12.9898+(0)*78.233+Inputs!$C$47*37.719))*43758.5453)-INT((SIN(((A11)*12.9898+(0)*78.233+Inputs!$C$47*37.719))*43758.5453)))-1))) -> 38.496582 | Y11: =IF(OR(Inputs!$C$27=TRUE,Inputs!$C$27="TRUE",Inputs!$C$27=1),1,0)*(Inputs!$C$51*(115*EXP(-(((Inputs!$C$6)-25)^2)/(4.5^2))+70*EXP(-(((Inputs!$C$6)+38)^2)/(7^2))*(0.55+0.45*SIN(2*PI()*(A11)/45))+24*SIN(2*PI()*(Inputs!$C$6)/9+(A11)/18)*EXP(-(((Inputs!$C$6)+5)^2)/(22^2))+18*SIN(2*PI()*(A11)/70))+Inputs!$C$28*EXP(-(((A11)-Inputs!$C$29)^2)/(2*Inputs!$C$31^2))*EXP(-(((Inputs!$C$6)-Inputs!$C$30)^2)/(2*Inputs!$C$32^2))+-Inputs!$C$33*EXP(-(((((A11)-Inputs!$C$34)^2)+(((Inputs!$C$6)-Inputs!$C$35)^2))/(2*Inputs!$C$36^2)))+Inputs!$C$37*(0.55*SIN(2*PI()*(A11)/Inputs!$C$39)+0.35*COS(2*PI()*(Inputs!$C$6)/Inputs!$C$40)+0.2*SIN(2*PI()*((A11)+(Inputs!$C$6))/(0.5*(Inputs!$C$39+Inputs!$C$40))))+Inputs!$C$38*SIN(2*PI()*(A11)/Inputs!$C$39)*SIN(2*PI()*(Inputs!$C$6)/Inputs!$C$40)+-Inputs!$C$41*EXP(-(((Inputs!$C$6)-Inputs!$C$43)^2)/(2*Inputs!$C$44^2))*EXP(-(((A11)-Inputs!$C$42)^2)/(2*Inputs!$C$45^2))+Inputs!$C$48*(0.7*(0.45*SIN(2*PI()*(((A11)/Inputs!$C$49)+Inputs!$C$47*0.137))+0.35*COS(2*PI()*(((Inputs!$C$6)/Inputs!$C$50)+Inputs!$C$47*0.173))+0.2*SIN(2*PI()*(((A11)+(Inputs!$C$6))/(0.5*(Inputs!$C$49+Inputs!$C$50))+Inputs!$C$47*0.097)))+0.3*(2*((SIN(((A11)*12.9898+(Inputs!$C$6)*78.233+Inputs!$C$47*37.719))*43758.5453)-INT((SIN(((A11)*12.9898+(Inputs!$C$6)*78.233+Inputs!$C$47*37.719))*43758.5453)))-1))) -> 160.57943 | Z11: =B11-X11/1000 -> 403.384 | AA11: =SQRT((Inputs!$C$52+B11)^2+(Inputs!$C$52+Y11/1000)^2-2*(Inputs!$C$52+B11)*(Inputs!$C$52+Y11/1000)*COS(SQRT(A11^2+Inputs!$C$6^2)/Inputs!$C$52)) -> 409.00247 | AB11: =(AA11-Z11)*1000 -> 5618.4626 | AC11: =AB11/Inputs!$C$12 -> 3156.4397 | AD11: =2*AB11/Inputs!$C$21*1000000 -> 37.482348 | AE11: =DEGREES(ATAN(H11/(B11-Y11/1000))) -> 8.5837661 | AF11: =DEGREES((2*PI()/Inputs!$C$13)*Inputs!$C$15*SIN(RADIANS(AE11))) -> 53.731868 | AG11: =(Z11/AA11)^4 -> 0.94617394 | AH11: =10*LOG10(AG11) -> -0.24029019 | AI11: =AC11-F11 -> -66.990869 | AJ11: =AD11-G11 -> -0.79550865 | AK11: =Y11-X11 -> 122.08285 | AL11: =1000*(AA12-AA10)/(A12-A10)*Inputs!$C$11 -> -1206.1791 | AM11: =-2*AL11/Inputs!$C$13 -> 482.47166 | AN11: =-2*AL11/Inputs!$C$14 -> 72.443192 | AO11: =ABS(AM11) -> 482.47166 | AP11: =ABS(AN11) -> 72.443192 | AQ11: =IF(OR(Inputs!$C$27=TRUE,Inputs!$C$27="TRUE",Inputs!$C$27=1),Inputs!$C$46/Inputs!$C$12,0) -> 42.134831 | AR11: =AC11-AQ11 -> 3114.3048 | AS11: =AC11+AQ11 -> 3198.5745
A12: =Inputs!$C$7+10*(Inputs!$C$8-Inputs!$C$7)/240 -> -55 | B12: =Inputs!$C$5+Inputs!$C$9*(A12/Inputs!$C$10)^2 -> 403.36111 | C12: =B12 -> 403.36111 | D12: =SQRT((Inputs!$C$52+B12)^2+Inputs!$C$52^2-2*(Inputs!$C$52+B12)*Inputs!$C$52*COS(SQRT(A12^2+Inputs!$C$6^2)/Inputs!$C$52)) -> 409.01454 | E12: =(D12-C12)*1000 -> 5653.4245 | F12: =E12/Inputs!$C$12 -> 3176.0812 | G12: =2*E12/Inputs!$C$21*1000000 -> 37.715588 | H12: =SQRT(A12^2+Inputs!$C$6^2) -> 60.41523 | I12: =DEGREES(ATAN(H12/B12)) -> 8.5184101 | J12: =DEGREES((2*PI()/Inputs!$C$13)*Inputs!$C$15*SIN(RADIANS(I12))) -> 53.325789 | K12: =(C12/D12)^4 -> 0.94584752 | L12: =10*LOG10(K12) -> -0.2417887 | M12: =2*(Inputs!$C$9/(Inputs!$C$10^2))*A12 -> -0.12222222 | N12: =M12*Inputs!$C$11 -> -0.48888889 | O12: =1000*(D13-D11)/(A13-A11)*Inputs!$C$11 -> -1160.2418 | P12: =-2*O12/Inputs!$C$13 -> 464.09674 | Q12: =-2*O12/Inputs!$C$14 -> 69.684195 | R12: =F12-Inputs!$C$16/2 -> 3161.0812 | S12: =F12+Inputs!$C$16/2 -> 3191.0812 | T12: =F12-Inputs!$C$17/2 -> 3026.0812 | U12: =F12+Inputs!$C$17/2 -> 3326.0812 | V12: =ABS(P12) -> 464.09674 | W12: =ABS(Q12) -> 69.684195 | X12: =IF(OR(Inputs!$C$27=TRUE,Inputs!$C$27="TRUE",Inputs!$C$27=1),1,0)*(Inputs!$C$51*(115*EXP(-(((0)-25)^2)/(4.5^2))+70*EXP(-(((0)+38)^2)/(7^2))*(0.55+0.45*SIN(2*PI()*(A12)/45))+24*SIN(2*PI()*(0)/9+(A12)/18)*EXP(-(((0)+5)^2)/(22^2))+18*SIN(2*PI()*(A12)/70))+Inputs!$C$28*EXP(-(((A12)-Inputs!$C$29)^2)/(2*Inputs!$C$31^2))*EXP(-(((0)-Inputs!$C$30)^2)/(2*Inputs!$C$32^2))+-Inputs!$C$33*EXP(-(((((A12)-Inputs!$C$34)^2)+(((0)-Inputs!$C$35)^2))/(2*Inputs!$C$36^2)))+Inputs!$C$37*(0.55*SIN(2*PI()*(A12)/Inputs!$C$39)+0.35*COS(2*PI()*(0)/Inputs!$C$40)+0.2*SIN(2*PI()*((A12)+(0))/(0.5*(Inputs!$C$39+Inputs!$C$40))))+Inputs!$C$38*SIN(2*PI()*(A12)/Inputs!$C$39)*SIN(2*PI()*(0)/Inputs!$C$40)+-Inputs!$C$41*EXP(-(((0)-Inputs!$C$43)^2)/(2*Inputs!$C$44^2))*EXP(-(((A12)-Inputs!$C$42)^2)/(2*Inputs!$C$45^2))+Inputs!$C$48*(0.7*(0.45*SIN(2*PI()*(((A12)/Inputs!$C$49)+Inputs!$C$47*0.137))+0.35*COS(2*PI()*(((0)/Inputs!$C$50)+Inputs!$C$47*0.173))+0.2*SIN(2*PI()*(((A12)+(0))/(0.5*(Inputs!$C$49+Inputs!$C$50))+Inputs!$C$47*0.097)))+0.3*(2*((SIN(((A12)*12.9898+(0)*78.233+Inputs!$C$47*37.719))*43758.5453)-INT((SIN(((A12)*12.9898+(0)*78.233+Inputs!$C$47*37.719))*43758.5453)))-1))) -> 46.511956 | Y12: =IF(OR(Inputs!$C$27=TRUE,Inputs!$C$27="TRUE",Inputs!$C$27=1),1,0)*(Inputs!$C$51*(115*EXP(-(((Inputs!$C$6)-25)^2)/(4.5^2))+70*EXP(-(((Inputs!$C$6)+38)^2)/(7^2))*(0.55+0.45*SIN(2*PI()*(A12)/45))+24*SIN(2*PI()*(Inputs!$C$6)/9+(A12)/18)*EXP(-(((Inputs!$C$6)+5)^2)/(22^2))+18*SIN(2*PI()*(A12)/70))+Inputs!$C$28*EXP(-(((A12)-Inputs!$C$29)^2)/(2*Inputs!$C$31^2))*EXP(-(((Inputs!$C$6)-Inputs!$C$30)^2)/(2*Inputs!$C$32^2))+-Inputs!$C$33*EXP(-(((((A12)-Inputs!$C$34)^2)+(((Inputs!$C$6)-Inputs!$C$35)^2))/(2*Inputs!$C$36^2)))+Inputs!$C$37*(0.55*SIN(2*PI()*(A12)/Inputs!$C$39)+0.35*COS(2*PI()*(Inputs!$C$6)/Inputs!$C$40)+0.2*SIN(2*PI()*((A12)+(Inputs!$C$6))/(0.5*(Inputs!$C$39+Inputs!$C$40))))+Inputs!$C$38*SIN(2*PI()*(A12)/Inputs!$C$39)*SIN(2*PI()*(Inputs!$C$6)/Inputs!$C$40)+-Inputs!$C$41*EXP(-(((Inputs!$C$6)-Inputs!$C$43)^2)/(2*Inputs!$C$44^2))*EXP(-(((A12)-Inputs!$C$42)^2)/(2*Inputs!$C$45^2))+Inputs!$C$48*(0.7*(0.45*SIN(2*PI()*(((A12)/Inputs!$C$49)+Inputs!$C$47*0.137))+0.35*COS(2*PI()*(((Inputs!$C$6)/Inputs!$C$50)+Inputs!$C$47*0.173))+0.2*SIN(2*PI()*(((A12)+(Inputs!$C$6))/(0.5*(Inputs!$C$49+Inputs!$C$50))+Inputs!$C$47*0.097)))+0.3*(2*((SIN(((A12)*12.9898+(Inputs!$C$6)*78.233+Inputs!$C$47*37.719))*43758.5453)-INT((SIN(((A12)*12.9898+(Inputs!$C$6)*78.233+Inputs!$C$47*37.719))*43758.5453)))-1))) -> 176.10976 | Z12: =B12-X12/1000 -> 403.3146 | AA12: =SQRT((Inputs!$C$52+B12)^2+(Inputs!$C$52+Y12/1000)^2-2*(Inputs!$C$52+B12)*(Inputs!$C$52+Y12/1000)*COS(SQRT(A12^2+Inputs!$C$6^2)/Inputs!$C$52)) -> 408.84149 | AB12: =(AA12-Z12)*1000 -> 5526.8957 | AC12: =AB12/Inputs!$C$12 -> 3104.9976 | AD12: =2*AB12/Inputs!$C$21*1000000 -> 36.871479 | AE12: =DEGREES(ATAN(H12/(B12-Y12/1000))) -> 8.5220763 | AF12: =DEGREES((2*PI()/Inputs!$C$13)*Inputs!$C$15*SIN(RADIANS(AE12))) -> 53.34857 | AG12: =(Z12/AA12)^4 -> 0.94701291 | AH12: =10*LOG10(AG12) -> -0.23644099 | AI12: =AC12-F12 -> -71.083603 | AJ12: =AD12-G12 -> -0.84410938 | AK12: =Y12-X12 -> 129.59781 | AL12: =1000*(AA13-AA11)/(A13-A11)*Inputs!$C$11 -> -1293.5628 | AM12: =-2*AL12/Inputs!$C$13 -> 517.4251 | AN12: =-2*AL12/Inputs!$C$14 -> 77.691457 | AO12: =ABS(AM12) -> 517.4251 | AP12: =ABS(AN12) -> 77.691457 | AQ12: =IF(OR(Inputs!$C$27=TRUE,Inputs!$C$27="TRUE",Inputs!$C$27=1),Inputs!$C$46/Inputs!$C$12,0) -> 42.134831 | AR12: =AC12-AQ12 -> 3062.8627 | AS12: =AC12+AQ12 -> 3147.1324
A13: =Inputs!$C$7+11*(Inputs!$C$8-Inputs!$C$7)/240 -> -54.5 | B13: =Inputs!$C$5+Inputs!$C$9*(A13/Inputs!$C$10)^2 -> 403.30028 | C13: =B13 -> 403.30028 | D13: =SQRT((Inputs!$C$52+B13)^2+Inputs!$C$52^2-2*(Inputs!$C$52+B13)*Inputs!$C$52*COS(SQRT(A13^2+Inputs!$C$6^2)/Inputs!$C$52)) -> 408.87015 | E13: =(D13-C13)*1000 -> 5569.8681 | F13: =E13/Inputs!$C$12 -> 3129.1394 | G13: =2*E13/Inputs!$C$21*1000000 -> 37.15816 | H13: =SQRT(A13^2+Inputs!$C$6^2) -> 59.960404 | I13: =DEGREES(ATAN(H13/B13)) -> 8.456468 | J13: =DEGREES((2*PI()/Inputs!$C$13)*Inputs!$C$15*SIN(RADIANS(I13))) -> 52.940857 | K13: =(C13/D13)^4 -> 0.94661303 | L13: =10*LOG10(K13) -> -0.2382752 | M13: =2*(Inputs!$C$9/(Inputs!$C$10^2))*A13 -> -0.12111111 | N13: =M13*Inputs!$C$11 -> -0.48444444 | O13: =1000*(D14-D12)/(A14-A12)*Inputs!$C$11 -> -1149.9891 | P13: =-2*O13/Inputs!$C$13 -> 459.99563 | Q13: =-2*O13/Inputs!$C$14 -> 69.068413 | R13: =F13-Inputs!$C$16/2 -> 3114.1394 | S13: =F13+Inputs!$C$16/2 -> 3144.1394 | T13: =F13-Inputs!$C$17/2 -> 2979.1394 | U13: =F13+Inputs!$C$17/2 -> 3279.1394 | V13: =ABS(P13) -> 459.99563 | W13: =ABS(Q13) -> 69.068413 | X13: =IF(OR(Inputs!$C$27=TRUE,Inputs!$C$27="TRUE",Inputs!$C$27=1),1,0)*(Inputs!$C$51*(115*EXP(-(((0)-25)^2)/(4.5^2))+70*EXP(-(((0)+38)^2)/(7^2))*(0.55+0.45*SIN(2*PI()*(A13)/45))+24*SIN(2*PI()*(0)/9+(A13)/18)*EXP(-(((0)+5)^2)/(22^2))+18*SIN(2*PI()*(A13)/70))+Inputs!$C$28*EXP(-(((A13)-Inputs!$C$29)^2)/(2*Inputs!$C$31^2))*EXP(-(((0)-Inputs!$C$30)^2)/(2*Inputs!$C$32^2))+-Inputs!$C$33*EXP(-(((((A13)-Inputs!$C$34)^2)+(((0)-Inputs!$C$35)^2))/(2*Inputs!$C$36^2)))+Inputs!$C$37*(0.55*SIN(2*PI()*(A13)/Inputs!$C$39)+0.35*COS(2*PI()*(0)/Inputs!$C$40)+0.2*SIN(2*PI()*((A13)+(0))/(0.5*(Inputs!$C$39+Inputs!$C$40))))+Inputs!$C$38*SIN(2*PI()*(A13)/Inputs!$C$39)*SIN(2*PI()*(0)/Inputs!$C$40)+-Inputs!$C$41*EXP(-(((0)-Inputs!$C$43)^2)/(2*Inputs!$C$44^2))*EXP(-(((A13)-Inputs!$C$42)^2)/(2*Inputs!$C$45^2))+Inputs!$C$48*(0.7*(0.45*SIN(2*PI()*(((A13)/Inputs!$C$49)+Inputs!$C$47*0.137))+0.35*COS(2*PI()*(((0)/Inputs!$C$50)+Inputs!$C$47*0.173))+0.2*SIN(2*PI()*(((A13)+(0))/(0.5*(Inputs!$C$49+Inputs!$C$50))+Inputs!$C$47*0.097)))+0.3*(2*((SIN(((A13)*12.9898+(0)*78.233+Inputs!$C$47*37.719))*43758.5453)-INT((SIN(((A13)*12.9898+(0)*78.233+Inputs!$C$47*37.719))*43758.5453)))-1))) -> 49.774693 | Y13: =IF(OR(Inputs!$C$27=TRUE,Inputs!$C$27="TRUE",Inputs!$C$27=1),1,0)*(Inputs!$C$51*(115*EXP(-(((Inputs!$C$6)-25)^2)/(4.5^2))+70*EXP(-(((Inputs!$C$6)+38)^2)/(7^2))*(0.55+0.45*SIN(2*PI()*(A13)/45))+24*SIN(2*PI()*(Inputs!$C$6)/9+(A13)/18)*EXP(-(((Inputs!$C$6)+5)^2)/(22^2))+18*SIN(2*PI()*(A13)/70))+Inputs!$C$28*EXP(-(((A13)-Inputs!$C$29)^2)/(2*Inputs!$C$31^2))*EXP(-(((Inputs!$C$6)-Inputs!$C$30)^2)/(2*Inputs!$C$32^2))+-Inputs!$C$33*EXP(-(((((A13)-Inputs!$C$34)^2)+(((Inputs!$C$6)-Inputs!$C$35)^2))/(2*Inputs!$C$36^2)))+Inputs!$C$37*(0.55*SIN(2*PI()*(A13)/Inputs!$C$39)+0.35*COS(2*PI()*(Inputs!$C$6)/Inputs!$C$40)+0.2*SIN(2*PI()*((A13)+(Inputs!$C$6))/(0.5*(Inputs!$C$39+Inputs!$C$40))))+Inputs!$C$38*SIN(2*PI()*(A13)/Inputs!$C$39)*SIN(2*PI()*(Inputs!$C$6)/Inputs!$C$40)+-Inputs!$C$41*EXP(-(((Inputs!$C$6)-Inputs!$C$43)^2)/(2*Inputs!$C$44^2))*EXP(-(((A13)-Inputs!$C$42)^2)/(2*Inputs!$C$45^2))+Inputs!$C$48*(0.7*(0.45*SIN(2*PI()*(((A13)/Inputs!$C$49)+Inputs!$C$47*0.137))+0.35*COS(2*PI()*(((Inputs!$C$6)/Inputs!$C$50)+Inputs!$C$47*0.173))+0.2*SIN(2*PI()*(((A13)+(Inputs!$C$6))/(0.5*(Inputs!$C$49+Inputs!$C$50))+Inputs!$C$47*0.097)))+0.3*(2*((SIN(((A13)*12.9898+(Inputs!$C$6)*78.233+Inputs!$C$47*37.719))*43758.5453)-INT((SIN(((A13)*12.9898+(Inputs!$C$6)*78.233+Inputs!$C$47*37.719))*43758.5453)))-1))) -> 194.40954 | Z13: =B13-X13/1000 -> 403.2505 | AA13: =SQRT((Inputs!$C$52+B13)^2+(Inputs!$C$52+Y13/1000)^2-2*(Inputs!$C$52+B13)*(Inputs!$C$52+Y13/1000)*COS(SQRT(A13^2+Inputs!$C$6^2)/Inputs!$C$52)) -> 408.67908 | AB13: =(AA13-Z13)*1000 -> 5428.5723 | AC13: =AB13/Inputs!$C$12 -> 3049.7597 | AD13: =2*AB13/Inputs!$C$21*1000000 -> 36.215536 | AE13: =DEGREES(ATAN(H13/(B13-Y13/1000))) -> 8.4604874 | AF13: =DEGREES((2*PI()/Inputs!$C$13)*Inputs!$C$15*SIN(RADIANS(AE13))) -> 52.965837 | AG13: =(Z13/AA13)^4 -> 0.94791646 | AH13: =10*LOG10(AG13) -> -0.23229937 | AI13: =AC13-F13 -> -79.379699 | AJ13: =AD13-G13 -> -0.94262454 | AK13: =Y13-X13 -> 144.63484 | AL13: =1000*(AA14-AA12)/(A14-A12)*Inputs!$C$11 -> -1230.1154 | AM13: =-2*AL13/Inputs!$C$13 -> 492.04616 | AN13: =-2*AL13/Inputs!$C$14 -> 73.880805 | AO13: =ABS(AM13) -> 492.04616 | AP13: =ABS(AN13) -> 73.880805 | AQ13: =IF(OR(Inputs!$C$27=TRUE,Inputs!$C$27="TRUE",Inputs!$C$27=1),Inputs!$C$46/Inputs!$C$12,0) -> 42.134831 | AR13: =AC13-AQ13 -> 3007.6249 | AS13: =AC13+AQ13 -> 3091.8945
A14: =Inputs!$C$7+12*(Inputs!$C$8-Inputs!$C$7)/240 -> -54 | B14: =Inputs!$C$5+Inputs!$C$9*(A14/Inputs!$C$10)^2 -> 403.24 | C14: =B14 -> 403.24 | D14: =SQRT((Inputs!$C$52+B14)^2+Inputs!$C$52^2-2*(Inputs!$C$52+B14)*Inputs!$C$52*COS(SQRT(A14^2+Inputs!$C$6^2)/Inputs!$C$52)) -> 408.72704 | E14: =(D14-C14)*1000 -> 5487.0383 | F14: =E14/Inputs!$C$12 -> 3082.6058 | G14: =2*E14/Inputs!$C$21*1000000 -> 36.605579 | H14: =SQRT(A14^2+Inputs!$C$6^2) -> 59.506302 | I14: =DEGREES(ATAN(H14/B14)) -> 8.3945767 | J14: =DEGREES((2*PI()/Inputs!$C$13)*Inputs!$C$15*SIN(RADIANS(I14))) -> 52.55618 | K14: =(C14/D14)^4 -> 0.94737289 | L14: =10*LOG10(K14) -> -0.23479049 | M14: =2*(Inputs!$C$9/(Inputs!$C$10^2))*A14 -> -0.12 | N14: =M14*Inputs!$C$11 -> -0.48 | O14: =1000*(D15-D13)/(A15-A13)*Inputs!$C$11 -> -1139.7285 | P14: =-2*O14/Inputs!$C$13 -> 455.89141 | Q14: =-2*O14/Inputs!$C$14 -> 68.452164 | R14: =F14-Inputs!$C$16/2 -> 3067.6058 | S14: =F14+Inputs!$C$16/2 -> 3097.6058 | T14: =F14-Inputs!$C$17/2 -> 2932.6058 | U14: =F14+Inputs!$C$17/2 -> 3232.6058 | V14: =ABS(P14) -> 455.89141 | W14: =ABS(Q14) -> 68.452164 | X14: =IF(OR(Inputs!$C$27=TRUE,Inputs!$C$27="TRUE",Inputs!$C$27=1),1,0)*(Inputs!$C$51*(115*EXP(-(((0)-25)^2)/(4.5^2))+70*EXP(-(((0)+38)^2)/(7^2))*(0.55+0.45*SIN(2*PI()*(A14)/45))+24*SIN(2*PI()*(0)/9+(A14)/18)*EXP(-(((0)+5)^2)/(22^2))+18*SIN(2*PI()*(A14)/70))+Inputs!$C$28*EXP(-(((A14)-Inputs!$C$29)^2)/(2*Inputs!$C$31^2))*EXP(-(((0)-Inputs!$C$30)^2)/(2*Inputs!$C$32^2))+-Inputs!$C$33*EXP(-(((((A14)-Inputs!$C$34)^2)+(((0)-Inputs!$C$35)^2))/(2*Inputs!$C$36^2)))+Inputs!$C$37*(0.55*SIN(2*PI()*(A14)/Inputs!$C$39)+0.35*COS(2*PI()*(0)/Inputs!$C$40)+0.2*SIN(2*PI()*((A14)+(0))/(0.5*(Inputs!$C$39+Inputs!$C$40))))+Inputs!$C$38*SIN(2*PI()*(A14)/Inputs!$C$39)*SIN(2*PI()*(0)/Inputs!$C$40)+-Inputs!$C$41*EXP(-(((0)-Inputs!$C$43)^2)/(2*Inputs!$C$44^2))*EXP(-(((A14)-Inputs!$C$42)^2)/(2*Inputs!$C$45^2))+Inputs!$C$48*(0.7*(0.45*SIN(2*PI()*(((A14)/Inputs!$C$49)+Inputs!$C$47*0.137))+0.35*COS(2*PI()*(((0)/Inputs!$C$50)+Inputs!$C$47*0.173))+0.2*SIN(2*PI()*(((A14)+(0))/(0.5*(Inputs!$C$49+Inputs!$C$50))+Inputs!$C$47*0.097)))+0.3*(2*((SIN(((A14)*12.9898+(0)*78.233+Inputs!$C$47*37.719))*43758.5453)-INT((SIN(((A14)*12.9898+(0)*78.233+Inputs!$C$47*37.719))*43758.5453)))-1))) -> 37.915684 | Y14: =IF(OR(Inputs!$C$27=TRUE,Inputs!$C$27="TRUE",Inputs!$C$27=1),1,0)*(Inputs!$C$51*(115*EXP(-(((Inputs!$C$6)-25)^2)/(4.5^2))+70*EXP(-(((Inputs!$C$6)+38)^2)/(7^2))*(0.55+0.45*SIN(2*PI()*(A14)/45))+24*SIN(2*PI()*(Inputs!$C$6)/9+(A14)/18)*EXP(-(((Inputs!$C$6)+5)^2)/(22^2))+18*SIN(2*PI()*(A14)/70))+Inputs!$C$28*EXP(-(((A14)-Inputs!$C$29)^2)/(2*Inputs!$C$31^2))*EXP(-(((Inputs!$C$6)-Inputs!$C$30)^2)/(2*Inputs!$C$32^2))+-Inputs!$C$33*EXP(-(((((A14)-Inputs!$C$34)^2)+(((Inputs!$C$6)-Inputs!$C$35)^2))/(2*Inputs!$C$36^2)))+Inputs!$C$37*(0.55*SIN(2*PI()*(A14)/Inputs!$C$39)+0.35*COS(2*PI()*(Inputs!$C$6)/Inputs!$C$40)+0.2*SIN(2*PI()*((A14)+(Inputs!$C$6))/(0.5*(Inputs!$C$39+Inputs!$C$40))))+Inputs!$C$38*SIN(2*PI()*(A14)/Inputs!$C$39)*SIN(2*PI()*(Inputs!$C$6)/Inputs!$C$40)+-Inputs!$C$41*EXP(-(((Inputs!$C$6)-Inputs!$C$43)^2)/(2*Inputs!$C$44^2))*EXP(-(((A14)-Inputs!$C$42)^2)/(2*Inputs!$C$45^2))+Inputs!$C$48*(0.7*(0.45*SIN(2*PI()*(((A14)/Inputs!$C$49)+Inputs!$C$47*0.137))+0.35*COS(2*PI()*(((Inputs!$C$6)/Inputs!$C$50)+Inputs!$C$47*0.173))+0.2*SIN(2*PI()*(((A14)+(Inputs!$C$6))/(0.5*(Inputs!$C$49+Inputs!$C$50))+Inputs!$C$47*0.097)))+0.3*(2*((SIN(((A14)*12.9898+(Inputs!$C$6)*78.233+Inputs!$C$47*37.719))*43758.5453)-INT((SIN(((A14)*12.9898+(Inputs!$C$6)*78.233+Inputs!$C$47*37.719))*43758.5453)))-1))) -> 196.3963 | Z14: =B14-X14/1000 -> 403.20208 | AA14: =SQRT((Inputs!$C$52+B14)^2+(Inputs!$C$52+Y14/1000)^2-2*(Inputs!$C$52+B14)*(Inputs!$C$52+Y14/1000)*COS(SQRT(A14^2+Inputs!$C$6^2)/Inputs!$C$52)) -> 408.53397 | AB14: =(AA14-Z14)*1000 -> 5331.8816 | AC14: =AB14/Inputs!$C$12 -> 2995.4391 | AD14: =2*AB14/Inputs!$C$21*1000000 -> 35.570486 | AE14: =DEGREES(ATAN(H14/(B14-Y14/1000))) -> 8.3986089 | AF14: =DEGREES((2*PI()/Inputs!$C$13)*Inputs!$C$15*SIN(RADIANS(AE14))) -> 52.581243 | AG14: =(Z14/AA14)^4 -> 0.94880812 | AH14: =10*LOG10(AG14) -> -0.22821606 | AI14: =AC14-F14 -> -87.166666 | AJ14: =AD14-G14 -> -1.0350939 | AK14: =Y14-X14 -> 158.48061 | AL14: =1000*(AA15-AA13)/(A15-A13)*Inputs!$C$11 -> -1221.2811 | AM14: =-2*AL14/Inputs!$C$13 -> 488.51245 | AN14: =-2*AL14/Inputs!$C$14 -> 73.350218 | AO14: =ABS(AM14) -> 488.51245 | AP14: =ABS(AN14) -> 73.350218 | AQ14: =IF(OR(Inputs!$C$27=TRUE,Inputs!$C$27="TRUE",Inputs!$C$27=1),Inputs!$C$46/Inputs!$C$12,0) -> 42.134831 | AR14: =AC14-AQ14 -> 2953.3043 | AS14: =AC14+AQ14 -> 3037.574
A15: =Inputs!$C$7+13*(Inputs!$C$8-Inputs!$C$7)/240 -> -53.5 | B15: =Inputs!$C$5+Inputs!$C$9*(A15/Inputs!$C$10)^2 -> 403.18028 | C15: =B15 -> 403.18028 | D15: =SQRT((Inputs!$C$52+B15)^2+Inputs!$C$52^2-2*(Inputs!$C$52+B15)*Inputs!$C$52*COS(SQRT(A15^2+Inputs!$C$6^2)/Inputs!$C$52)) -> 408.58521 | E15: =(D15-C15)*1000 -> 5404.936 | F15: =E15/Inputs!$C$12 -> 3036.4809 | G15: =2*E15/Inputs!$C$21*1000000 -> 36.057852 | H15: =SQRT(A15^2+Inputs!$C$6^2) -> 59.052942 | I15: =DEGREES(ATAN(H15/B15)) -> 8.3327389 | J15: =DEGREES((2*PI()/Inputs!$C$13)*Inputs!$C$15*SIN(RADIANS(I15))) -> 52.171774 | K15: =(C15/D15)^4 -> 0.94812705 | L15: =10*LOG10(K15) -> -0.23133465 | M15: =2*(Inputs!$C$9/(Inputs!$C$10^2))*A15 -> -0.11888889 | N15: =M15*Inputs!$C$11 -> -0.47555556 | O15: =1000*(D16-D14)/(A16-A14)*Inputs!$C$11 -> -1129.4603 | P15: =-2*O15/Inputs!$C$13 -> 451.78411 | Q15: =-2*O15/Inputs!$C$14 -> 67.835452 | R15: =F15-Inputs!$C$16/2 -> 3021.4809 | S15: =F15+Inputs!$C$16/2 -> 3051.4809 | T15: =F15-Inputs!$C$17/2 -> 2886.4809 | U15: =F15+Inputs!$C$17/2 -> 3186.4809 | V15: =ABS(P15) -> 451.78411 | W15: =ABS(Q15) -> 67.835452 | X15: =IF(OR(Inputs!$C$27=TRUE,Inputs!$C$27="TRUE",Inputs!$C$27=1),1,0)*(Inputs!$C$51*(115*EXP(-(((0)-25)^2)/(4.5^2))+70*EXP(-(((0)+38)^2)/(7^2))*(0.55+0.45*SIN(2*PI()*(A15)/45))+24*SIN(2*PI()*(0)/9+(A15)/18)*EXP(-(((0)+5)^2)/(22^2))+18*SIN(2*PI()*(A15)/70))+Inputs!$C$28*EXP(-(((A15)-Inputs!$C$29)^2)/(2*Inputs!$C$31^2))*EXP(-(((0)-Inputs!$C$30)^2)/(2*Inputs!$C$32^2))+-Inputs!$C$33*EXP(-(((((A15)-Inputs!$C$34)^2)+(((0)-Inputs!$C$35)^2))/(2*Inputs!$C$36^2)))+Inputs!$C$37*(0.55*SIN(2*PI()*(A15)/Inputs!$C$39)+0.35*COS(2*PI()*(0)/Inputs!$C$40)+0.2*SIN(2*PI()*((A15)+(0))/(0.5*(Inputs!$C$39+Inputs!$C$40))))+Inputs!$C$38*SIN(2*PI()*(A15)/Inputs!$C$39)*SIN(2*PI()*(0)/Inputs!$C$40)+-Inputs!$C$41*EXP(-(((0)-Inputs!$C$43)^2)/(2*Inputs!$C$44^2))*EXP(-(((A15)-Inputs!$C$42)^2)/(2*Inputs!$C$45^2))+Inputs!$C$48*(0.7*(0.45*SIN(2*PI()*(((A15)/Inputs!$C$49)+Inputs!$C$47*0.137))+0.35*COS(2*PI()*(((0)/Inputs!$C$50)+Inputs!$C$47*0.173))+0.2*SIN(2*PI()*(((A15)+(0))/(0.5*(Inputs!$C$49+Inputs!$C$50))+Inputs!$C$47*0.097)))+0.3*(2*((SIN(((A15)*12.9898+(0)*78.233+Inputs!$C$47*37.719))*43758.5453)-INT((SIN(((A15)*12.9898+(0)*78.233+Inputs!$C$47*37.719))*43758.5453)))-1))) -> 49.305692 | Y15: =IF(OR(Inputs!$C$27=TRUE,Inputs!$C$27="TRUE",Inputs!$C$27=1),1,0)*(Inputs!$C$51*(115*EXP(-(((Inputs!$C$6)-25)^2)/(4.5^2))+70*EXP(-(((Inputs!$C$6)+38)^2)/(7^2))*(0.55+0.45*SIN(2*PI()*(A15)/45))+24*SIN(2*PI()*(Inputs!$C$6)/9+(A15)/18)*EXP(-(((Inputs!$C$6)+5)^2)/(22^2))+18*SIN(2*PI()*(A15)/70))+Inputs!$C$28*EXP(-(((A15)-Inputs!$C$29)^2)/(2*Inputs!$C$31^2))*EXP(-(((Inputs!$C$6)-Inputs!$C$30)^2)/(2*Inputs!$C$32^2))+-Inputs!$C$33*EXP(-(((((A15)-Inputs!$C$34)^2)+(((Inputs!$C$6)-Inputs!$C$35)^2))/(2*Inputs!$C$36^2)))+Inputs!$C$37*(0.55*SIN(2*PI()*(A15)/Inputs!$C$39)+0.35*COS(2*PI()*(Inputs!$C$6)/Inputs!$C$40)+0.2*SIN(2*PI()*((A15)+(Inputs!$C$6))/(0.5*(Inputs!$C$39+Inputs!$C$40))))+Inputs!$C$38*SIN(2*PI()*(A15)/Inputs!$C$39)*SIN(2*PI()*(Inputs!$C$6)/Inputs!$C$40)+-Inputs!$C$41*EXP(-(((Inputs!$C$6)-Inputs!$C$43)^2)/(2*Inputs!$C$44^2))*EXP(-(((A15)-Inputs!$C$42)^2)/(2*Inputs!$C$45^2))+Inputs!$C$48*(0.7*(0.45*SIN(2*PI()*(((A15)/Inputs!$C$49)+Inputs!$C$47*0.137))+0.35*COS(2*PI()*(((Inputs!$C$6)/Inputs!$C$50)+Inputs!$C$47*0.173))+0.2*SIN(2*PI()*(((A15)+(Inputs!$C$6))/(0.5*(Inputs!$C$49+Inputs!$C$50))+Inputs!$C$47*0.097)))+0.3*(2*((SIN(((A15)*12.9898+(Inputs!$C$6)*78.233+Inputs!$C$47*37.719))*43758.5453)-INT((SIN(((A15)*12.9898+(Inputs!$C$6)*78.233+Inputs!$C$47*37.719))*43758.5453)))-1))) -> 215.04504 | Z15: =B15-X15/1000 -> 403.13097 | AA15: =SQRT((Inputs!$C$52+B15)^2+(Inputs!$C$52+Y15/1000)^2-2*(Inputs!$C$52+B15)*(Inputs!$C$52+Y15/1000)*COS(SQRT(A15^2+Inputs!$C$6^2)/Inputs!$C$52)) -> 408.37376 | AB15: =(AA15-Z15)*1000 -> 5242.783 | AC15: =AB15/Inputs!$C$12 -> 2945.3837 | AD15: =2*AB15/Inputs!$C$21*1000000 -> 34.976083 | AE15: =DEGREES(ATAN(H15/(B15-Y15/1000))) -> 8.3371233 | AF15: =DEGREES((2*PI()/Inputs!$C$13)*Inputs!$C$15*SIN(RADIANS(AE15))) -> 52.199031 | AG15: =(Z15/AA15)^4 -> 0.94962769 | AH15: =10*LOG10(AG15) -> -0.22446631 | AI15: =AC15-F15 -> -91.0972 | AJ15: =AD15-G15 -> -1.0817685 | AK15: =Y15-X15 -> 165.73935 | AL15: =1000*(AA16-AA14)/(A16-A14)*Inputs!$C$11 -> -1223.8078 | AM15: =-2*AL15/Inputs!$C$13 -> 489.5231 | AN15: =-2*AL15/Inputs!$C$14 -> 73.501967 | AO15: =ABS(AM15) -> 489.5231 | AP15: =ABS(AN15) -> 73.501967 | AQ15: =IF(OR(Inputs!$C$27=TRUE,Inputs!$C$27="TRUE",Inputs!$C$27=1),Inputs!$C$46/Inputs!$C$12,0) -> 42.134831 | AR15: =AC15-AQ15 -> 2903.2489 | AS15: =AC15+AQ15 -> 2987.5185
A16: =Inputs!$C$7+14*(Inputs!$C$8-Inputs!$C$7)/240 -> -53 | B16: =Inputs!$C$5+Inputs!$C$9*(A16/Inputs!$C$10)^2 -> 403.12111 | C16: =B16 -> 403.12111 | D16: =SQRT((Inputs!$C$52+B16)^2+Inputs!$C$52^2-2*(Inputs!$C$52+B16)*Inputs!$C$52*COS(SQRT(A16^2+Inputs!$C$6^2)/Inputs!$C$52)) -> 408.44467 | E16: =(D16-C16)*1000 -> 5323.5621 | F16: =E16/Inputs!$C$12 -> 2990.7652 | G16: =2*E16/Inputs!$C$21*1000000 -> 35.514984 | H16: =SQRT(A16^2+Inputs!$C$6^2) -> 58.600341 | I16: =DEGREES(ATAN(H16/B16)) -> 8.2709577 | J16: =DEGREES((2*PI()/Inputs!$C$13)*Inputs!$C$15*SIN(RADIANS(I16))) -> 51.787659 | K16: =(C16/D16)^4 -> 0.94887548 | L16: =10*LOG10(K16) -> -0.22790777 | M16: =2*(Inputs!$C$9/(Inputs!$C$10^2))*A16 -> -0.11777778 | N16: =M16*Inputs!$C$11 -> -0.47111111 | O16: =1000*(D17-D15)/(A17-A15)*Inputs!$C$11 -> -1119.1844 | P16: =-2*O16/Inputs!$C$13 -> 447.67375 | Q16: =-2*O16/Inputs!$C$14 -> 67.21828 | R16: =F16-Inputs!$C$16/2 -> 2975.7652 | S16: =F16+Inputs!$C$16/2 -> 3005.7652 | T16: =F16-Inputs!$C$17/2 -> 2840.7652 | U16: =F16+Inputs!$C$17/2 -> 3140.7652 | V16: =ABS(P16) -> 447.67375 | W16: =ABS(Q16) -> 67.21828 | X16: =IF(OR(Inputs!$C$27=TRUE,Inputs!$C$27="TRUE",Inputs!$C$27=1),1,0)*(Inputs!$C$51*(115*EXP(-(((0)-25)^2)/(4.5^2))+70*EXP(-(((0)+38)^2)/(7^2))*(0.55+0.45*SIN(2*PI()*(A16)/45))+24*SIN(2*PI()*(0)/9+(A16)/18)*EXP(-(((0)+5)^2)/(22^2))+18*SIN(2*PI()*(A16)/70))+Inputs!$C$28*EXP(-(((A16)-Inputs!$C$29)^2)/(2*Inputs!$C$31^2))*EXP(-(((0)-Inputs!$C$30)^2)/(2*Inputs!$C$32^2))+-Inputs!$C$33*EXP(-(((((A16)-Inputs!$C$34)^2)+(((0)-Inputs!$C$35)^2))/(2*Inputs!$C$36^2)))+Inputs!$C$37*(0.55*SIN(2*PI()*(A16)/Inputs!$C$39)+0.35*COS(2*PI()*(0)/Inputs!$C$40)+0.2*SIN(2*PI()*((A16)+(0))/(0.5*(Inputs!$C$39+Inputs!$C$40))))+Inputs!$C$38*SIN(2*PI()*(A16)/Inputs!$C$39)*SIN(2*PI()*(0)/Inputs!$C$40)+-Inputs!$C$41*EXP(-(((0)-Inputs!$C$43)^2)/(2*Inputs!$C$44^2))*EXP(-(((A16)-Inputs!$C$42)^2)/(2*Inputs!$C$45^2))+Inputs!$C$48*(0.7*(0.45*SIN(2*PI()*(((A16)/Inputs!$C$49)+Inputs!$C$47*0.137))+0.35*COS(2*PI()*(((0)/Inputs!$C$50)+Inputs!$C$47*0.173))+0.2*SIN(2*PI()*(((A16)+(0))/(0.5*(Inputs!$C$49+Inputs!$C$50))+Inputs!$C$47*0.097)))+0.3*(2*((SIN(((A16)*12.9898+(0)*78.233+Inputs!$C$47*37.719))*43758.5453)-INT((SIN(((A16)*12.9898+(0)*78.233+Inputs!$C$47*37.719))*43758.5453)))-1))) -> 54.961827 | Y16: =IF(OR(Inputs!$C$27=TRUE,Inputs!$C$27="TRUE",Inputs!$C$27=1),1,0)*(Inputs!$C$51*(115*EXP(-(((Inputs!$C$6)-25)^2)/(4.5^2))+70*EXP(-(((Inputs!$C$6)+38)^2)/(7^2))*(0.55+0.45*SIN(2*PI()*(A16)/45))+24*SIN(2*PI()*(Inputs!$C$6)/9+(A16)/18)*EXP(-(((Inputs!$C$6)+5)^2)/(22^2))+18*SIN(2*PI()*(A16)/70))+Inputs!$C$28*EXP(-(((A16)-Inputs!$C$29)^2)/(2*Inputs!$C$31^2))*EXP(-(((Inputs!$C$6)-Inputs!$C$30)^2)/(2*Inputs!$C$32^2))+-Inputs!$C$33*EXP(-(((((A16)-Inputs!$C$34)^2)+(((Inputs!$C$6)-Inputs!$C$35)^2))/(2*Inputs!$C$36^2)))+Inputs!$C$37*(0.55*SIN(2*PI()*(A16)/Inputs!$C$39)+0.35*COS(2*PI()*(Inputs!$C$6)/Inputs!$C$40)+0.2*SIN(2*PI()*((A16)+(Inputs!$C$6))/(0.5*(Inputs!$C$39+Inputs!$C$40))))+Inputs!$C$38*SIN(2*PI()*(A16)/Inputs!$C$39)*SIN(2*PI()*(Inputs!$C$6)/Inputs!$C$40)+-Inputs!$C$41*EXP(-(((Inputs!$C$6)-Inputs!$C$43)^2)/(2*Inputs!$C$44^2))*EXP(-(((A16)-Inputs!$C$42)^2)/(2*Inputs!$C$45^2))+Inputs!$C$48*(0.7*(0.45*SIN(2*PI()*(((A16)/Inputs!$C$49)+Inputs!$C$47*0.137))+0.35*COS(2*PI()*(((Inputs!$C$6)/Inputs!$C$50)+Inputs!$C$47*0.173))+0.2*SIN(2*PI()*(((A16)+(Inputs!$C$6))/(0.5*(Inputs!$C$49+Inputs!$C$50))+Inputs!$C$47*0.097)))+0.3*(2*((SIN(((A16)*12.9898+(Inputs!$C$6)*78.233+Inputs!$C$47*37.719))*43758.5453)-INT((SIN(((A16)*12.9898+(Inputs!$C$6)*78.233+Inputs!$C$47*37.719))*43758.5453)))-1))) -> 220.27864 | Z16: =B16-X16/1000 -> 403.06615 | AA16: =SQRT((Inputs!$C$52+B16)^2+(Inputs!$C$52+Y16/1000)^2-2*(Inputs!$C$52+B16)*(Inputs!$C$52+Y16/1000)*COS(SQRT(A16^2+Inputs!$C$6^2)/Inputs!$C$52)) -> 408.22801 | AB16: =(AA16-Z16)*1000 -> 5161.8647 | AC16: =AB16/Inputs!$C$12 -> 2899.924 | AD16: =2*AB16/Inputs!$C$21*1000000 -> 34.436255 | AE16: =DEGREES(ATAN(H16/(B16-Y16/1000))) -> 8.2754171 | AF16: =DEGREES((2*PI()/Inputs!$C$13)*Inputs!$C$15*SIN(RADIANS(AE16))) -> 51.815386 | AG16: =(Z16/AA16)^4 -> 0.950373 | AH16: =10*LOG10(AG16) -> -0.22105912 | AI16: =AC16-F16 -> -90.841231 | AJ16: =AD16-G16 -> -1.0787289 | AK16: =Y16-X16 -> 165.31681 | AL16: =1000*(AA17-AA15)/(A17-A15)*Inputs!$C$11 -> -1172.4982 | AM16: =-2*AL16/Inputs!$C$13 -> 468.99928 | AN16: =-2*AL16/Inputs!$C$14 -> 70.420312 | AO16: =ABS(AM16) -> 468.99928 | AP16: =ABS(AN16) -> 70.420312 | AQ16: =IF(OR(Inputs!$C$27=TRUE,Inputs!$C$27="TRUE",Inputs!$C$27=1),Inputs!$C$46/Inputs!$C$12,0) -> 42.134831 | AR16: =AC16-AQ16 -> 2857.7892 | AS16: =AC16+AQ16 -> 2942.0588
A17: =Inputs!$C$7+15*(Inputs!$C$8-Inputs!$C$7)/240 -> -52.5 | B17: =Inputs!$C$5+Inputs!$C$9*(A17/Inputs!$C$10)^2 -> 403.0625 | C17: =B17 -> 403.0625 | D17: =SQRT((Inputs!$C$52+B17)^2+Inputs!$C$52^2-2*(Inputs!$C$52+B17)*Inputs!$C$52*COS(SQRT(A17^2+Inputs!$C$6^2)/Inputs!$C$52)) -> 408.30542 | E17: =(D17-C17)*1000 -> 5242.9177 | F17: =E17/Inputs!$C$12 -> 2945.4594 | G17: =2*E17/Inputs!$C$21*1000000 -> 34.976982 | H17: =SQRT(A17^2+Inputs!$C$6^2) -> 58.148517 | I17: =DEGREES(ATAN(H17/B17)) -> 8.2092359 | J17: =DEGREES((2*PI()/Inputs!$C$13)*Inputs!$C$15*SIN(RADIANS(I17))) -> 51.403853 | K17: =(C17/D17)^4 -> 0.94961815 | L17: =10*LOG10(K17) -> -0.22450993 | M17: =2*(Inputs!$C$9/(Inputs!$C$10^2))*A17 -> -0.11666667 | N17: =M17*Inputs!$C$11 -> -0.46666667 | O17: =1000*(D18-D16)/(A18-A16)*Inputs!$C$11 -> -1108.9009 | P17: =-2*O17/Inputs!$C$13 -> 443.56034 | Q17: =-2*O17/Inputs!$C$14 -> 66.600652 | R17: =F17-Inputs!$C$16/2 -> 2930.4594 | S17: =F17+Inputs!$C$16/2 -> 2960.4594 | T17: =F17-Inputs!$C$17/2 -> 2795.4594 | U17: =F17+Inputs!$C$17/2 -> 3095.4594 | V17: =ABS(P17) -> 443.56034 | W17: =ABS(Q17) -> 66.600652 | X17: =IF(OR(Inputs!$C$27=TRUE,Inputs!$C$27="TRUE",Inputs!$C$27=1),1,0)*(Inputs!$C$51*(115*EXP(-(((0)-25)^2)/(4.5^2))+70*EXP(-(((0)+38)^2)/(7^2))*(0.55+0.45*SIN(2*PI()*(A17)/45))+24*SIN(2*PI()*(0)/9+(A17)/18)*EXP(-(((0)+5)^2)/(22^2))+18*SIN(2*PI()*(A17)/70))+Inputs!$C$28*EXP(-(((A17)-Inputs!$C$29)^2)/(2*Inputs!$C$31^2))*EXP(-(((0)-Inputs!$C$30)^2)/(2*Inputs!$C$32^2))+-Inputs!$C$33*EXP(-(((((A17)-Inputs!$C$34)^2)+(((0)-Inputs!$C$35)^2))/(2*Inputs!$C$36^2)))+Inputs!$C$37*(0.55*SIN(2*PI()*(A17)/Inputs!$C$39)+0.35*COS(2*PI()*(0)/Inputs!$C$40)+0.2*SIN(2*PI()*((A17)+(0))/(0.5*(Inputs!$C$39+Inputs!$C$40))))+Inputs!$C$38*SIN(2*PI()*(A17)/Inputs!$C$39)*SIN(2*PI()*(0)/Inputs!$C$40)+-Inputs!$C$41*EXP(-(((0)-Inputs!$C$43)^2)/(2*Inputs!$C$44^2))*EXP(-(((A17)-Inputs!$C$42)^2)/(2*Inputs!$C$45^2))+Inputs!$C$48*(0.7*(0.45*SIN(2*PI()*(((A17)/Inputs!$C$49)+Inputs!$C$47*0.137))+0.35*COS(2*PI()*(((0)/Inputs!$C$50)+Inputs!$C$47*0.173))+0.2*SIN(2*PI()*(((A17)+(0))/(0.5*(Inputs!$C$49+Inputs!$C$50))+Inputs!$C$47*0.097)))+0.3*(2*((SIN(((A17)*12.9898+(0)*78.233+Inputs!$C$47*37.719))*43758.5453)-INT((SIN(((A17)*12.9898+(0)*78.233+Inputs!$C$47*37.719))*43758.5453)))-1))) -> 41.913539 | Y17: =IF(OR(Inputs!$C$27=TRUE,Inputs!$C$27="TRUE",Inputs!$C$27=1),1,0)*(Inputs!$C$51*(115*EXP(-(((Inputs!$C$6)-25)^2)/(4.5^2))+70*EXP(-(((Inputs!$C$6)+38)^2)/(7^2))*(0.55+0.45*SIN(2*PI()*(A17)/45))+24*SIN(2*PI()*(Inputs!$C$6)/9+(A17)/18)*EXP(-(((Inputs!$C$6)+5)^2)/(22^2))+18*SIN(2*PI()*(A17)/70))+Inputs!$C$28*EXP(-(((A17)-Inputs!$C$29)^2)/(2*Inputs!$C$31^2))*EXP(-(((Inputs!$C$6)-Inputs!$C$30)^2)/(2*Inputs!$C$32^2))+-Inputs!$C$33*EXP(-(((((A17)-Inputs!$C$34)^2)+(((Inputs!$C$6)-Inputs!$C$35)^2))/(2*Inputs!$C$36^2)))+Inputs!$C$37*(0.55*SIN(2*PI()*(A17)/Inputs!$C$39)+0.35*COS(2*PI()*(Inputs!$C$6)/Inputs!$C$40)+0.2*SIN(2*PI()*((A17)+(Inputs!$C$6))/(0.5*(Inputs!$C$39+Inputs!$C$40))))+Inputs!$C$38*SIN(2*PI()*(A17)/Inputs!$C$39)*SIN(2*PI()*(Inputs!$C$6)/Inputs!$C$40)+-Inputs!$C$41*EXP(-(((Inputs!$C$6)-Inputs!$C$43)^2)/(2*Inputs!$C$44^2))*EXP(-(((A17)-Inputs!$C$42)^2)/(2*Inputs!$C$45^2))+Inputs!$C$48*(0.7*(0.45*SIN(2*PI()*(((A17)/Inputs!$C$49)+Inputs!$C$47*0.137))+0.35*COS(2*PI()*(((Inputs!$C$6)/Inputs!$C$50)+Inputs!$C$47*0.173))+0.2*SIN(2*PI()*(((A17)+(Inputs!$C$6))/(0.5*(Inputs!$C$49+Inputs!$C$50))+Inputs!$C$47*0.097)))+0.3*(2*((SIN(((A17)*12.9898+(Inputs!$C$6)*78.233+Inputs!$C$47*37.719))*43758.5453)-INT((SIN(((A17)*12.9898+(Inputs!$C$6)*78.233+Inputs!$C$47*37.719))*43758.5453)))-1))) -> 228.48571 | Z17: =B17-X17/1000 -> 403.02059 | AA17: =SQRT((Inputs!$C$52+B17)^2+(Inputs!$C$52+Y17/1000)^2-2*(Inputs!$C$52+B17)*(Inputs!$C$52+Y17/1000)*COS(SQRT(A17^2+Inputs!$C$6^2)/Inputs!$C$52)) -> 408.08063 | AB17: =(AA17-Z17)*1000 -> 5060.0441 | AC17: =AB17/Inputs!$C$12 -> 2842.7214 | AD17: =2*AB17/Inputs!$C$21*1000000 -> 33.75698 | AE17: =DEGREES(ATAN(H17/(B17-Y17/1000))) -> 8.2138286 | AF17: =DEGREES((2*PI()/Inputs!$C$13)*Inputs!$C$15*SIN(RADIANS(AE17))) -> 51.432414 | AG17: =(Z17/AA17)^4 -> 0.95131643 | AH17: =10*LOG10(AG17) -> -0.21675004 | AI17: =AC17-F17 -> -102.73799 | AJ17: =AD17-G17 -> -1.2200015 | AK17: =Y17-X17 -> 186.57217 | AL17: =1000*(AA18-AA16)/(A18-A16)*Inputs!$C$11 -> -1191.8526 | AM17: =-2*AL17/Inputs!$C$13 -> 476.74103 | AN17: =-2*AL17/Inputs!$C$14 -> 71.582738 | AO17: =ABS(AM17) -> 476.74103 | AP17: =ABS(AN17) -> 71.582738 | AQ17: =IF(OR(Inputs!$C$27=TRUE,Inputs!$C$27="TRUE",Inputs!$C$27=1),Inputs!$C$46/Inputs!$C$12,0) -> 42.134831 | AR17: =AC17-AQ17 -> 2800.5865 | AS17: =AC17+AQ17 -> 2884.8562
A18: =Inputs!$C$7+16*(Inputs!$C$8-Inputs!$C$7)/240 -> -52 | B18: =Inputs!$C$5+Inputs!$C$9*(A18/Inputs!$C$10)^2 -> 403.00444 | C18: =B18 -> 403.00444 | D18: =SQRT((Inputs!$C$52+B18)^2+Inputs!$C$52^2-2*(Inputs!$C$52+B18)*Inputs!$C$52*COS(SQRT(A18^2+Inputs!$C$6^2)/Inputs!$C$52)) -> 408.16745 | E18: =(D18-C18)*1000 -> 5163.0036 | F18: =E18/Inputs!$C$12 -> 2900.5638 | G18: =2*E18/Inputs!$C$21*1000000 -> 34.443852 | H18: =SQRT(A18^2+Inputs!$C$6^2) -> 57.697487 | I18: =DEGREES(ATAN(H18/B18)) -> 8.1475766 | J18: =DEGREES((2*PI()/Inputs!$C$13)*Inputs!$C$15*SIN(RADIANS(I18))) -> 51.020376 | K18: =(C18/D18)^4 -> 0.95035503 | L18: =10*LOG10(K18) -> -0.22114122 | M18: =2*(Inputs!$C$9/(Inputs!$C$10^2))*A18 -> -0.11555556 | N18: =M18*Inputs!$C$11 -> -0.46222222 | O18: =1000*(D19-D17)/(A19-A17)*Inputs!$C$11 -> -1098.6098 | P18: =-2*O18/Inputs!$C$13 -> 439.44392 | Q18: =-2*O18/Inputs!$C$14 -> 65.982571 | R18: =F18-Inputs!$C$16/2 -> 2885.5638 | S18: =F18+Inputs!$C$16/2 -> 2915.5638 | T18: =F18-Inputs!$C$17/2 -> 2750.5638 | U18: =F18+Inputs!$C$17/2 -> 3050.5638 | V18: =ABS(P18) -> 439.44392 | W18: =ABS(Q18) -> 65.982571 | X18: =IF(OR(Inputs!$C$27=TRUE,Inputs!$C$27="TRUE",Inputs!$C$27=1),1,0)*(Inputs!$C$51*(115*EXP(-(((0)-25)^2)/(4.5^2))+70*EXP(-(((0)+38)^2)/(7^2))*(0.55+0.45*SIN(2*PI()*(A18)/45))+24*SIN(2*PI()*(0)/9+(A18)/18)*EXP(-(((0)+5)^2)/(22^2))+18*SIN(2*PI()*(A18)/70))+Inputs!$C$28*EXP(-(((A18)-Inputs!$C$29)^2)/(2*Inputs!$C$31^2))*EXP(-(((0)-Inputs!$C$30)^2)/(2*Inputs!$C$32^2))+-Inputs!$C$33*EXP(-(((((A18)-Inputs!$C$34)^2)+(((0)-Inputs!$C$35)^2))/(2*Inputs!$C$36^2)))+Inputs!$C$37*(0.55*SIN(2*PI()*(A18)/Inputs!$C$39)+0.35*COS(2*PI()*(0)/Inputs!$C$40)+0.2*SIN(2*PI()*((A18)+(0))/(0.5*(Inputs!$C$39+Inputs!$C$40))))+Inputs!$C$38*SIN(2*PI()*(A18)/Inputs!$C$39)*SIN(2*PI()*(0)/Inputs!$C$40)+-Inputs!$C$41*EXP(-(((0)-Inputs!$C$43)^2)/(2*Inputs!$C$44^2))*EXP(-(((A18)-Inputs!$C$42)^2)/(2*Inputs!$C$45^2))+Inputs!$C$48*(0.7*(0.45*SIN(2*PI()*(((A18)/Inputs!$C$49)+Inputs!$C$47*0.137))+0.35*COS(2*PI()*(((0)/Inputs!$C$50)+Inputs!$C$47*0.173))+0.2*SIN(2*PI()*(((A18)+(0))/(0.5*(Inputs!$C$49+Inputs!$C$50))+Inputs!$C$47*0.097)))+0.3*(2*((SIN(((A18)*12.9898+(0)*78.233+Inputs!$C$47*37.719))*43758.5453)-INT((SIN(((A18)*12.9898+(0)*78.233+Inputs!$C$47*37.719))*43758.5453)))-1))) -> 44.009244 | Y18: =IF(OR(Inputs!$C$27=TRUE,Inputs!$C$27="TRUE",Inputs!$C$27=1),1,0)*(Inputs!$C$51*(115*EXP(-(((Inputs!$C$6)-25)^2)/(4.5^2))+70*EXP(-(((Inputs!$C$6)+38)^2)/(7^2))*(0.55+0.45*SIN(2*PI()*(A18)/45))+24*SIN(2*PI()*(Inputs!$C$6)/9+(A18)/18)*EXP(-(((Inputs!$C$6)+5)^2)/(22^2))+18*SIN(2*PI()*(A18)/70))+Inputs!$C$28*EXP(-(((A18)-Inputs!$C$29)^2)/(2*Inputs!$C$31^2))*EXP(-(((Inputs!$C$6)-Inputs!$C$30)^2)/(2*Inputs!$C$32^2))+-Inputs!$C$33*EXP(-(((((A18)-Inputs!$C$34)^2)+(((Inputs!$C$6)-Inputs!$C$35)^2))/(2*Inputs!$C$36^2)))+Inputs!$C$37*(0.55*SIN(2*PI()*(A18)/Inputs!$C$39)+0.35*COS(2*PI()*(Inputs!$C$6)/Inputs!$C$40)+0.2*SIN(2*PI()*((A18)+(Inputs!$C$6))/(0.5*(Inputs!$C$39+Inputs!$C$40))))+Inputs!$C$38*SIN(2*PI()*(A18)/Inputs!$C$39)*SIN(2*PI()*(Inputs!$C$6)/Inputs!$C$40)+-Inputs!$C$41*EXP(-(((Inputs!$C$6)-Inputs!$C$43)^2)/(2*Inputs!$C$44^2))*EXP(-(((A18)-Inputs!$C$42)^2)/(2*Inputs!$C$45^2))+Inputs!$C$48*(0.7*(0.45*SIN(2*PI()*(((A18)/Inputs!$C$49)+Inputs!$C$47*0.137))+0.35*COS(2*PI()*(((Inputs!$C$6)/Inputs!$C$50)+Inputs!$C$47*0.173))+0.2*SIN(2*PI()*(((A18)+(Inputs!$C$6))/(0.5*(Inputs!$C$49+Inputs!$C$50))+Inputs!$C$47*0.097)))+0.3*(2*((SIN(((A18)*12.9898+(Inputs!$C$6)*78.233+Inputs!$C$47*37.719))*43758.5453)-INT((SIN(((A18)*12.9898+(Inputs!$C$6)*78.233+Inputs!$C$47*37.719))*43758.5453)))-1))) -> 241.24392 | Z18: =B18-X18/1000 -> 402.96044 | AA18: =SQRT((Inputs!$C$52+B18)^2+(Inputs!$C$52+Y18/1000)^2-2*(Inputs!$C$52+B18)*(Inputs!$C$52+Y18/1000)*COS(SQRT(A18^2+Inputs!$C$6^2)/Inputs!$C$52)) -> 407.93005 | AB18: =(AA18-Z18)*1000 -> 4969.6157 | AC18: =AB18/Inputs!$C$12 -> 2791.9189 | AD18: =2*AB18/Inputs!$C$21*1000000 -> 33.153707 | AE18: =DEGREES(ATAN(H18/(B18-Y18/1000))) -> 8.1523912 | AF18: =DEGREES((2*PI()/Inputs!$C$13)*Inputs!$C$15*SIN(RADIANS(AE18))) -> 51.050322 | AG18: =(Z18/AA18)^4 -> 0.9521532 | AH18: =10*LOG10(AG18) -> -0.21293171 | AI18: =AC18-F18 -> -108.64489 | AJ18: =AD18-G18 -> -1.2901452 | AK18: =Y18-X18 -> 197.23468 | AL18: =1000*(AA19-AA17)/(A19-A17)*Inputs!$C$11 -> -1228.6235 | AM18: =-2*AL18/Inputs!$C$13 -> 491.44939 | AN18: =-2*AL18/Inputs!$C$14 -> 73.7912 | AO18: =ABS(AM18) -> 491.44939 | AP18: =ABS(AN18) -> 73.7912 | AQ18: =IF(OR(Inputs!$C$27=TRUE,Inputs!$C$27="TRUE",Inputs!$C$27=1),Inputs!$C$46/Inputs!$C$12,0) -> 42.134831 | AR18: =AC18-AQ18 -> 2749.7841 | AS18: =AC18+AQ18 -> 2834.0538
A19: =Inputs!$C$7+17*(Inputs!$C$8-Inputs!$C$7)/240 -> -51.5 | B19: =Inputs!$C$5+Inputs!$C$9*(A19/Inputs!$C$10)^2 -> 402.94694 | C19: =B19 -> 402.94694 | D19: =SQRT((Inputs!$C$52+B19)^2+Inputs!$C$52^2-2*(Inputs!$C$52+B19)*Inputs!$C$52*COS(SQRT(A19^2+Inputs!$C$6^2)/Inputs!$C$52)) -> 408.03077 | E19: =(D19-C19)*1000 -> 5083.8208 | F19: =E19/Inputs!$C$12 -> 2856.0791 | G19: =2*E19/Inputs!$C$21*1000000 -> 33.915602 | H19: =SQRT(A19^2+Inputs!$C$6^2) -> 57.247271 | I19: =DEGREES(ATAN(H19/B19)) -> 8.0859829 | J19: =DEGREES((2*PI()/Inputs!$C$13)*Inputs!$C$15*SIN(RADIANS(I19))) -> 50.637249 | K19: =(C19/D19)^4 -> 0.95108609 | L19: =10*LOG10(K19) -> -0.21780172 | M19: =2*(Inputs!$C$9/(Inputs!$C$10^2))*A19 -> -0.11444444 | N19: =M19*Inputs!$C$11 -> -0.45777778 | O19: =1000*(D20-D18)/(A20-A18)*Inputs!$C$11 -> -1088.3113 | P19: =-2*O19/Inputs!$C$13 -> 435.32451 | Q19: =-2*O19/Inputs!$C$14 -> 65.36404 | R19: =F19-Inputs!$C$16/2 -> 2841.0791 | S19: =F19+Inputs!$C$16/2 -> 2871.0791 | T19: =F19-Inputs!$C$17/2 -> 2706.0791 | U19: =F19+Inputs!$C$17/2 -> 3006.0791 | V19: =ABS(P19) -> 435.32451 | W19: =ABS(Q19) -> 65.36404 | X19: =IF(OR(Inputs!$C$27=TRUE,Inputs!$C$27="TRUE",Inputs!$C$27=1),1,0)*(Inputs!$C$51*(115*EXP(-(((0)-25)^2)/(4.5^2))+70*EXP(-(((0)+38)^2)/(7^2))*(0.55+0.45*SIN(2*PI()*(A19)/45))+24*SIN(2*PI()*(0)/9+(A19)/18)*EXP(-(((0)+5)^2)/(22^2))+18*SIN(2*PI()*(A19)/70))+Inputs!$C$28*EXP(-(((A19)-Inputs!$C$29)^2)/(2*Inputs!$C$31^2))*EXP(-(((0)-Inputs!$C$30)^2)/(2*Inputs!$C$32^2))+-Inputs!$C$33*EXP(-(((((A19)-Inputs!$C$34)^2)+(((0)-Inputs!$C$35)^2))/(2*Inputs!$C$36^2)))+Inputs!$C$37*(0.55*SIN(2*PI()*(A19)/Inputs!$C$39)+0.35*COS(2*PI()*(0)/Inputs!$C$40)+0.2*SIN(2*PI()*((A19)+(0))/(0.5*(Inputs!$C$39+Inputs!$C$40))))+Inputs!$C$38*SIN(2*PI()*(A19)/Inputs!$C$39)*SIN(2*PI()*(0)/Inputs!$C$40)+-Inputs!$C$41*EXP(-(((0)-Inputs!$C$43)^2)/(2*Inputs!$C$44^2))*EXP(-(((A19)-Inputs!$C$42)^2)/(2*Inputs!$C$45^2))+Inputs!$C$48*(0.7*(0.45*SIN(2*PI()*(((A19)/Inputs!$C$49)+Inputs!$C$47*0.137))+0.35*COS(2*PI()*(((0)/Inputs!$C$50)+Inputs!$C$47*0.173))+0.2*SIN(2*PI()*(((A19)+(0))/(0.5*(Inputs!$C$49+Inputs!$C$50))+Inputs!$C$47*0.097)))+0.3*(2*((SIN(((A19)*12.9898+(0)*78.233+Inputs!$C$47*37.719))*43758.5453)-INT((SIN(((A19)*12.9898+(0)*78.233+Inputs!$C$47*37.719))*43758.5453)))-1))) -> 32.491619 | Y19: =IF(OR(Inputs!$C$27=TRUE,Inputs!$C$27="TRUE",Inputs!$C$27=1),1,0)*(Inputs!$C$51*(115*EXP(-(((Inputs!$C$6)-25)^2)/(4.5^2))+70*EXP(-(((Inputs!$C$6)+38)^2)/(7^2))*(0.55+0.45*SIN(2*PI()*(A19)/45))+24*SIN(2*PI()*(Inputs!$C$6)/9+(A19)/18)*EXP(-(((Inputs!$C$6)+5)^2)/(22^2))+18*SIN(2*PI()*(A19)/70))+Inputs!$C$28*EXP(-(((A19)-Inputs!$C$29)^2)/(2*Inputs!$C$31^2))*EXP(-(((Inputs!$C$6)-Inputs!$C$30)^2)/(2*Inputs!$C$32^2))+-Inputs!$C$33*EXP(-(((((A19)-Inputs!$C$34)^2)+(((Inputs!$C$6)-Inputs!$C$35)^2))/(2*Inputs!$C$36^2)))+Inputs!$C$37*(0.55*SIN(2*PI()*(A19)/Inputs!$C$39)+0.35*COS(2*PI()*(Inputs!$C$6)/Inputs!$C$40)+0.2*SIN(2*PI()*((A19)+(Inputs!$C$6))/(0.5*(Inputs!$C$39+Inputs!$C$40))))+Inputs!$C$38*SIN(2*PI()*(A19)/Inputs!$C$39)*SIN(2*PI()*(Inputs!$C$6)/Inputs!$C$40)+-Inputs!$C$41*EXP(-(((Inputs!$C$6)-Inputs!$C$43)^2)/(2*Inputs!$C$44^2))*EXP(-(((A19)-Inputs!$C$42)^2)/(2*Inputs!$C$45^2))+Inputs!$C$48*(0.7*(0.45*SIN(2*PI()*(((A19)/Inputs!$C$49)+Inputs!$C$47*0.137))+0.35*COS(2*PI()*(((Inputs!$C$6)/Inputs!$C$50)+Inputs!$C$47*0.173))+0.2*SIN(2*PI()*(((A19)+(Inputs!$C$6))/(0.5*(Inputs!$C$49+Inputs!$C$50))+Inputs!$C$47*0.097)))+0.3*(2*((SIN(((A19)*12.9898+(Inputs!$C$6)*78.233+Inputs!$C$47*37.719))*43758.5453)-INT((SIN(((A19)*12.9898+(Inputs!$C$6)*78.233+Inputs!$C$47*37.719))*43758.5453)))-1))) -> 261.39615 | Z19: =B19-X19/1000 -> 402.91445 | AA19: =SQRT((Inputs!$C$52+B19)^2+(Inputs!$C$52+Y19/1000)^2-2*(Inputs!$C$52+B19)*(Inputs!$C$52+Y19/1000)*COS(SQRT(A19^2+Inputs!$C$6^2)/Inputs!$C$52)) -> 407.77347 | AB19: =(AA19-Z19)*1000 -> 4859.0218 | AC19: =AB19/Inputs!$C$12 -> 2729.7875 | AD19: =2*AB19/Inputs!$C$21*1000000 -> 32.415904 | AE19: =DEGREES(ATAN(H19/(B19-Y19/1000))) -> 8.0911623 | AF19: =DEGREES((2*PI()/Inputs!$C$13)*Inputs!$C$15*SIN(RADIANS(AE19))) -> 50.669468 | AG19: =(Z19/AA19)^4 -> 0.95318126 | AH19: =10*LOG10(AG19) -> -0.20824503 | AI19: =AC19-F19 -> -126.29155 | AJ19: =AD19-G19 -> -1.4996973 | AK19: =Y19-X19 -> 228.90453 | AL19: =1000*(AA20-AA18)/(A20-A18)*Inputs!$C$11 -> -1131.0023 | AM19: =-2*AL19/Inputs!$C$13 -> 452.40093 | AN19: =-2*AL19/Inputs!$C$14 -> 67.928067 | AO19: =ABS(AM19) -> 452.40093 | AP19: =ABS(AN19) -> 67.928067 | AQ19: =IF(OR(Inputs!$C$27=TRUE,Inputs!$C$27="TRUE",Inputs!$C$27=1),Inputs!$C$46/Inputs!$C$12,0) -> 42.134831 | AR19: =AC19-AQ19 -> 2687.6527 | AS19: =AC19+AQ19 -> 2771.9224
A20: =Inputs!$C$7+18*(Inputs!$C$8-Inputs!$C$7)/240 -> -51 | B20: =Inputs!$C$5+Inputs!$C$9*(A20/Inputs!$C$10)^2 -> 402.89 | C20: =B20 -> 402.89 | D20: =SQRT((Inputs!$C$52+B20)^2+Inputs!$C$52^2-2*(Inputs!$C$52+B20)*Inputs!$C$52*COS(SQRT(A20^2+Inputs!$C$6^2)/Inputs!$C$52)) -> 407.89537 | E20: =(D20-C20)*1000 -> 5005.3702 | F20: =E20/Inputs!$C$12 -> 2812.0057 | G20: =2*E20/Inputs!$C$21*1000000 -> 33.392236 | H20: =SQRT(A20^2+Inputs!$C$6^2) -> 56.797887 | I20: =DEGREES(ATAN(H20/B20)) -> 8.024458 | J20: =DEGREES((2*PI()/Inputs!$C$13)*Inputs!$C$15*SIN(RADIANS(I20))) -> 50.254491 | K20: =(C20/D20)^4 -> 0.95181128 | L20: =10*LOG10(K20) -> -0.21449151 | M20: =2*(Inputs!$C$9/(Inputs!$C$10^2))*A20 -> -0.11333333 | N20: =M20*Inputs!$C$11 -> -0.45333333 | O20: =1000*(D21-D19)/(A21-A19)*Inputs!$C$11 -> -1078.0053 | P20: =-2*O20/Inputs!$C$13 -> 431.20213 | Q20: =-2*O20/Inputs!$C$14 -> 64.745064 | R20: =F20-Inputs!$C$16/2 -> 2797.0057 | S20: =F20+Inputs!$C$16/2 -> 2827.0057 | T20: =F20-Inputs!$C$17/2 -> 2662.0057 | U20: =F20+Inputs!$C$17/2 -> 2962.0057 | V20: =ABS(P20) -> 431.20213 | W20: =ABS(Q20) -> 64.745064 | X20: =IF(OR(Inputs!$C$27=TRUE,Inputs!$C$27="TRUE",Inputs!$C$27=1),1,0)*(Inputs!$C$51*(115*EXP(-(((0)-25)^2)/(4.5^2))+70*EXP(-(((0)+38)^2)/(7^2))*(0.55+0.45*SIN(2*PI()*(A20)/45))+24*SIN(2*PI()*(0)/9+(A20)/18)*EXP(-(((0)+5)^2)/(22^2))+18*SIN(2*PI()*(A20)/70))+Inputs!$C$28*EXP(-(((A20)-Inputs!$C$29)^2)/(2*Inputs!$C$31^2))*EXP(-(((0)-Inputs!$C$30)^2)/(2*Inputs!$C$32^2))+-Inputs!$C$33*EXP(-(((((A20)-Inputs!$C$34)^2)+(((0)-Inputs!$C$35)^2))/(2*Inputs!$C$36^2)))+Inputs!$C$37*(0.55*SIN(2*PI()*(A20)/Inputs!$C$39)+0.35*COS(2*PI()*(0)/Inputs!$C$40)+0.2*SIN(2*PI()*((A20)+(0))/(0.5*(Inputs!$C$39+Inputs!$C$40))))+Inputs!$C$38*SIN(2*PI()*(A20)/Inputs!$C$39)*SIN(2*PI()*(0)/Inputs!$C$40)+-Inputs!$C$41*EXP(-(((0)-Inputs!$C$43)^2)/(2*Inputs!$C$44^2))*EXP(-(((A20)-Inputs!$C$42)^2)/(2*Inputs!$C$45^2))+Inputs!$C$48*(0.7*(0.45*SIN(2*PI()*(((A20)/Inputs!$C$49)+Inputs!$C$47*0.137))+0.35*COS(2*PI()*(((0)/Inputs!$C$50)+Inputs!$C$47*0.173))+0.2*SIN(2*PI()*(((A20)+(0))/(0.5*(Inputs!$C$49+Inputs!$C$50))+Inputs!$C$47*0.097)))+0.3*(2*((SIN(((A20)*12.9898+(0)*78.233+Inputs!$C$47*37.719))*43758.5453)-INT((SIN(((A20)*12.9898+(0)*78.233+Inputs!$C$47*37.719))*43758.5453)))-1))) -> 39.108817 | Y20: =IF(OR(Inputs!$C$27=TRUE,Inputs!$C$27="TRUE",Inputs!$C$27=1),1,0)*(Inputs!$C$51*(115*EXP(-(((Inputs!$C$6)-25)^2)/(4.5^2))+70*EXP(-(((Inputs!$C$6)+38)^2)/(7^2))*(0.55+0.45*SIN(2*PI()*(A20)/45))+24*SIN(2*PI()*(Inputs!$C$6)/9+(A20)/18)*EXP(-(((Inputs!$C$6)+5)^2)/(22^2))+18*SIN(2*PI()*(A20)/70))+Inputs!$C$28*EXP(-(((A20)-Inputs!$C$29)^2)/(2*Inputs!$C$31^2))*EXP(-(((Inputs!$C$6)-Inputs!$C$30)^2)/(2*Inputs!$C$32^2))+-Inputs!$C$33*EXP(-(((((A20)-Inputs!$C$34)^2)+(((Inputs!$C$6)-Inputs!$C$35)^2))/(2*Inputs!$C$36^2)))+Inputs!$C$37*(0.55*SIN(2*PI()*(A20)/Inputs!$C$39)+0.35*COS(2*PI()*(Inputs!$C$6)/Inputs!$C$40)+0.2*SIN(2*PI()*((A20)+(Inputs!$C$6))/(0.5*(Inputs!$C$39+Inputs!$C$40))))+Inputs!$C$38*SIN(2*PI()*(A20)/Inputs!$C$39)*SIN(2*PI()*(Inputs!$C$6)/Inputs!$C$40)+-Inputs!$C$41*EXP(-(((Inputs!$C$6)-Inputs!$C$43)^2)/(2*Inputs!$C$44^2))*EXP(-(((A20)-Inputs!$C$42)^2)/(2*Inputs!$C$45^2))+Inputs!$C$48*(0.7*(0.45*SIN(2*PI()*(((A20)/Inputs!$C$49)+Inputs!$C$47*0.137))+0.35*COS(2*PI()*(((Inputs!$C$6)/Inputs!$C$50)+Inputs!$C$47*0.173))+0.2*SIN(2*PI()*(((A20)+(Inputs!$C$6))/(0.5*(Inputs!$C$49+Inputs!$C$50))+Inputs!$C$47*0.097)))+0.3*(2*((SIN(((A20)*12.9898+(Inputs!$C$6)*78.233+Inputs!$C$47*37.719))*43758.5453)-INT((SIN(((A20)*12.9898+(Inputs!$C$6)*78.233+Inputs!$C$47*37.719))*43758.5453)))-1))) -> 251.96733 | Z20: =B20-X20/1000 -> 402.85089 | AA20: =SQRT((Inputs!$C$52+B20)^2+(Inputs!$C$52+Y20/1000)^2-2*(Inputs!$C$52+B20)*(Inputs!$C$52+Y20/1000)*COS(SQRT(A20^2+Inputs!$C$6^2)/Inputs!$C$52)) -> 407.6473 | AB20: =(AA20-Z20)*1000 -> 4796.4091 | AC20: =AB20/Inputs!$C$12 -> 2694.6119 | AD20: =2*AB20/Inputs!$C$21*1000000 -> 31.998197 | AE20: =DEGREES(ATAN(H20/(B20-Y20/1000))) -> 8.0294142 | AF20: =DEGREES((2*PI()/Inputs!$C$13)*Inputs!$C$15*SIN(RADIANS(AE20))) -> 50.285326 | AG20: =(Z20/AA20)^4 -> 0.95375984 | AH20: =10*LOG10(AG20) -> -0.20560967 | AI20: =AC20-F20 -> -117.39387 | AJ20: =AD20-G20 -> -1.3940384 | AK20: =Y20-X20 -> 212.85851 | AL20: =1000*(AA21-AA19)/(A21-A19)*Inputs!$C$11 -> -1032.5391 | AM20: =-2*AL20/Inputs!$C$13 -> 413.01563 | AN20: =-2*AL20/Inputs!$C$14 -> 62.014358 | AO20: =ABS(AM20) -> 413.01563 | AP20: =ABS(AN20) -> 62.014358 | AQ20: =IF(OR(Inputs!$C$27=TRUE,Inputs!$C$27="TRUE",Inputs!$C$27=1),Inputs!$C$46/Inputs!$C$12,0) -> 42.134831 | AR20: =AC20-AQ20 -> 2652.477 | AS20: =AC20+AQ20 -> 2736.7467
A21: =Inputs!$C$7+19*(Inputs!$C$8-Inputs!$C$7)/240 -> -50.5 | B21: =Inputs!$C$5+Inputs!$C$9*(A21/Inputs!$C$10)^2 -> 402.83361 | C21: =B21 -> 402.83361 | D21: =SQRT((Inputs!$C$52+B21)^2+Inputs!$C$52^2-2*(Inputs!$C$52+B21)*Inputs!$C$52*COS(SQRT(A21^2+Inputs!$C$6^2)/Inputs!$C$52)) -> 407.76126 | E21: =(D21-C21)*1000 -> 4927.6528 | F21: =E21/Inputs!$C$12 -> 2768.3443 | G21: =2*E21/Inputs!$C$21*1000000 -> 32.873761 | H21: =SQRT(A21^2+Inputs!$C$6^2) -> 56.349357 | I21: =DEGREES(ATAN(H21/B21)) -> 7.9630052 | J21: =DEGREES((2*PI()/Inputs!$C$13)*Inputs!$C$15*SIN(RADIANS(I21))) -> 49.872123 | K21: =(C21/D21)^4 -> 0.95253059 | L21: =10*LOG10(K21) -> -0.21121069 | M21: =2*(Inputs!$C$9/(Inputs!$C$10^2))*A21 -> -0.11222222 | N21: =M21*Inputs!$C$11 -> -0.44888889 | O21: =1000*(D22-D20)/(A22-A20)*Inputs!$C$11 -> -1067.692 | P21: =-2*O21/Inputs!$C$13 -> 427.0768 | Q21: =-2*O21/Inputs!$C$14 -> 64.125646 | R21: =F21-Inputs!$C$16/2 -> 2753.3443 | S21: =F21+Inputs!$C$16/2 -> 2783.3443 | T21: =F21-Inputs!$C$17/2 -> 2618.3443 | U21: =F21+Inputs!$C$17/2 -> 2918.3443 | V21: =ABS(P21) -> 427.0768 | W21: =ABS(Q21) -> 64.125646 | X21: =IF(OR(Inputs!$C$27=TRUE,Inputs!$C$27="TRUE",Inputs!$C$27=1),1,0)*(Inputs!$C$51*(115*EXP(-(((0)-25)^2)/(4.5^2))+70*EXP(-(((0)+38)^2)/(7^2))*(0.55+0.45*SIN(2*PI()*(A21)/45))+24*SIN(2*PI()*(0)/9+(A21)/18)*EXP(-(((0)+5)^2)/(22^2))+18*SIN(2*PI()*(A21)/70))+Inputs!$C$28*EXP(-(((A21)-Inputs!$C$29)^2)/(2*Inputs!$C$31^2))*EXP(-(((0)-Inputs!$C$30)^2)/(2*Inputs!$C$32^2))+-Inputs!$C$33*EXP(-(((((A21)-Inputs!$C$34)^2)+(((0)-Inputs!$C$35)^2))/(2*Inputs!$C$36^2)))+Inputs!$C$37*(0.55*SIN(2*PI()*(A21)/Inputs!$C$39)+0.35*COS(2*PI()*(0)/Inputs!$C$40)+0.2*SIN(2*PI()*((A21)+(0))/(0.5*(Inputs!$C$39+Inputs!$C$40))))+Inputs!$C$38*SIN(2*PI()*(A21)/Inputs!$C$39)*SIN(2*PI()*(0)/Inputs!$C$40)+-Inputs!$C$41*EXP(-(((0)-Inputs!$C$43)^2)/(2*Inputs!$C$44^2))*EXP(-(((A21)-Inputs!$C$42)^2)/(2*Inputs!$C$45^2))+Inputs!$C$48*(0.7*(0.45*SIN(2*PI()*(((A21)/Inputs!$C$49)+Inputs!$C$47*0.137))+0.35*COS(2*PI()*(((0)/Inputs!$C$50)+Inputs!$C$47*0.173))+0.2*SIN(2*PI()*(((A21)+(0))/(0.5*(Inputs!$C$49+Inputs!$C$50))+Inputs!$C$47*0.097)))+0.3*(2*((SIN(((A21)*12.9898+(0)*78.233+Inputs!$C$47*37.719))*43758.5453)-INT((SIN(((A21)*12.9898+(0)*78.233+Inputs!$C$47*37.719))*43758.5453)))-1))) -> 47.995832 | Y21: =IF(OR(Inputs!$C$27=TRUE,Inputs!$C$27="TRUE",Inputs!$C$27=1),1,0)*(Inputs!$C$51*(115*EXP(-(((Inputs!$C$6)-25)^2)/(4.5^2))+70*EXP(-(((Inputs!$C$6)+38)^2)/(7^2))*(0.55+0.45*SIN(2*PI()*(A21)/45))+24*SIN(2*PI()*(Inputs!$C$6)/9+(A21)/18)*EXP(-(((Inputs!$C$6)+5)^2)/(22^2))+18*SIN(2*PI()*(A21)/70))+Inputs!$C$28*EXP(-(((A21)-Inputs!$C$29)^2)/(2*Inputs!$C$31^2))*EXP(-(((Inputs!$C$6)-Inputs!$C$30)^2)/(2*Inputs!$C$32^2))+-Inputs!$C$33*EXP(-(((((A21)-Inputs!$C$34)^2)+(((Inputs!$C$6)-Inputs!$C$35)^2))/(2*Inputs!$C$36^2)))+Inputs!$C$37*(0.55*SIN(2*PI()*(A21)/Inputs!$C$39)+0.35*COS(2*PI()*(Inputs!$C$6)/Inputs!$C$40)+0.2*SIN(2*PI()*((A21)+(Inputs!$C$6))/(0.5*(Inputs!$C$39+Inputs!$C$40))))+Inputs!$C$38*SIN(2*PI()*(A21)/Inputs!$C$39)*SIN(2*PI()*(Inputs!$C$6)/Inputs!$C$40)+-Inputs!$C$41*EXP(-(((Inputs!$C$6)-Inputs!$C$43)^2)/(2*Inputs!$C$44^2))*EXP(-(((A21)-Inputs!$C$42)^2)/(2*Inputs!$C$45^2))+Inputs!$C$48*(0.7*(0.45*SIN(2*PI()*(((A21)/Inputs!$C$49)+Inputs!$C$47*0.137))+0.35*COS(2*PI()*(((Inputs!$C$6)/Inputs!$C$50)+Inputs!$C$47*0.173))+0.2*SIN(2*PI()*(((A21)+(Inputs!$C$6))/(0.5*(Inputs!$C$49+Inputs!$C$50))+Inputs!$C$47*0.097)))+0.3*(2*((SIN(((A21)*12.9898+(Inputs!$C$6)*78.233+Inputs!$C$47*37.719))*43758.5453)-INT((SIN(((A21)*12.9898+(Inputs!$C$6)*78.233+Inputs!$C$47*37.719))*43758.5453)))-1))) -> 249.72787 | Z21: =B21-X21/1000 -> 402.78562 | AA21: =SQRT((Inputs!$C$52+B21)^2+(Inputs!$C$52+Y21/1000)^2-2*(Inputs!$C$52+B21)*(Inputs!$C$52+Y21/1000)*COS(SQRT(A21^2+Inputs!$C$6^2)/Inputs!$C$52)) -> 407.51534 | AB21: =(AA21-Z21)*1000 -> 4729.7246 | AC21: =AB21/Inputs!$C$12 -> 2657.1487 | AD21: =2*AB21/Inputs!$C$21*1000000 -> 31.553326 | AE21: =DEGREES(ATAN(H21/(B21-Y21/1000))) -> 7.9678814 | AF21: =DEGREES((2*PI()/Inputs!$C$13)*Inputs!$C$15*SIN(RADIANS(AE21))) -> 49.902465 | AG21: =(Z21/AA21)^4 -> 0.954377 | AH21: =10*LOG10(AG21) -> -0.20280037 | AI21: =AC21-F21 -> -111.19561 | AJ21: =AD21-G21 -> -1.3204348 | AK21: =Y21-X21 -> 201.73204 | AL21: =1000*(AA22-AA20)/(A22-A20)*Inputs!$C$11 -> -1153.8507 | AM21: =-2*AL21/Inputs!$C$13 -> 461.54026 | AN21: =-2*AL21/Inputs!$C$14 -> 69.30034 | AO21: =ABS(AM21) -> 461.54026 | AP21: =ABS(AN21) -> 69.30034 | AQ21: =IF(OR(Inputs!$C$27=TRUE,Inputs!$C$27="TRUE",Inputs!$C$27=1),Inputs!$C$46/Inputs!$C$12,0) -> 42.134831 | AR21: =AC21-AQ21 -> 2615.0138 | AS21: =AC21+AQ21 -> 2699.2835
A22: =Inputs!$C$7+20*(Inputs!$C$8-Inputs!$C$7)/240 -> -50 | B22: =Inputs!$C$5+Inputs!$C$9*(A22/Inputs!$C$10)^2 -> 402.77778 | C22: =B22 -> 402.77778 | D22: =SQRT((Inputs!$C$52+B22)^2+Inputs!$C$52^2-2*(Inputs!$C$52+B22)*Inputs!$C$52*COS(SQRT(A22^2+Inputs!$C$6^2)/Inputs!$C$52)) -> 407.62845 | E22: =(D22-C22)*1000 -> 4850.6694 | F22: =E22/Inputs!$C$12 -> 2725.0952 | G22: =2*E22/Inputs!$C$21*1000000 -> 32.360183 | H22: =SQRT(A22^2+Inputs!$C$6^2) -> 55.901699 | I22: =DEGREES(ATAN(H22/B22)) -> 7.9016279 | J22: =DEGREES((2*PI()/Inputs!$C$13)*Inputs!$C$15*SIN(RADIANS(I22))) -> 49.490168 | K22: =(C22/D22)^4 -> 0.95324397 | L22: =10*LOG10(K22) -> -0.20795932 | M22: =2*(Inputs!$C$9/(Inputs!$C$10^2))*A22 -> -0.11111111 | N22: =M22*Inputs!$C$11 -> -0.44444444 | O22: =1000*(D23-D21)/(A23-A21)*Inputs!$C$11 -> -1057.3714 | P22: =-2*O22/Inputs!$C$13 -> 422.94855 | Q22: =-2*O22/Inputs!$C$14 -> 63.505788 | R22: =F22-Inputs!$C$16/2 -> 2710.0952 | S22: =F22+Inputs!$C$16/2 -> 2740.0952 | T22: =F22-Inputs!$C$17/2 -> 2575.0952 | U22: =F22+Inputs!$C$17/2 -> 2875.0952 | V22: =ABS(P22) -> 422.94855 | W22: =ABS(Q22) -> 63.505788 | X22: =IF(OR(Inputs!$C$27=TRUE,Inputs!$C$27="TRUE",Inputs!$C$27=1),1,0)*(Inputs!$C$51*(115*EXP(-(((0)-25)^2)/(4.5^2))+70*EXP(-(((0)+38)^2)/(7^2))*(0.55+0.45*SIN(2*PI()*(A22)/45))+24*SIN(2*PI()*(0)/9+(A22)/18)*EXP(-(((0)+5)^2)/(22^2))+18*SIN(2*PI()*(A22)/70))+Inputs!$C$28*EXP(-(((A22)-Inputs!$C$29)^2)/(2*Inputs!$C$31^2))*EXP(-(((0)-Inputs!$C$30)^2)/(2*Inputs!$C$32^2))+-Inputs!$C$33*EXP(-(((((A22)-Inputs!$C$34)^2)+(((0)-Inputs!$C$35)^2))/(2*Inputs!$C$36^2)))+Inputs!$C$37*(0.55*SIN(2*PI()*(A22)/Inputs!$C$39)+0.35*COS(2*PI()*(0)/Inputs!$C$40)+0.2*SIN(2*PI()*((A22)+(0))/(0.5*(Inputs!$C$39+Inputs!$C$40))))+Inputs!$C$38*SIN(2*PI()*(A22)/Inputs!$C$39)*SIN(2*PI()*(0)/Inputs!$C$40)+-Inputs!$C$41*EXP(-(((0)-Inputs!$C$43)^2)/(2*Inputs!$C$44^2))*EXP(-(((A22)-Inputs!$C$42)^2)/(2*Inputs!$C$45^2))+Inputs!$C$48*(0.7*(0.45*SIN(2*PI()*(((A22)/Inputs!$C$49)+Inputs!$C$47*0.137))+0.35*COS(2*PI()*(((0)/Inputs!$C$50)+Inputs!$C$47*0.173))+0.2*SIN(2*PI()*(((A22)+(0))/(0.5*(Inputs!$C$49+Inputs!$C$50))+Inputs!$C$47*0.097)))+0.3*(2*((SIN(((A22)*12.9898+(0)*78.233+Inputs!$C$47*37.719))*43758.5453)-INT((SIN(((A22)*12.9898+(0)*78.233+Inputs!$C$47*37.719))*43758.5453)))-1))) -> 29.03442 | Y22: =IF(OR(Inputs!$C$27=TRUE,Inputs!$C$27="TRUE",Inputs!$C$27=1),1,0)*(Inputs!$C$51*(115*EXP(-(((Inputs!$C$6)-25)^2)/(4.5^2))+70*EXP(-(((Inputs!$C$6)+38)^2)/(7^2))*(0.55+0.45*SIN(2*PI()*(A22)/45))+24*SIN(2*PI()*(Inputs!$C$6)/9+(A22)/18)*EXP(-(((Inputs!$C$6)+5)^2)/(22^2))+18*SIN(2*PI()*(A22)/70))+Inputs!$C$28*EXP(-(((A22)-Inputs!$C$29)^2)/(2*Inputs!$C$31^2))*EXP(-(((Inputs!$C$6)-Inputs!$C$30)^2)/(2*Inputs!$C$32^2))+-Inputs!$C$33*EXP(-(((((A22)-Inputs!$C$34)^2)+(((Inputs!$C$6)-Inputs!$C$35)^2))/(2*Inputs!$C$36^2)))+Inputs!$C$37*(0.55*SIN(2*PI()*(A22)/Inputs!$C$39)+0.35*COS(2*PI()*(Inputs!$C$6)/Inputs!$C$40)+0.2*SIN(2*PI()*((A22)+(Inputs!$C$6))/(0.5*(Inputs!$C$39+Inputs!$C$40))))+Inputs!$C$38*SIN(2*PI()*(A22)/Inputs!$C$39)*SIN(2*PI()*(Inputs!$C$6)/Inputs!$C$40)+-Inputs!$C$41*EXP(-(((Inputs!$C$6)-Inputs!$C$43)^2)/(2*Inputs!$C$44^2))*EXP(-(((A22)-Inputs!$C$42)^2)/(2*Inputs!$C$45^2))+Inputs!$C$48*(0.7*(0.45*SIN(2*PI()*(((A22)/Inputs!$C$49)+Inputs!$C$47*0.137))+0.35*COS(2*PI()*(((Inputs!$C$6)/Inputs!$C$50)+Inputs!$C$47*0.173))+0.2*SIN(2*PI()*(((A22)+(Inputs!$C$6))/(0.5*(Inputs!$C$49+Inputs!$C$50))+Inputs!$C$47*0.097)))+0.3*(2*((SIN(((A22)*12.9898+(Inputs!$C$6)*78.233+Inputs!$C$47*37.719))*43758.5453)-INT((SIN(((A22)*12.9898+(Inputs!$C$6)*78.233+Inputs!$C$47*37.719))*43758.5453)))-1))) -> 273.71504 | Z22: =B22-X22/1000 -> 402.74874 | AA22: =SQRT((Inputs!$C$52+B22)^2+(Inputs!$C$52+Y22/1000)^2-2*(Inputs!$C$52+B22)*(Inputs!$C$52+Y22/1000)*COS(SQRT(A22^2+Inputs!$C$6^2)/Inputs!$C$52)) -> 407.35884 | AB22: =(AA22-Z22)*1000 -> 4610.0943 | AC22: =AB22/Inputs!$C$12 -> 2589.9406 | AD22: =2*AB22/Inputs!$C$21*1000000 -> 30.755239 | AE22: =DEGREES(ATAN(H22/(B22-Y22/1000))) -> 7.9069333 | AF22: =DEGREES((2*PI()/Inputs!$C$13)*Inputs!$C$15*SIN(RADIANS(AE22))) -> 49.523186 | AG22: =(Z22/AA22)^4 -> 0.95549453 | AH22: =10*LOG10(AG22) -> -0.19771795 | AI22: =AC22-F22 -> -135.15458 | AJ22: =AD22-G22 -> -1.6049447 | AK22: =Y22-X22 -> 244.68062 | AL22: =1000*(AA23-AA21)/(A23-A21)*Inputs!$C$11 -> -1094.0517 | AM22: =-2*AL22/Inputs!$C$13 -> 437.62067 | AN22: =-2*AL22/Inputs!$C$14 -> 65.70881 | AO22: =ABS(AM22) -> 437.62067 | AP22: =ABS(AN22) -> 65.70881 | AQ22: =IF(OR(Inputs!$C$27=TRUE,Inputs!$C$27="TRUE",Inputs!$C$27=1),Inputs!$C$46/Inputs!$C$12,0) -> 42.134831 | AR22: =AC22-AQ22 -> 2547.8058 | AS22: =AC22+AQ22 -> 2632.0754
A23: =Inputs!$C$7+21*(Inputs!$C$8-Inputs!$C$7)/240 -> -49.5 | B23: =Inputs!$C$5+Inputs!$C$9*(A23/Inputs!$C$10)^2 -> 402.7225 | C23: =B23 -> 402.7225 | D23: =SQRT((Inputs!$C$52+B23)^2+Inputs!$C$52^2-2*(Inputs!$C$52+B23)*Inputs!$C$52*COS(SQRT(A23^2+Inputs!$C$6^2)/Inputs!$C$52)) -> 407.49692 | E23: =(D23-C23)*1000 -> 4774.4211 | F23: =E23/Inputs!$C$12 -> 2682.259 | G23: =2*E23/Inputs!$C$21*1000000 -> 31.851509 | H23: =SQRT(A23^2+Inputs!$C$6^2) -> 55.454937 | I23: =DEGREES(ATAN(H23/B23)) -> 7.8403295 | J23: =DEGREES((2*PI()/Inputs!$C$13)*Inputs!$C$15*SIN(RADIANS(I23))) -> 49.108647 | K23: =(C23/D23)^4 -> 0.9539514 | L23: =10*LOG10(K23) -> -0.2047375 | M23: =2*(Inputs!$C$9/(Inputs!$C$10^2))*A23 -> -0.11 | N23: =M23*Inputs!$C$11 -> -0.44 | O23: =1000*(D24-D22)/(A24-A22)*Inputs!$C$11 -> -1047.0435 | P23: =-2*O23/Inputs!$C$13 -> 418.81741 | Q23: =-2*O23/Inputs!$C$14 -> 62.885497 | R23: =F23-Inputs!$C$16/2 -> 2667.259 | S23: =F23+Inputs!$C$16/2 -> 2697.259 | T23: =F23-Inputs!$C$17/2 -> 2532.259 | U23: =F23+Inputs!$C$17/2 -> 2832.259 | V23: =ABS(P23) -> 418.81741 | W23: =ABS(Q23) -> 62.885497 | X23: =IF(OR(Inputs!$C$27=TRUE,Inputs!$C$27="TRUE",Inputs!$C$27=1),1,0)*(Inputs!$C$51*(115*EXP(-(((0)-25)^2)/(4.5^2))+70*EXP(-(((0)+38)^2)/(7^2))*(0.55+0.45*SIN(2*PI()*(A23)/45))+24*SIN(2*PI()*(0)/9+(A23)/18)*EXP(-(((0)+5)^2)/(22^2))+18*SIN(2*PI()*(A23)/70))+Inputs!$C$28*EXP(-(((A23)-Inputs!$C$29)^2)/(2*Inputs!$C$31^2))*EXP(-(((0)-Inputs!$C$30)^2)/(2*Inputs!$C$32^2))+-Inputs!$C$33*EXP(-(((((A23)-Inputs!$C$34)^2)+(((0)-Inputs!$C$35)^2))/(2*Inputs!$C$36^2)))+Inputs!$C$37*(0.55*SIN(2*PI()*(A23)/Inputs!$C$39)+0.35*COS(2*PI()*(0)/Inputs!$C$40)+0.2*SIN(2*PI()*((A23)+(0))/(0.5*(Inputs!$C$39+Inputs!$C$40))))+Inputs!$C$38*SIN(2*PI()*(A23)/Inputs!$C$39)*SIN(2*PI()*(0)/Inputs!$C$40)+-Inputs!$C$41*EXP(-(((0)-Inputs!$C$43)^2)/(2*Inputs!$C$44^2))*EXP(-(((A23)-Inputs!$C$42)^2)/(2*Inputs!$C$45^2))+Inputs!$C$48*(0.7*(0.45*SIN(2*PI()*(((A23)/Inputs!$C$49)+Inputs!$C$47*0.137))+0.35*COS(2*PI()*(((0)/Inputs!$C$50)+Inputs!$C$47*0.173))+0.2*SIN(2*PI()*(((A23)+(0))/(0.5*(Inputs!$C$49+Inputs!$C$50))+Inputs!$C$47*0.097)))+0.3*(2*((SIN(((A23)*12.9898+(0)*78.233+Inputs!$C$47*37.719))*43758.5453)-INT((SIN(((A23)*12.9898+(0)*78.233+Inputs!$C$47*37.719))*43758.5453)))-1))) -> 51.904617 | Y23: =IF(OR(Inputs!$C$27=TRUE,Inputs!$C$27="TRUE",Inputs!$C$27=1),1,0)*(Inputs!$C$51*(115*EXP(-(((Inputs!$C$6)-25)^2)/(4.5^2))+70*EXP(-(((Inputs!$C$6)+38)^2)/(7^2))*(0.55+0.45*SIN(2*PI()*(A23)/45))+24*SIN(2*PI()*(Inputs!$C$6)/9+(A23)/18)*EXP(-(((Inputs!$C$6)+5)^2)/(22^2))+18*SIN(2*PI()*(A23)/70))+Inputs!$C$28*EXP(-(((A23)-Inputs!$C$29)^2)/(2*Inputs!$C$31^2))*EXP(-(((Inputs!$C$6)-Inputs!$C$30)^2)/(2*Inputs!$C$32^2))+-Inputs!$C$33*EXP(-(((((A23)-Inputs!$C$34)^2)+(((Inputs!$C$6)-Inputs!$C$35)^2))/(2*Inputs!$C$36^2)))+Inputs!$C$37*(0.55*SIN(2*PI()*(A23)/Inputs!$C$39)+0.35*COS(2*PI()*(Inputs!$C$6)/Inputs!$C$40)+0.2*SIN(2*PI()*((A23)+(Inputs!$C$6))/(0.5*(Inputs!$C$39+Inputs!$C$40))))+Inputs!$C$38*SIN(2*PI()*(A23)/Inputs!$C$39)*SIN(2*PI()*(Inputs!$C$6)/Inputs!$C$40)+-Inputs!$C$41*EXP(-(((Inputs!$C$6)-Inputs!$C$43)^2)/(2*Inputs!$C$44^2))*EXP(-(((A23)-Inputs!$C$42)^2)/(2*Inputs!$C$45^2))+Inputs!$C$48*(0.7*(0.45*SIN(2*PI()*(((A23)/Inputs!$C$49)+Inputs!$C$47*0.137))+0.35*COS(2*PI()*(((Inputs!$C$6)/Inputs!$C$50)+Inputs!$C$47*0.173))+0.2*SIN(2*PI()*(((A23)+(Inputs!$C$6))/(0.5*(Inputs!$C$49+Inputs!$C$50))+Inputs!$C$47*0.097)))+0.3*(2*((SIN(((A23)*12.9898+(Inputs!$C$6)*78.233+Inputs!$C$47*37.719))*43758.5453)-INT((SIN(((A23)*12.9898+(Inputs!$C$6)*78.233+Inputs!$C$47*37.719))*43758.5453)))-1))) -> 258.91748 | Z23: =B23-X23/1000 -> 402.6706 | AA23: =SQRT((Inputs!$C$52+B23)^2+(Inputs!$C$52+Y23/1000)^2-2*(Inputs!$C$52+B23)*(Inputs!$C$52+Y23/1000)*COS(SQRT(A23^2+Inputs!$C$6^2)/Inputs!$C$52)) -> 407.24183 | AB23: =(AA23-Z23)*1000 -> 4571.2316 | AC23: =AB23/Inputs!$C$12 -> 2568.1076 | AD23: =2*AB23/Inputs!$C$21*1000000 -> 30.495974 | AE23: =DEGREES(ATAN(H23/(B23-Y23/1000))) -> 7.8453106 | AF23: =DEGREES((2*PI()/Inputs!$C$13)*Inputs!$C$15*SIN(RADIANS(AE23))) -> 49.139652 | AG23: =(Z23/AA23)^4 -> 0.95585091 | AH23: =10*LOG10(AG23) -> -0.19609841 | AI23: =AC23-F23 -> -114.15139 | AJ23: =AD23-G23 -> -1.3555343 | AK23: =Y23-X23 -> 207.01287 | AL23: =1000*(AA24-AA22)/(A24-A22)*Inputs!$C$11 -> -1028.146 | AM23: =-2*AL23/Inputs!$C$13 -> 411.25841 | AN23: =-2*AL23/Inputs!$C$14 -> 61.750512 | AO23: =ABS(AM23) -> 411.25841 | AP23: =ABS(AN23) -> 61.750512 | AQ23: =IF(OR(Inputs!$C$27=TRUE,Inputs!$C$27="TRUE",Inputs!$C$27=1),Inputs!$C$46/Inputs!$C$12,0) -> 42.134831 | AR23: =AC23-AQ23 -> 2525.9728 | AS23: =AC23+AQ23 -> 2610.2425
A24: =Inputs!$C$7+22*(Inputs!$C$8-Inputs!$C$7)/240 -> -49 | B24: =Inputs!$C$5+Inputs!$C$9*(A24/Inputs!$C$10)^2 -> 402.66778 | C24: =B24 -> 402.66778 | D24: =SQRT((Inputs!$C$52+B24)^2+Inputs!$C$52^2-2*(Inputs!$C$52+B24)*Inputs!$C$52*COS(SQRT(A24^2+Inputs!$C$6^2)/Inputs!$C$52)) -> 407.36669 | E24: =(D24-C24)*1000 -> 4698.9086 | F24: =E24/Inputs!$C$12 -> 2639.8363 | G24: =2*E24/Inputs!$C$21*1000000 -> 31.347744 | H24: =SQRT(A24^2+Inputs!$C$6^2) -> 55.00909 | I24: =DEGREES(ATAN(H24/B24)) -> 7.7791136 | J24: =DEGREES((2*PI()/Inputs!$C$13)*Inputs!$C$15*SIN(RADIANS(I24))) -> 48.727584 | K24: =(C24/D24)^4 -> 0.95465284 | L24: =10*LOG10(K24) -> -0.2015453 | M24: =2*(Inputs!$C$9/(Inputs!$C$10^2))*A24 -> -0.10888889 | N24: =M24*Inputs!$C$11 -> -0.43555556 | O24: =1000*(D25-D23)/(A25-A23)*Inputs!$C$11 -> -1036.7085 | P24: =-2*O24/Inputs!$C$13 -> 414.68339 | Q24: =-2*O24/Inputs!$C$14 -> 62.264773 | R24: =F24-Inputs!$C$16/2 -> 2624.8363 | S24: =F24+Inputs!$C$16/2 -> 2654.8363 | T24: =F24-Inputs!$C$17/2 -> 2489.8363 | U24: =F24+Inputs!$C$17/2 -> 2789.8363 | V24: =ABS(P24) -> 414.68339 | W24: =ABS(Q24) -> 62.264773 | X24: =IF(OR(Inputs!$C$27=TRUE,Inputs!$C$27="TRUE",Inputs!$C$27=1),1,0)*(Inputs!$C$51*(115*EXP(-(((0)-25)^2)/(4.5^2))+70*EXP(-(((0)+38)^2)/(7^2))*(0.55+0.45*SIN(2*PI()*(A24)/45))+24*SIN(2*PI()*(0)/9+(A24)/18)*EXP(-(((0)+5)^2)/(22^2))+18*SIN(2*PI()*(A24)/70))+Inputs!$C$28*EXP(-(((A24)-Inputs!$C$29)^2)/(2*Inputs!$C$31^2))*EXP(-(((0)-Inputs!$C$30)^2)/(2*Inputs!$C$32^2))+-Inputs!$C$33*EXP(-(((((A24)-Inputs!$C$34)^2)+(((0)-Inputs!$C$35)^2))/(2*Inputs!$C$36^2)))+Inputs!$C$37*(0.55*SIN(2*PI()*(A24)/Inputs!$C$39)+0.35*COS(2*PI()*(0)/Inputs!$C$40)+0.2*SIN(2*PI()*((A24)+(0))/(0.5*(Inputs!$C$39+Inputs!$C$40))))+Inputs!$C$38*SIN(2*PI()*(A24)/Inputs!$C$39)*SIN(2*PI()*(0)/Inputs!$C$40)+-Inputs!$C$41*EXP(-(((0)-Inputs!$C$43)^2)/(2*Inputs!$C$44^2))*EXP(-(((A24)-Inputs!$C$42)^2)/(2*Inputs!$C$45^2))+Inputs!$C$48*(0.7*(0.45*SIN(2*PI()*(((A24)/Inputs!$C$49)+Inputs!$C$47*0.137))+0.35*COS(2*PI()*(((0)/Inputs!$C$50)+Inputs!$C$47*0.173))+0.2*SIN(2*PI()*(((A24)+(0))/(0.5*(Inputs!$C$49+Inputs!$C$50))+Inputs!$C$47*0.097)))+0.3*(2*((SIN(((A24)*12.9898+(0)*78.233+Inputs!$C$47*37.719))*43758.5453)-INT((SIN(((A24)*12.9898+(0)*78.233+Inputs!$C$47*37.719))*43758.5453)))-1))) -> 39.643003 | Y24: =IF(OR(Inputs!$C$27=TRUE,Inputs!$C$27="TRUE",Inputs!$C$27=1),1,0)*(Inputs!$C$51*(115*EXP(-(((Inputs!$C$6)-25)^2)/(4.5^2))+70*EXP(-(((Inputs!$C$6)+38)^2)/(7^2))*(0.55+0.45*SIN(2*PI()*(A24)/45))+24*SIN(2*PI()*(Inputs!$C$6)/9+(A24)/18)*EXP(-(((Inputs!$C$6)+5)^2)/(22^2))+18*SIN(2*PI()*(A24)/70))+Inputs!$C$28*EXP(-(((A24)-Inputs!$C$29)^2)/(2*Inputs!$C$31^2))*EXP(-(((Inputs!$C$6)-Inputs!$C$30)^2)/(2*Inputs!$C$32^2))+-Inputs!$C$33*EXP(-(((((A24)-Inputs!$C$34)^2)+(((Inputs!$C$6)-Inputs!$C$35)^2))/(2*Inputs!$C$36^2)))+Inputs!$C$37*(0.55*SIN(2*PI()*(A24)/Inputs!$C$39)+0.35*COS(2*PI()*(Inputs!$C$6)/Inputs!$C$40)+0.2*SIN(2*PI()*((A24)+(Inputs!$C$6))/(0.5*(Inputs!$C$39+Inputs!$C$40))))+Inputs!$C$38*SIN(2*PI()*(A24)/Inputs!$C$39)*SIN(2*PI()*(Inputs!$C$6)/Inputs!$C$40)+-Inputs!$C$41*EXP(-(((Inputs!$C$6)-Inputs!$C$43)^2)/(2*Inputs!$C$44^2))*EXP(-(((A24)-Inputs!$C$42)^2)/(2*Inputs!$C$45^2))+Inputs!$C$48*(0.7*(0.45*SIN(2*PI()*(((A24)/Inputs!$C$49)+Inputs!$C$47*0.137))+0.35*COS(2*PI()*(((Inputs!$C$6)/Inputs!$C$50)+Inputs!$C$47*0.173))+0.2*SIN(2*PI()*(((A24)+(Inputs!$C$6))/(0.5*(Inputs!$C$49+Inputs!$C$50))+Inputs!$C$47*0.097)))+0.3*(2*((SIN(((A24)*12.9898+(Inputs!$C$6)*78.233+Inputs!$C$47*37.719))*43758.5453)-INT((SIN(((A24)*12.9898+(Inputs!$C$6)*78.233+Inputs!$C$47*37.719))*43758.5453)))-1))) -> 268.7928 | Z24: =B24-X24/1000 -> 402.62813 | AA24: =SQRT((Inputs!$C$52+B24)^2+(Inputs!$C$52+Y24/1000)^2-2*(Inputs!$C$52+B24)*(Inputs!$C$52+Y24/1000)*COS(SQRT(A24^2+Inputs!$C$6^2)/Inputs!$C$52)) -> 407.1018 | AB24: =(AA24-Z24)*1000 -> 4473.6664 | AC24: =AB24/Inputs!$C$12 -> 2513.2957 | AD24: =2*AB24/Inputs!$C$21*1000000 -> 29.845089 | AE24: =DEGREES(ATAN(H24/(B24-Y24/1000))) -> 7.7842461 | AF24: =DEGREES((2*PI()/Inputs!$C$13)*Inputs!$C$15*SIN(RADIANS(AE24))) -> 48.759536 | AG24: =(Z24/AA24)^4 -> 0.95676302 | AH24: =10*LOG10(AG24) -> -0.19195619 | AI24: =AC24-F24 -> -126.54056 | AJ24: =AD24-G24 -> -1.5026542 | AK24: =Y24-X24 -> 229.14979 | AL24: =1000*(AA25-AA23)/(A25-A23)*Inputs!$C$11 -> -1063.0657 | AM24: =-2*AL24/Inputs!$C$13 -> 425.22629 | AN24: =-2*AL24/Inputs!$C$14 -> 63.847791 | AO24: =ABS(AM24) -> 425.22629 | AP24: =ABS(AN24) -> 63.847791 | AQ24: =IF(OR(Inputs!$C$27=TRUE,Inputs!$C$27="TRUE",Inputs!$C$27=1),Inputs!$C$46/Inputs!$C$12,0) -> 42.134831 | AR24: =AC24-AQ24 -> 2471.1609 | AS24: =AC24+AQ24 -> 2555.4305
A25: =Inputs!$C$7+23*(Inputs!$C$8-Inputs!$C$7)/240 -> -48.5 | B25: =Inputs!$C$5+Inputs!$C$9*(A25/Inputs!$C$10)^2 -> 402.61361 | C25: =B25 -> 402.61361 | D25: =SQRT((Inputs!$C$52+B25)^2+Inputs!$C$52^2-2*(Inputs!$C$52+B25)*Inputs!$C$52*COS(SQRT(A25^2+Inputs!$C$6^2)/Inputs!$C$52)) -> 407.23774 | E25: =(D25-C25)*1000 -> 4624.1328 | F25: =E25/Inputs!$C$12 -> 2597.8274 | G25: =2*E25/Inputs!$C$21*1000000 -> 30.848894 | H25: =SQRT(A25^2+Inputs!$C$6^2) -> 54.564182 | I25: =DEGREES(ATAN(H25/B25)) -> 7.7179838 | J25: =DEGREES((2*PI()/Inputs!$C$13)*Inputs!$C$15*SIN(RADIANS(I25))) -> 48.347001 | K25: =(C25/D25)^4 -> 0.95534827 | L25: =10*LOG10(K25) -> -0.1983828 | M25: =2*(Inputs!$C$9/(Inputs!$C$10^2))*A25 -> -0.10777778 | N25: =M25*Inputs!$C$11 -> -0.43111111 | O25: =1000*(D26-D24)/(A26-A24)*Inputs!$C$11 -> -1026.3663 | P25: =-2*O25/Inputs!$C$13 -> 410.54653 | Q25: =-2*O25/Inputs!$C$14 -> 61.643623 | R25: =F25-Inputs!$C$16/2 -> 2582.8274 | S25: =F25+Inputs!$C$16/2 -> 2612.8274 | T25: =F25-Inputs!$C$17/2 -> 2447.8274 | U25: =F25+Inputs!$C$17/2 -> 2747.8274 | V25: =ABS(P25) -> 410.54653 | W25: =ABS(Q25) -> 61.643623 | X25: =IF(OR(Inputs!$C$27=TRUE,Inputs!$C$27="TRUE",Inputs!$C$27=1),1,0)*(Inputs!$C$51*(115*EXP(-(((0)-25)^2)/(4.5^2))+70*EXP(-(((0)+38)^2)/(7^2))*(0.55+0.45*SIN(2*PI()*(A25)/45))+24*SIN(2*PI()*(0)/9+(A25)/18)*EXP(-(((0)+5)^2)/(22^2))+18*SIN(2*PI()*(A25)/70))+Inputs!$C$28*EXP(-(((A25)-Inputs!$C$29)^2)/(2*Inputs!$C$31^2))*EXP(-(((0)-Inputs!$C$30)^2)/(2*Inputs!$C$32^2))+-Inputs!$C$33*EXP(-(((((A25)-Inputs!$C$34)^2)+(((0)-Inputs!$C$35)^2))/(2*Inputs!$C$36^2)))+Inputs!$C$37*(0.55*SIN(2*PI()*(A25)/Inputs!$C$39)+0.35*COS(2*PI()*(0)/Inputs!$C$40)+0.2*SIN(2*PI()*((A25)+(0))/(0.5*(Inputs!$C$39+Inputs!$C$40))))+Inputs!$C$38*SIN(2*PI()*(A25)/Inputs!$C$39)*SIN(2*PI()*(0)/Inputs!$C$40)+-Inputs!$C$41*EXP(-(((0)-Inputs!$C$43)^2)/(2*Inputs!$C$44^2))*EXP(-(((A25)-Inputs!$C$42)^2)/(2*Inputs!$C$45^2))+Inputs!$C$48*(0.7*(0.45*SIN(2*PI()*(((A25)/Inputs!$C$49)+Inputs!$C$47*0.137))+0.35*COS(2*PI()*(((0)/Inputs!$C$50)+Inputs!$C$47*0.173))+0.2*SIN(2*PI()*(((A25)+(0))/(0.5*(Inputs!$C$49+Inputs!$C$50))+Inputs!$C$47*0.097)))+0.3*(2*((SIN(((A25)*12.9898+(0)*78.233+Inputs!$C$47*37.719))*43758.5453)-INT((SIN(((A25)*12.9898+(0)*78.233+Inputs!$C$47*37.719))*43758.5453)))-1))) -> 40.32936 | Y25: =IF(OR(Inputs!$C$27=TRUE,Inputs!$C$27="TRUE",Inputs!$C$27=1),1,0)*(Inputs!$C$51*(115*EXP(-(((Inputs!$C$6)-25)^2)/(4.5^2))+70*EXP(-(((Inputs!$C$6)+38)^2)/(7^2))*(0.55+0.45*SIN(2*PI()*(A25)/45))+24*SIN(2*PI()*(Inputs!$C$6)/9+(A25)/18)*EXP(-(((Inputs!$C$6)+5)^2)/(22^2))+18*SIN(2*PI()*(A25)/70))+Inputs!$C$28*EXP(-(((A25)-Inputs!$C$29)^2)/(2*Inputs!$C$31^2))*EXP(-(((Inputs!$C$6)-Inputs!$C$30)^2)/(2*Inputs!$C$32^2))+-Inputs!$C$33*EXP(-(((((A25)-Inputs!$C$34)^2)+(((Inputs!$C$6)-Inputs!$C$35)^2))/(2*Inputs!$C$36^2)))+Inputs!$C$37*(0.55*SIN(2*PI()*(A25)/Inputs!$C$39)+0.35*COS(2*PI()*(Inputs!$C$6)/Inputs!$C$40)+0.2*SIN(2*PI()*((A25)+(Inputs!$C$6))/(0.5*(Inputs!$C$39+Inputs!$C$40))))+Inputs!$C$38*SIN(2*PI()*(A25)/Inputs!$C$39)*SIN(2*PI()*(Inputs!$C$6)/Inputs!$C$40)+-Inputs!$C$41*EXP(-(((Inputs!$C$6)-Inputs!$C$43)^2)/(2*Inputs!$C$44^2))*EXP(-(((A25)-Inputs!$C$42)^2)/(2*Inputs!$C$45^2))+Inputs!$C$48*(0.7*(0.45*SIN(2*PI()*(((A25)/Inputs!$C$49)+Inputs!$C$47*0.137))+0.35*COS(2*PI()*(((Inputs!$C$6)/Inputs!$C$50)+Inputs!$C$47*0.173))+0.2*SIN(2*PI()*(((A25)+(Inputs!$C$6))/(0.5*(Inputs!$C$49+Inputs!$C$50))+Inputs!$C$47*0.097)))+0.3*(2*((SIN(((A25)*12.9898+(Inputs!$C$6)*78.233+Inputs!$C$47*37.719))*43758.5453)-INT((SIN(((A25)*12.9898+(Inputs!$C$6)*78.233+Inputs!$C$47*37.719))*43758.5453)))-1))) -> 265.48246 | Z25: =B25-X25/1000 -> 402.57328 | AA25: =SQRT((Inputs!$C$52+B25)^2+(Inputs!$C$52+Y25/1000)^2-2*(Inputs!$C$52+B25)*(Inputs!$C$52+Y25/1000)*COS(SQRT(A25^2+Inputs!$C$6^2)/Inputs!$C$52)) -> 406.97606 | AB25: =(AA25-Z25)*1000 -> 4402.7788 | AC25: =AB25/Inputs!$C$12 -> 2473.4712 | AD25: =2*AB25/Inputs!$C$21*1000000 -> 29.372178 | AE25: =DEGREES(ATAN(H25/(B25-Y25/1000))) -> 7.7230149 | AF25: =DEGREES((2*PI()/Inputs!$C$13)*Inputs!$C$15*SIN(RADIANS(AE25))) -> 48.378326 | AG25: =(Z25/AA25)^4 -> 0.95742406 | AH25: =10*LOG10(AG25) -> -0.18895662 | AI25: =AC25-F25 -> -124.35621 | AJ25: =AD25-G25 -> -1.4767153 | AK25: =Y25-X25 -> 225.1531 | AL25: =1000*(AA26-AA24)/(A26-A24)*Inputs!$C$11 -> -967.08448 | AM25: =-2*AL25/Inputs!$C$13 -> 386.83379 | AN25: =-2*AL25/Inputs!$C$14 -> 58.083152 | AO25: =ABS(AM25) -> 386.83379 | AP25: =ABS(AN25) -> 58.083152 | AQ25: =IF(OR(Inputs!$C$27=TRUE,Inputs!$C$27="TRUE",Inputs!$C$27=1),Inputs!$C$46/Inputs!$C$12,0) -> 42.134831 | AR25: =AC25-AQ25 -> 2431.3364 | AS25: =AC25+AQ25 -> 2515.6061
A26: =Inputs!$C$7+24*(Inputs!$C$8-Inputs!$C$7)/240 -> -48 | B26: =Inputs!$C$5+Inputs!$C$9*(A26/Inputs!$C$10)^2 -> 402.56 | C26: =B26 -> 402.56 | D26: =SQRT((Inputs!$C$52+B26)^2+Inputs!$C$52^2-2*(Inputs!$C$52+B26)*Inputs!$C$52*COS(SQRT(A26^2+Inputs!$C$6^2)/Inputs!$C$52)) -> 407.11009 | E26: =(D26-C26)*1000 -> 4550.0948 | F26: =E26/Inputs!$C$12 -> 2556.233 | G26: =2*E26/Inputs!$C$21*1000000 -> 30.354965 | H26: =SQRT(A26^2+Inputs!$C$6^2) -> 54.120237 | I26: =DEGREES(ATAN(H26/B26)) -> 7.6569439 | J26: =DEGREES((2*PI()/Inputs!$C$13)*Inputs!$C$15*SIN(RADIANS(I26))) -> 47.966923 | K26: =(C26/D26)^4 -> 0.95603764 | L26: =10*LOG10(K26) -> -0.19525008 | M26: =2*(Inputs!$C$9/(Inputs!$C$10^2))*A26 -> -0.10666667 | N26: =M26*Inputs!$C$11 -> -0.42666667 | O26: =1000*(D27-D25)/(A27-A25)*Inputs!$C$11 -> -1016.0171 | P26: =-2*O26/Inputs!$C$13 -> 406.40684 | Q26: =-2*O26/Inputs!$C$14 -> 61.022048 | R26: =F26-Inputs!$C$16/2 -> 2541.233 | S26: =F26+Inputs!$C$16/2 -> 2571.233 | T26: =F26-Inputs!$C$17/2 -> 2406.233 | U26: =F26+Inputs!$C$17/2 -> 2706.233 | V26: =ABS(P26) -> 406.40684 | W26: =ABS(Q26) -> 61.022048 | X26: =IF(OR(Inputs!$C$27=TRUE,Inputs!$C$27="TRUE",Inputs!$C$27=1),1,0)*(Inputs!$C$51*(115*EXP(-(((0)-25)^2)/(4.5^2))+70*EXP(-(((0)+38)^2)/(7^2))*(0.55+0.45*SIN(2*PI()*(A26)/45))+24*SIN(2*PI()*(0)/9+(A26)/18)*EXP(-(((0)+5)^2)/(22^2))+18*SIN(2*PI()*(A26)/70))+Inputs!$C$28*EXP(-(((A26)-Inputs!$C$29)^2)/(2*Inputs!$C$31^2))*EXP(-(((0)-Inputs!$C$30)^2)/(2*Inputs!$C$32^2))+-Inputs!$C$33*EXP(-(((((A26)-Inputs!$C$34)^2)+(((0)-Inputs!$C$35)^2))/(2*Inputs!$C$36^2)))+Inputs!$C$37*(0.55*SIN(2*PI()*(A26)/Inputs!$C$39)+0.35*COS(2*PI()*(0)/Inputs!$C$40)+0.2*SIN(2*PI()*((A26)+(0))/(0.5*(Inputs!$C$39+Inputs!$C$40))))+Inputs!$C$38*SIN(2*PI()*(A26)/Inputs!$C$39)*SIN(2*PI()*(0)/Inputs!$C$40)+-Inputs!$C$41*EXP(-(((0)-Inputs!$C$43)^2)/(2*Inputs!$C$44^2))*EXP(-(((A26)-Inputs!$C$42)^2)/(2*Inputs!$C$45^2))+Inputs!$C$48*(0.7*(0.45*SIN(2*PI()*(((A26)/Inputs!$C$49)+Inputs!$C$47*0.137))+0.35*COS(2*PI()*(((0)/Inputs!$C$50)+Inputs!$C$47*0.173))+0.2*SIN(2*PI()*(((A26)+(0))/(0.5*(Inputs!$C$49+Inputs!$C$50))+Inputs!$C$47*0.097)))+0.3*(2*((SIN(((A26)*12.9898+(0)*78.233+Inputs!$C$47*37.719))*43758.5453)-INT((SIN(((A26)*12.9898+(0)*78.233+Inputs!$C$47*37.719))*43758.5453)))-1))) -> 55.677054 | Y26: =IF(OR(Inputs!$C$27=TRUE,Inputs!$C$27="TRUE",Inputs!$C$27=1),1,0)*(Inputs!$C$51*(115*EXP(-(((Inputs!$C$6)-25)^2)/(4.5^2))+70*EXP(-(((Inputs!$C$6)+38)^2)/(7^2))*(0.55+0.45*SIN(2*PI()*(A26)/45))+24*SIN(2*PI()*(Inputs!$C$6)/9+(A26)/18)*EXP(-(((Inputs!$C$6)+5)^2)/(22^2))+18*SIN(2*PI()*(A26)/70))+Inputs!$C$28*EXP(-(((A26)-Inputs!$C$29)^2)/(2*Inputs!$C$31^2))*EXP(-(((Inputs!$C$6)-Inputs!$C$30)^2)/(2*Inputs!$C$32^2))+-Inputs!$C$33*EXP(-(((((A26)-Inputs!$C$34)^2)+(((Inputs!$C$6)-Inputs!$C$35)^2))/(2*Inputs!$C$36^2)))+Inputs!$C$37*(0.55*SIN(2*PI()*(A26)/Inputs!$C$39)+0.35*COS(2*PI()*(Inputs!$C$6)/Inputs!$C$40)+0.2*SIN(2*PI()*((A26)+(Inputs!$C$6))/(0.5*(Inputs!$C$39+Inputs!$C$40))))+Inputs!$C$38*SIN(2*PI()*(A26)/Inputs!$C$39)*SIN(2*PI()*(Inputs!$C$6)/Inputs!$C$40)+-Inputs!$C$41*EXP(-(((Inputs!$C$6)-Inputs!$C$43)^2)/(2*Inputs!$C$44^2))*EXP(-(((A26)-Inputs!$C$42)^2)/(2*Inputs!$C$45^2))+Inputs!$C$48*(0.7*(0.45*SIN(2*PI()*(((A26)/Inputs!$C$49)+Inputs!$C$47*0.137))+0.35*COS(2*PI()*(((Inputs!$C$6)/Inputs!$C$50)+Inputs!$C$47*0.173))+0.2*SIN(2*PI()*(((A26)+(Inputs!$C$6))/(0.5*(Inputs!$C$49+Inputs!$C$50))+Inputs!$C$47*0.097)))+0.3*(2*((SIN(((A26)*12.9898+(Inputs!$C$6)*78.233+Inputs!$C$47*37.719))*43758.5453)-INT((SIN(((A26)*12.9898+(Inputs!$C$6)*78.233+Inputs!$C$47*37.719))*43758.5453)))-1))) -> 253.63702 | Z26: =B26-X26/1000 -> 402.50432 | AA26: =SQRT((Inputs!$C$52+B26)^2+(Inputs!$C$52+Y26/1000)^2-2*(Inputs!$C$52+B26)*(Inputs!$C$52+Y26/1000)*COS(SQRT(A26^2+Inputs!$C$6^2)/Inputs!$C$52)) -> 406.86003 | AB26: =(AA26-Z26)*1000 -> 4355.7071 | AC26: =AB26/Inputs!$C$12 -> 2447.0264 | AD26: =2*AB26/Inputs!$C$21*1000000 -> 29.05815 | AE26: =DEGREES(ATAN(H26/(B26-Y26/1000))) -> 7.6617139 | AF26: =DEGREES((2*PI()/Inputs!$C$13)*Inputs!$C$15*SIN(RADIANS(AE26))) -> 47.996627 | AG26: =(Z26/AA26)^4 -> 0.95786011 | AH26: =10*LOG10(AG26) -> -0.18697911 | AI26: =AC26-F26 -> -109.20657 | AJ26: =AD26-G26 -> -1.2968151 | AK26: =Y26-X26 -> 197.95997 | AL26: =1000*(AA27-AA25)/(A27-A25)*Inputs!$C$11 -> -1005.7343 | AM26: =-2*AL26/Inputs!$C$13 -> 402.29372 | AN26: =-2*AL26/Inputs!$C$14 -> 60.404463 | AO26: =ABS(AM26) -> 402.29372 | AP26: =ABS(AN26) -> 60.404463 | AQ26: =IF(OR(Inputs!$C$27=TRUE,Inputs!$C$27="TRUE",Inputs!$C$27=1),Inputs!$C$46/Inputs!$C$12,0) -> 42.134831 | AR26: =AC26-AQ26 -> 2404.8916 | AS26: =AC26+AQ26 -> 2489.1613
A27: =Inputs!$C$7+25*(Inputs!$C$8-Inputs!$C$7)/240 -> -47.5 | B27: =Inputs!$C$5+Inputs!$C$9*(A27/Inputs!$C$10)^2 -> 402.50694 | C27: =B27 -> 402.50694 | D27: =SQRT((Inputs!$C$52+B27)^2+Inputs!$C$52^2-2*(Inputs!$C$52+B27)*Inputs!$C$52*COS(SQRT(A27^2+Inputs!$C$6^2)/Inputs!$C$52)) -> 406.98374 | E27: =(D27-C27)*1000 -> 4476.7952 | F27: =E27/Inputs!$C$12 -> 2515.0535 | G27: =2*E27/Inputs!$C$21*1000000 -> 29.865963 | H27: =SQRT(A27^2+Inputs!$C$6^2) -> 53.677276 | I27: =DEGREES(ATAN(H27/B27)) -> 7.5959977 | J27: =DEGREES((2*PI()/Inputs!$C$13)*Inputs!$C$15*SIN(RADIANS(I27))) -> 47.587374 | K27: =(C27/D27)^4 -> 0.95672094 | L27: =10*LOG10(K27) -> -0.19214722 | M27: =2*(Inputs!$C$9/(Inputs!$C$10^2))*A27 -> -0.10555556 | N27: =M27*Inputs!$C$11 -> -0.42222222 | O27: =1000*(D28-D26)/(A28-A26)*Inputs!$C$11 -> -1005.6609 | P27: =-2*O27/Inputs!$C$13 -> 402.26435 | Q27: =-2*O27/Inputs!$C$14 -> 60.400053 | R27: =F27-Inputs!$C$16/2 -> 2500.0535 | S27: =F27+Inputs!$C$16/2 -> 2530.0535 | T27: =F27-Inputs!$C$17/2 -> 2365.0535 | U27: =F27+Inputs!$C$17/2 -> 2665.0535 | V27: =ABS(P27) -> 402.26435 | W27: =ABS(Q27) -> 60.400053 | X27: =IF(OR(Inputs!$C$27=TRUE,Inputs!$C$27="TRUE",Inputs!$C$27=1),1,0)*(Inputs!$C$51*(115*EXP(-(((0)-25)^2)/(4.5^2))+70*EXP(-(((0)+38)^2)/(7^2))*(0.55+0.45*SIN(2*PI()*(A27)/45))+24*SIN(2*PI()*(0)/9+(A27)/18)*EXP(-(((0)+5)^2)/(22^2))+18*SIN(2*PI()*(A27)/70))+Inputs!$C$28*EXP(-(((A27)-Inputs!$C$29)^2)/(2*Inputs!$C$31^2))*EXP(-(((0)-Inputs!$C$30)^2)/(2*Inputs!$C$32^2))+-Inputs!$C$33*EXP(-(((((A27)-Inputs!$C$34)^2)+(((0)-Inputs!$C$35)^2))/(2*Inputs!$C$36^2)))+Inputs!$C$37*(0.55*SIN(2*PI()*(A27)/Inputs!$C$39)+0.35*COS(2*PI()*(0)/Inputs!$C$40)+0.2*SIN(2*PI()*((A27)+(0))/(0.5*(Inputs!$C$39+Inputs!$C$40))))+Inputs!$C$38*SIN(2*PI()*(A27)/Inputs!$C$39)*SIN(2*PI()*(0)/Inputs!$C$40)+-Inputs!$C$41*EXP(-(((0)-Inputs!$C$43)^2)/(2*Inputs!$C$44^2))*EXP(-(((A27)-Inputs!$C$42)^2)/(2*Inputs!$C$45^2))+Inputs!$C$48*(0.7*(0.45*SIN(2*PI()*(((A27)/Inputs!$C$49)+Inputs!$C$47*0.137))+0.35*COS(2*PI()*(((0)/Inputs!$C$50)+Inputs!$C$47*0.173))+0.2*SIN(2*PI()*(((A27)+(0))/(0.5*(Inputs!$C$49+Inputs!$C$50))+Inputs!$C$47*0.097)))+0.3*(2*((SIN(((A27)*12.9898+(0)*78.233+Inputs!$C$47*37.719))*43758.5453)-INT((SIN(((A27)*12.9898+(0)*78.233+Inputs!$C$47*37.719))*43758.5453)))-1))) -> 53.974959 | Y27: =IF(OR(Inputs!$C$27=TRUE,Inputs!$C$27="TRUE",Inputs!$C$27=1),1,0)*(Inputs!$C$51*(115*EXP(-(((Inputs!$C$6)-25)^2)/(4.5^2))+70*EXP(-(((Inputs!$C$6)+38)^2)/(7^2))*(0.55+0.45*SIN(2*PI()*(A27)/45))+24*SIN(2*PI()*(Inputs!$C$6)/9+(A27)/18)*EXP(-(((Inputs!$C$6)+5)^2)/(22^2))+18*SIN(2*PI()*(A27)/70))+Inputs!$C$28*EXP(-(((A27)-Inputs!$C$29)^2)/(2*Inputs!$C$31^2))*EXP(-(((Inputs!$C$6)-Inputs!$C$30)^2)/(2*Inputs!$C$32^2))+-Inputs!$C$33*EXP(-(((((A27)-Inputs!$C$34)^2)+(((Inputs!$C$6)-Inputs!$C$35)^2))/(2*Inputs!$C$36^2)))+Inputs!$C$37*(0.55*SIN(2*PI()*(A27)/Inputs!$C$39)+0.35*COS(2*PI()*(Inputs!$C$6)/Inputs!$C$40)+0.2*SIN(2*PI()*((A27)+(Inputs!$C$6))/(0.5*(Inputs!$C$39+Inputs!$C$40))))+Inputs!$C$38*SIN(2*PI()*(A27)/Inputs!$C$39)*SIN(2*PI()*(Inputs!$C$6)/Inputs!$C$40)+-Inputs!$C$41*EXP(-(((Inputs!$C$6)-Inputs!$C$43)^2)/(2*Inputs!$C$44^2))*EXP(-(((A27)-Inputs!$C$42)^2)/(2*Inputs!$C$45^2))+Inputs!$C$48*(0.7*(0.45*SIN(2*PI()*(((A27)/Inputs!$C$49)+Inputs!$C$47*0.137))+0.35*COS(2*PI()*(((Inputs!$C$6)/Inputs!$C$50)+Inputs!$C$47*0.173))+0.2*SIN(2*PI()*(((A27)+(Inputs!$C$6))/(0.5*(Inputs!$C$49+Inputs!$C$50))+Inputs!$C$47*0.097)))+0.3*(2*((SIN(((A27)*12.9898+(Inputs!$C$6)*78.233+Inputs!$C$47*37.719))*43758.5453)-INT((SIN(((A27)*12.9898+(Inputs!$C$6)*78.233+Inputs!$C$47*37.719))*43758.5453)))-1))) -> 262.75484 | Z27: =B27-X27/1000 -> 402.45297 | AA27: =SQRT((Inputs!$C$52+B27)^2+(Inputs!$C$52+Y27/1000)^2-2*(Inputs!$C$52+B27)*(Inputs!$C$52+Y27/1000)*COS(SQRT(A27^2+Inputs!$C$6^2)/Inputs!$C$52)) -> 406.72463 | AB27: =(AA27-Z27)*1000 -> 4271.6575 | AC27: =AB27/Inputs!$C$12 -> 2399.8076 | AD27: =2*AB27/Inputs!$C$21*1000000 -> 28.497431 | AE27: =DEGREES(ATAN(H27/(B27-Y27/1000))) -> 7.6009016 | AF27: =DEGREES((2*PI()/Inputs!$C$13)*Inputs!$C$15*SIN(RADIANS(AE27))) -> 47.617916 | AG27: =(Z27/AA27)^4 -> 0.95864689 | AH27: =10*LOG10(AG27) -> -0.18341333 | AI27: =AC27-F27 -> -115.24593 | AJ27: =AD27-G27 -> -1.3685318 | AK27: =Y27-X27 -> 208.77988 | AL27: =1000*(AA28-AA26)/(A28-A26)*Inputs!$C$11 -> -1007.2076 | AM27: =-2*AL27/Inputs!$C$13 -> 402.88305 | AN27: =-2*AL27/Inputs!$C$14 -> 60.49295 | AO27: =ABS(AM27) -> 402.88305 | AP27: =ABS(AN27) -> 60.49295 | AQ27: =IF(OR(Inputs!$C$27=TRUE,Inputs!$C$27="TRUE",Inputs!$C$27=1),Inputs!$C$46/Inputs!$C$12,0) -> 42.134831 | AR27: =AC27-AQ27 -> 2357.6727 | AS27: =AC27+AQ27 -> 2441.9424
A28: =Inputs!$C$7+26*(Inputs!$C$8-Inputs!$C$7)/240 -> -47 | B28: =Inputs!$C$5+Inputs!$C$9*(A28/Inputs!$C$10)^2 -> 402.45444 | C28: =B28 -> 402.45444 | D28: =SQRT((Inputs!$C$52+B28)^2+Inputs!$C$52^2-2*(Inputs!$C$52+B28)*Inputs!$C$52*COS(SQRT(A28^2+Inputs!$C$6^2)/Inputs!$C$52)) -> 406.85868 | E28: =(D28-C28)*1000 -> 4404.2351 | F28: =E28/Inputs!$C$12 -> 2474.2894 | G28: =2*E28/Inputs!$C$21*1000000 -> 29.381894 | H28: =SQRT(A28^2+Inputs!$C$6^2) -> 53.235327 | I28: =DEGREES(ATAN(H28/B28)) -> 7.5351493 | J28: =DEGREES((2*PI()/Inputs!$C$13)*Inputs!$C$15*SIN(RADIANS(I28))) -> 47.208381 | K28: =(C28/D28)^4 -> 0.95739812 | L28: =10*LOG10(K28) -> -0.1890743 | M28: =2*(Inputs!$C$9/(Inputs!$C$10^2))*A28 -> -0.10444444 | N28: =M28*Inputs!$C$11 -> -0.41777778 | O28: =1000*(D29-D27)/(A29-A27)*Inputs!$C$11 -> -995.29773 | P28: =-2*O28/Inputs!$C$13 -> 398.11909 | Q28: =-2*O28/Inputs!$C$14 -> 59.777642 | R28: =F28-Inputs!$C$16/2 -> 2459.2894 | S28: =F28+Inputs!$C$16/2 -> 2489.2894 | T28: =F28-Inputs!$C$17/2 -> 2324.2894 | U28: =F28+Inputs!$C$17/2 -> 2624.2894 | V28: =ABS(P28) -> 398.11909 | W28: =ABS(Q28) -> 59.777642 | X28: =IF(OR(Inputs!$C$27=TRUE,Inputs!$C$27="TRUE",Inputs!$C$27=1),1,0)*(Inputs!$C$51*(115*EXP(-(((0)-25)^2)/(4.5^2))+70*EXP(-(((0)+38)^2)/(7^2))*(0.55+0.45*SIN(2*PI()*(A28)/45))+24*SIN(2*PI()*(0)/9+(A28)/18)*EXP(-(((0)+5)^2)/(22^2))+18*SIN(2*PI()*(A28)/70))+Inputs!$C$28*EXP(-(((A28)-Inputs!$C$29)^2)/(2*Inputs!$C$31^2))*EXP(-(((0)-Inputs!$C$30)^2)/(2*Inputs!$C$32^2))+-Inputs!$C$33*EXP(-(((((A28)-Inputs!$C$34)^2)+(((0)-Inputs!$C$35)^2))/(2*Inputs!$C$36^2)))+Inputs!$C$37*(0.55*SIN(2*PI()*(A28)/Inputs!$C$39)+0.35*COS(2*PI()*(0)/Inputs!$C$40)+0.2*SIN(2*PI()*((A28)+(0))/(0.5*(Inputs!$C$39+Inputs!$C$40))))+Inputs!$C$38*SIN(2*PI()*(A28)/Inputs!$C$39)*SIN(2*PI()*(0)/Inputs!$C$40)+-Inputs!$C$41*EXP(-(((0)-Inputs!$C$43)^2)/(2*Inputs!$C$44^2))*EXP(-(((A28)-Inputs!$C$42)^2)/(2*Inputs!$C$45^2))+Inputs!$C$48*(0.7*(0.45*SIN(2*PI()*(((A28)/Inputs!$C$49)+Inputs!$C$47*0.137))+0.35*COS(2*PI()*(((0)/Inputs!$C$50)+Inputs!$C$47*0.173))+0.2*SIN(2*PI()*(((A28)+(0))/(0.5*(Inputs!$C$49+Inputs!$C$50))+Inputs!$C$47*0.097)))+0.3*(2*((SIN(((A28)*12.9898+(0)*78.233+Inputs!$C$47*37.719))*43758.5453)-INT((SIN(((A28)*12.9898+(0)*78.233+Inputs!$C$47*37.719))*43758.5453)))-1))) -> 61.213443 | Y28: =IF(OR(Inputs!$C$27=TRUE,Inputs!$C$27="TRUE",Inputs!$C$27=1),1,0)*(Inputs!$C$51*(115*EXP(-(((Inputs!$C$6)-25)^2)/(4.5^2))+70*EXP(-(((Inputs!$C$6)+38)^2)/(7^2))*(0.55+0.45*SIN(2*PI()*(A28)/45))+24*SIN(2*PI()*(Inputs!$C$6)/9+(A28)/18)*EXP(-(((Inputs!$C$6)+5)^2)/(22^2))+18*SIN(2*PI()*(A28)/70))+Inputs!$C$28*EXP(-(((A28)-Inputs!$C$29)^2)/(2*Inputs!$C$31^2))*EXP(-(((Inputs!$C$6)-Inputs!$C$30)^2)/(2*Inputs!$C$32^2))+-Inputs!$C$33*EXP(-(((((A28)-Inputs!$C$34)^2)+(((Inputs!$C$6)-Inputs!$C$35)^2))/(2*Inputs!$C$36^2)))+Inputs!$C$37*(0.55*SIN(2*PI()*(A28)/Inputs!$C$39)+0.35*COS(2*PI()*(Inputs!$C$6)/Inputs!$C$40)+0.2*SIN(2*PI()*((A28)+(Inputs!$C$6))/(0.5*(Inputs!$C$39+Inputs!$C$40))))+Inputs!$C$38*SIN(2*PI()*(A28)/Inputs!$C$39)*SIN(2*PI()*(Inputs!$C$6)/Inputs!$C$40)+-Inputs!$C$41*EXP(-(((Inputs!$C$6)-Inputs!$C$43)^2)/(2*Inputs!$C$44^2))*EXP(-(((A28)-Inputs!$C$42)^2)/(2*Inputs!$C$45^2))+Inputs!$C$48*(0.7*(0.45*SIN(2*PI()*(((A28)/Inputs!$C$49)+Inputs!$C$47*0.137))+0.35*COS(2*PI()*(((Inputs!$C$6)/Inputs!$C$50)+Inputs!$C$47*0.173))+0.2*SIN(2*PI()*(((A28)+(Inputs!$C$6))/(0.5*(Inputs!$C$49+Inputs!$C$50))+Inputs!$C$47*0.097)))+0.3*(2*((SIN(((A28)*12.9898+(Inputs!$C$6)*78.233+Inputs!$C$47*37.719))*43758.5453)-INT((SIN(((A28)*12.9898+(Inputs!$C$6)*78.233+Inputs!$C$47*37.719))*43758.5453)))-1))) -> 253.91481 | Z28: =B28-X28/1000 -> 402.39323 | AA28: =SQRT((Inputs!$C$52+B28)^2+(Inputs!$C$52+Y28/1000)^2-2*(Inputs!$C$52+B28)*(Inputs!$C$52+Y28/1000)*COS(SQRT(A28^2+Inputs!$C$6^2)/Inputs!$C$52)) -> 406.60823 | AB28: =(AA28-Z28)*1000 -> 4214.9971 | AC28: =AB28/Inputs!$C$12 -> 2367.9759 | AD28: =2*AB28/Inputs!$C$21*1000000 -> 28.119434 | AE28: =DEGREES(ATAN(H28/(B28-Y28/1000))) -> 7.5398516 | AF28: =DEGREES((2*PI()/Inputs!$C$13)*Inputs!$C$15*SIN(RADIANS(AE28))) -> 47.237671 | AG28: =(Z28/AA28)^4 -> 0.95917536 | AH28: =10*LOG10(AG28) -> -0.18101985 | AI28: =AC28-F28 -> -106.31347 | AJ28: =AD28-G28 -> -1.2624599 | AK28: =Y28-X28 -> 192.70137 | AL28: =1000*(AA29-AA27)/(A29-A27)*Inputs!$C$11 -> -960.21761 | AM28: =-2*AL28/Inputs!$C$13 -> 384.08704 | AN28: =-2*AL28/Inputs!$C$14 -> 57.670727 | AO28: =ABS(AM28) -> 384.08704 | AP28: =ABS(AN28) -> 57.670727 | AQ28: =IF(OR(Inputs!$C$27=TRUE,Inputs!$C$27="TRUE",Inputs!$C$27=1),Inputs!$C$46/Inputs!$C$12,0) -> 42.134831 | AR28: =AC28-AQ28 -> 2325.8411 | AS28: =AC28+AQ28 -> 2410.1107
A29: =Inputs!$C$7+27*(Inputs!$C$8-Inputs!$C$7)/240 -> -46.5 | B29: =Inputs!$C$5+Inputs!$C$9*(A29/Inputs!$C$10)^2 -> 402.4025 | C29: =B29 -> 402.4025 | D29: =SQRT((Inputs!$C$52+B29)^2+Inputs!$C$52^2-2*(Inputs!$C$52+B29)*Inputs!$C$52*COS(SQRT(A29^2+Inputs!$C$6^2)/Inputs!$C$52)) -> 406.73492 | E29: =(D29-C29)*1000 -> 4332.4152 | F29: =E29/Inputs!$C$12 -> 2433.9411 | G29: =2*E29/Inputs!$C$21*1000000 -> 28.902763 | H29: =SQRT(A29^2+Inputs!$C$6^2) -> 52.794413 | I29: =DEGREES(ATAN(H29/B29)) -> 7.4744027 | J29: =DEGREES((2*PI()/Inputs!$C$13)*Inputs!$C$15*SIN(RADIANS(I29))) -> 46.829968 | K29: =(C29/D29)^4 -> 0.95806916 | L29: =10*LOG10(K29) -> -0.18603139 | M29: =2*(Inputs!$C$9/(Inputs!$C$10^2))*A29 -> -0.10333333 | N29: =M29*Inputs!$C$11 -> -0.41333333 | O29: =1000*(D30-D28)/(A30-A28)*Inputs!$C$11 -> -984.92771 | P29: =-2*O29/Inputs!$C$13 -> 393.97108 | Q29: =-2*O29/Inputs!$C$14 -> 59.154817 | R29: =F29-Inputs!$C$16/2 -> 2418.9411 | S29: =F29+Inputs!$C$16/2 -> 2448.9411 | T29: =F29-Inputs!$C$17/2 -> 2283.9411 | U29: =F29+Inputs!$C$17/2 -> 2583.9411 | V29: =ABS(P29) -> 393.97108 | W29: =ABS(Q29) -> 59.154817 | X29: =IF(OR(Inputs!$C$27=TRUE,Inputs!$C$27="TRUE",Inputs!$C$27=1),1,0)*(Inputs!$C$51*(115*EXP(-(((0)-25)^2)/(4.5^2))+70*EXP(-(((0)+38)^2)/(7^2))*(0.55+0.45*SIN(2*PI()*(A29)/45))+24*SIN(2*PI()*(0)/9+(A29)/18)*EXP(-(((0)+5)^2)/(22^2))+18*SIN(2*PI()*(A29)/70))+Inputs!$C$28*EXP(-(((A29)-Inputs!$C$29)^2)/(2*Inputs!$C$31^2))*EXP(-(((0)-Inputs!$C$30)^2)/(2*Inputs!$C$32^2))+-Inputs!$C$33*EXP(-(((((A29)-Inputs!$C$34)^2)+(((0)-Inputs!$C$35)^2))/(2*Inputs!$C$36^2)))+Inputs!$C$37*(0.55*SIN(2*PI()*(A29)/Inputs!$C$39)+0.35*COS(2*PI()*(0)/Inputs!$C$40)+0.2*SIN(2*PI()*((A29)+(0))/(0.5*(Inputs!$C$39+Inputs!$C$40))))+Inputs!$C$38*SIN(2*PI()*(A29)/Inputs!$C$39)*SIN(2*PI()*(0)/Inputs!$C$40)+-Inputs!$C$41*EXP(-(((0)-Inputs!$C$43)^2)/(2*Inputs!$C$44^2))*EXP(-(((A29)-Inputs!$C$42)^2)/(2*Inputs!$C$45^2))+Inputs!$C$48*(0.7*(0.45*SIN(2*PI()*(((A29)/Inputs!$C$49)+Inputs!$C$47*0.137))+0.35*COS(2*PI()*(((0)/Inputs!$C$50)+Inputs!$C$47*0.173))+0.2*SIN(2*PI()*(((A29)+(0))/(0.5*(Inputs!$C$49+Inputs!$C$50))+Inputs!$C$47*0.097)))+0.3*(2*((SIN(((A29)*12.9898+(0)*78.233+Inputs!$C$47*37.719))*43758.5453)-INT((SIN(((A29)*12.9898+(0)*78.233+Inputs!$C$47*37.719))*43758.5453)))-1))) -> 57.529821 | Y29: =IF(OR(Inputs!$C$27=TRUE,Inputs!$C$27="TRUE",Inputs!$C$27=1),1,0)*(Inputs!$C$51*(115*EXP(-(((Inputs!$C$6)-25)^2)/(4.5^2))+70*EXP(-(((Inputs!$C$6)+38)^2)/(7^2))*(0.55+0.45*SIN(2*PI()*(A29)/45))+24*SIN(2*PI()*(Inputs!$C$6)/9+(A29)/18)*EXP(-(((Inputs!$C$6)+5)^2)/(22^2))+18*SIN(2*PI()*(A29)/70))+Inputs!$C$28*EXP(-(((A29)-Inputs!$C$29)^2)/(2*Inputs!$C$31^2))*EXP(-(((Inputs!$C$6)-Inputs!$C$30)^2)/(2*Inputs!$C$32^2))+-Inputs!$C$33*EXP(-(((((A29)-Inputs!$C$34)^2)+(((Inputs!$C$6)-Inputs!$C$35)^2))/(2*Inputs!$C$36^2)))+Inputs!$C$37*(0.55*SIN(2*PI()*(A29)/Inputs!$C$39)+0.35*COS(2*PI()*(Inputs!$C$6)/Inputs!$C$40)+0.2*SIN(2*PI()*((A29)+(Inputs!$C$6))/(0.5*(Inputs!$C$39+Inputs!$C$40))))+Inputs!$C$38*SIN(2*PI()*(A29)/Inputs!$C$39)*SIN(2*PI()*(Inputs!$C$6)/Inputs!$C$40)+-Inputs!$C$41*EXP(-(((Inputs!$C$6)-Inputs!$C$43)^2)/(2*Inputs!$C$44^2))*EXP(-(((A29)-Inputs!$C$42)^2)/(2*Inputs!$C$45^2))+Inputs!$C$48*(0.7*(0.45*SIN(2*PI()*(((A29)/Inputs!$C$49)+Inputs!$C$47*0.137))+0.35*COS(2*PI()*(((Inputs!$C$6)/Inputs!$C$50)+Inputs!$C$47*0.173))+0.2*SIN(2*PI()*(((A29)+(Inputs!$C$6))/(0.5*(Inputs!$C$49+Inputs!$C$50))+Inputs!$C$47*0.097)))+0.3*(2*((SIN(((A29)*12.9898+(Inputs!$C$6)*78.233+Inputs!$C$47*37.719))*43758.5453)-INT((SIN(((A29)*12.9898+(Inputs!$C$6)*78.233+Inputs!$C$47*37.719))*43758.5453)))-1))) -> 253.74824 | Z29: =B29-X29/1000 -> 402.34497 | AA29: =SQRT((Inputs!$C$52+B29)^2+(Inputs!$C$52+Y29/1000)^2-2*(Inputs!$C$52+B29)*(Inputs!$C$52+Y29/1000)*COS(SQRT(A29^2+Inputs!$C$6^2)/Inputs!$C$52)) -> 406.48457 | AB29: =(AA29-Z29)*1000 -> 4139.6024 | AC29: =AB29/Inputs!$C$12 -> 2325.6193 | AD29: =2*AB29/Inputs!$C$21*1000000 -> 27.616454 | AE29: =DEGREES(ATAN(H29/(B29-Y29/1000))) -> 7.4790655 | AF29: =DEGREES((2*PI()/Inputs!$C$13)*Inputs!$C$15*SIN(RADIANS(AE29))) -> 46.859016 | AG29: =(Z29/AA29)^4 -> 0.95988242 | AH29: =10*LOG10(AG29) -> -0.17781963 | AI29: =AC29-F29 -> -108.32183 | AJ29: =AD29-G29 -> -1.286309 | AK29: =Y29-X29 -> 196.21842 | AL29: =1000*(AA30-AA28)/(A30-A28)*Inputs!$C$11 -> -920.20232 | AM29: =-2*AL29/Inputs!$C$13 -> 368.08093 | AN29: =-2*AL29/Inputs!$C$14 -> 55.267407 | AO29: =ABS(AM29) -> 368.08093 | AP29: =ABS(AN29) -> 55.267407 | AQ29: =IF(OR(Inputs!$C$27=TRUE,Inputs!$C$27="TRUE",Inputs!$C$27=1),Inputs!$C$46/Inputs!$C$12,0) -> 42.134831 | AR29: =AC29-AQ29 -> 2283.4845 | AS29: =AC29+AQ29 -> 2367.7541
A30: =Inputs!$C$7+28*(Inputs!$C$8-Inputs!$C$7)/240 -> -46 | B30: =Inputs!$C$5+Inputs!$C$9*(A30/Inputs!$C$10)^2 -> 402.35111 | C30: =B30 -> 402.35111 | D30: =SQRT((Inputs!$C$52+B30)^2+Inputs!$C$52^2-2*(Inputs!$C$52+B30)*Inputs!$C$52*COS(SQRT(A30^2+Inputs!$C$6^2)/Inputs!$C$52)) -> 406.61245 | E30: =(D30-C30)*1000 -> 4261.3365 | F30: =E30/Inputs!$C$12 -> 2394.0093 | G30: =2*E30/Inputs!$C$21*1000000 -> 28.428577 | H30: =SQRT(A30^2+Inputs!$C$6^2) -> 52.35456 | I30: =DEGREES(ATAN(H30/B30)) -> 7.413762 | J30: =DEGREES((2*PI()/Inputs!$C$13)*Inputs!$C$15*SIN(RADIANS(I30))) -> 46.452163 | K30: =(C30/D30)^4 -> 0.95873403 | L30: =10*LOG10(K30) -> -0.18301858 | M30: =2*(Inputs!$C$9/(Inputs!$C$10^2))*A30 -> -0.10222222 | N30: =M30*Inputs!$C$11 -> -0.40888889 | O30: =1000*(D31-D29)/(A31-A29)*Inputs!$C$11 -> -974.55088 | P30: =-2*O30/Inputs!$C$13 -> 389.82035 | Q30: =-2*O30/Inputs!$C$14 -> 58.531584 | R30: =F30-Inputs!$C$16/2 -> 2379.0093 | S30: =F30+Inputs!$C$16/2 -> 2409.0093 | T30: =F30-Inputs!$C$17/2 -> 2244.0093 | U30: =F30+Inputs!$C$17/2 -> 2544.0093 | V30: =ABS(P30) -> 389.82035 | W30: =ABS(Q30) -> 58.531584 | X30: =IF(OR(Inputs!$C$27=TRUE,Inputs!$C$27="TRUE",Inputs!$C$27=1),1,0)*(Inputs!$C$51*(115*EXP(-(((0)-25)^2)/(4.5^2))+70*EXP(-(((0)+38)^2)/(7^2))*(0.55+0.45*SIN(2*PI()*(A30)/45))+24*SIN(2*PI()*(0)/9+(A30)/18)*EXP(-(((0)+5)^2)/(22^2))+18*SIN(2*PI()*(A30)/70))+Inputs!$C$28*EXP(-(((A30)-Inputs!$C$29)^2)/(2*Inputs!$C$31^2))*EXP(-(((0)-Inputs!$C$30)^2)/(2*Inputs!$C$32^2))+-Inputs!$C$33*EXP(-(((((A30)-Inputs!$C$34)^2)+(((0)-Inputs!$C$35)^2))/(2*Inputs!$C$36^2)))+Inputs!$C$37*(0.55*SIN(2*PI()*(A30)/Inputs!$C$39)+0.35*COS(2*PI()*(0)/Inputs!$C$40)+0.2*SIN(2*PI()*((A30)+(0))/(0.5*(Inputs!$C$39+Inputs!$C$40))))+Inputs!$C$38*SIN(2*PI()*(A30)/Inputs!$C$39)*SIN(2*PI()*(0)/Inputs!$C$40)+-Inputs!$C$41*EXP(-(((0)-Inputs!$C$43)^2)/(2*Inputs!$C$44^2))*EXP(-(((A30)-Inputs!$C$42)^2)/(2*Inputs!$C$45^2))+Inputs!$C$48*(0.7*(0.45*SIN(2*PI()*(((A30)/Inputs!$C$49)+Inputs!$C$47*0.137))+0.35*COS(2*PI()*(((0)/Inputs!$C$50)+Inputs!$C$47*0.173))+0.2*SIN(2*PI()*(((A30)+(0))/(0.5*(Inputs!$C$49+Inputs!$C$50))+Inputs!$C$47*0.097)))+0.3*(2*((SIN(((A30)*12.9898+(0)*78.233+Inputs!$C$47*37.719))*43758.5453)-INT((SIN(((A30)*12.9898+(0)*78.233+Inputs!$C$47*37.719))*43758.5453)))-1))) -> 49.539621 | Y30: =IF(OR(Inputs!$C$27=TRUE,Inputs!$C$27="TRUE",Inputs!$C$27=1),1,0)*(Inputs!$C$51*(115*EXP(-(((Inputs!$C$6)-25)^2)/(4.5^2))+70*EXP(-(((Inputs!$C$6)+38)^2)/(7^2))*(0.55+0.45*SIN(2*PI()*(A30)/45))+24*SIN(2*PI()*(Inputs!$C$6)/9+(A30)/18)*EXP(-(((Inputs!$C$6)+5)^2)/(22^2))+18*SIN(2*PI()*(A30)/70))+Inputs!$C$28*EXP(-(((A30)-Inputs!$C$29)^2)/(2*Inputs!$C$31^2))*EXP(-(((Inputs!$C$6)-Inputs!$C$30)^2)/(2*Inputs!$C$32^2))+-Inputs!$C$33*EXP(-(((((A30)-Inputs!$C$34)^2)+(((Inputs!$C$6)-Inputs!$C$35)^2))/(2*Inputs!$C$36^2)))+Inputs!$C$37*(0.55*SIN(2*PI()*(A30)/Inputs!$C$39)+0.35*COS(2*PI()*(Inputs!$C$6)/Inputs!$C$40)+0.2*SIN(2*PI()*((A30)+(Inputs!$C$6))/(0.5*(Inputs!$C$39+Inputs!$C$40))))+Inputs!$C$38*SIN(2*PI()*(A30)/Inputs!$C$39)*SIN(2*PI()*(Inputs!$C$6)/Inputs!$C$40)+-Inputs!$C$41*EXP(-(((Inputs!$C$6)-Inputs!$C$43)^2)/(2*Inputs!$C$44^2))*EXP(-(((A30)-Inputs!$C$42)^2)/(2*Inputs!$C$45^2))+Inputs!$C$48*(0.7*(0.45*SIN(2*PI()*(((A30)/Inputs!$C$49)+Inputs!$C$47*0.137))+0.35*COS(2*PI()*(((Inputs!$C$6)/Inputs!$C$50)+Inputs!$C$47*0.173))+0.2*SIN(2*PI()*(((A30)+(Inputs!$C$6))/(0.5*(Inputs!$C$49+Inputs!$C$50))+Inputs!$C$47*0.097)))+0.3*(2*((SIN(((A30)*12.9898+(Inputs!$C$6)*78.233+Inputs!$C$47*37.719))*43758.5453)-INT((SIN(((A30)*12.9898+(Inputs!$C$6)*78.233+Inputs!$C$47*37.719))*43758.5453)))-1))) -> 237.4047 | Z30: =B30-X30/1000 -> 402.30157 | AA30: =SQRT((Inputs!$C$52+B30)^2+(Inputs!$C$52+Y30/1000)^2-2*(Inputs!$C$52+B30)*(Inputs!$C$52+Y30/1000)*COS(SQRT(A30^2+Inputs!$C$6^2)/Inputs!$C$52)) -> 406.37818 | AB30: =(AA30-Z30)*1000 -> 4076.606 | AC30: =AB30/Inputs!$C$12 -> 2290.2281 | AD30: =2*AB30/Inputs!$C$21*1000000 -> 27.196188 | AE30: =DEGREES(ATAN(H30/(B30-Y30/1000))) -> 7.4180903 | AF30: =DEGREES((2*PI()/Inputs!$C$13)*Inputs!$C$15*SIN(RADIANS(AE30))) -> 46.479131 | AG30: =(Z30/AA30)^4 -> 0.96047354 | AH30: =10*LOG10(AG30) -> -0.17514597 | AI30: =AC30-F30 -> -103.78116 | AJ30: =AD30-G30 -> -1.232389 | AK30: =Y30-X30 -> 187.86507 | AL30: =1000*(AA31-AA29)/(A31-A29)*Inputs!$C$11 -> -881.36997 | AM30: =-2*AL30/Inputs!$C$13 -> 352.54799 | AN30: =-2*AL30/Inputs!$C$14 -> 52.935133 | AO30: =ABS(AM30) -> 352.54799 | AP30: =ABS(AN30) -> 52.935133 | AQ30: =IF(OR(Inputs!$C$27=TRUE,Inputs!$C$27="TRUE",Inputs!$C$27=1),Inputs!$C$46/Inputs!$C$12,0) -> 42.134831 | AR30: =AC30-AQ30 -> 2248.0933 | AS30: =AC30+AQ30 -> 2332.3629
A31: =Inputs!$C$7+29*(Inputs!$C$8-Inputs!$C$7)/240 -> -45.5 | B31: =Inputs!$C$5+Inputs!$C$9*(A31/Inputs!$C$10)^2 -> 402.30028 | C31: =B31 -> 402.30028 | D31: =SQRT((Inputs!$C$52+B31)^2+Inputs!$C$52^2-2*(Inputs!$C$52+B31)*Inputs!$C$52*COS(SQRT(A31^2+Inputs!$C$6^2)/Inputs!$C$52)) -> 406.49128 | E31: =(D31-C31)*1000 -> 4190.9997 | F31: =E31/Inputs!$C$12 -> 2354.4942 | G31: =2*E31/Inputs!$C$21*1000000 -> 27.959341 | H31: =SQRT(A31^2+Inputs!$C$6^2) -> 51.915797 | I31: =DEGREES(ATAN(H31/B31)) -> 7.3532316 | J31: =DEGREES((2*PI()/Inputs!$C$13)*Inputs!$C$15*SIN(RADIANS(I31))) -> 46.074993 | K31: =(C31/D31)^4 -> 0.95939269 | L31: =10*LOG10(K31) -> -0.18003594 | M31: =2*(Inputs!$C$9/(Inputs!$C$10^2))*A31 -> -0.10111111 | N31: =M31*Inputs!$C$11 -> -0.40444444 | O31: =1000*(D32-D30)/(A32-A30)*Inputs!$C$11 -> -964.16731 | P31: =-2*O31/Inputs!$C$13 -> 385.66692 | Q31: =-2*O31/Inputs!$C$14 -> 57.907946 | R31: =F31-Inputs!$C$16/2 -> 2339.4942 | S31: =F31+Inputs!$C$16/2 -> 2369.4942 | T31: =F31-Inputs!$C$17/2 -> 2204.4942 | U31: =F31+Inputs!$C$17/2 -> 2504.4942 | V31: =ABS(P31) -> 385.66692 | W31: =ABS(Q31) -> 57.907946 | X31: =IF(OR(Inputs!$C$27=TRUE,Inputs!$C$27="TRUE",Inputs!$C$27=1),1,0)*(Inputs!$C$51*(115*EXP(-(((0)-25)^2)/(4.5^2))+70*EXP(-(((0)+38)^2)/(7^2))*(0.55+0.45*SIN(2*PI()*(A31)/45))+24*SIN(2*PI()*(0)/9+(A31)/18)*EXP(-(((0)+5)^2)/(22^2))+18*SIN(2*PI()*(A31)/70))+Inputs!$C$28*EXP(-(((A31)-Inputs!$C$29)^2)/(2*Inputs!$C$31^2))*EXP(-(((0)-Inputs!$C$30)^2)/(2*Inputs!$C$32^2))+-Inputs!$C$33*EXP(-(((((A31)-Inputs!$C$34)^2)+(((0)-Inputs!$C$35)^2))/(2*Inputs!$C$36^2)))+Inputs!$C$37*(0.55*SIN(2*PI()*(A31)/Inputs!$C$39)+0.35*COS(2*PI()*(0)/Inputs!$C$40)+0.2*SIN(2*PI()*((A31)+(0))/(0.5*(Inputs!$C$39+Inputs!$C$40))))+Inputs!$C$38*SIN(2*PI()*(A31)/Inputs!$C$39)*SIN(2*PI()*(0)/Inputs!$C$40)+-Inputs!$C$41*EXP(-(((0)-Inputs!$C$43)^2)/(2*Inputs!$C$44^2))*EXP(-(((A31)-Inputs!$C$42)^2)/(2*Inputs!$C$45^2))+Inputs!$C$48*(0.7*(0.45*SIN(2*PI()*(((A31)/Inputs!$C$49)+Inputs!$C$47*0.137))+0.35*COS(2*PI()*(((0)/Inputs!$C$50)+Inputs!$C$47*0.173))+0.2*SIN(2*PI()*(((A31)+(0))/(0.5*(Inputs!$C$49+Inputs!$C$50))+Inputs!$C$47*0.097)))+0.3*(2*((SIN(((A31)*12.9898+(0)*78.233+Inputs!$C$47*37.719))*43758.5453)-INT((SIN(((A31)*12.9898+(0)*78.233+Inputs!$C$47*37.719))*43758.5453)))-1))) -> 36.882919 | Y31: =IF(OR(Inputs!$C$27=TRUE,Inputs!$C$27="TRUE",Inputs!$C$27=1),1,0)*(Inputs!$C$51*(115*EXP(-(((Inputs!$C$6)-25)^2)/(4.5^2))+70*EXP(-(((Inputs!$C$6)+38)^2)/(7^2))*(0.55+0.45*SIN(2*PI()*(A31)/45))+24*SIN(2*PI()*(Inputs!$C$6)/9+(A31)/18)*EXP(-(((Inputs!$C$6)+5)^2)/(22^2))+18*SIN(2*PI()*(A31)/70))+Inputs!$C$28*EXP(-(((A31)-Inputs!$C$29)^2)/(2*Inputs!$C$31^2))*EXP(-(((Inputs!$C$6)-Inputs!$C$30)^2)/(2*Inputs!$C$32^2))+-Inputs!$C$33*EXP(-(((((A31)-Inputs!$C$34)^2)+(((Inputs!$C$6)-Inputs!$C$35)^2))/(2*Inputs!$C$36^2)))+Inputs!$C$37*(0.55*SIN(2*PI()*(A31)/Inputs!$C$39)+0.35*COS(2*PI()*(Inputs!$C$6)/Inputs!$C$40)+0.2*SIN(2*PI()*((A31)+(Inputs!$C$6))/(0.5*(Inputs!$C$39+Inputs!$C$40))))+Inputs!$C$38*SIN(2*PI()*(A31)/Inputs!$C$39)*SIN(2*PI()*(Inputs!$C$6)/Inputs!$C$40)+-Inputs!$C$41*EXP(-(((Inputs!$C$6)-Inputs!$C$43)^2)/(2*Inputs!$C$44^2))*EXP(-(((A31)-Inputs!$C$42)^2)/(2*Inputs!$C$45^2))+Inputs!$C$48*(0.7*(0.45*SIN(2*PI()*(((A31)/Inputs!$C$49)+Inputs!$C$47*0.137))+0.35*COS(2*PI()*(((Inputs!$C$6)/Inputs!$C$50)+Inputs!$C$47*0.173))+0.2*SIN(2*PI()*(((A31)+(Inputs!$C$6))/(0.5*(Inputs!$C$49+Inputs!$C$50))+Inputs!$C$47*0.097)))+0.3*(2*((SIN(((A31)*12.9898+(Inputs!$C$6)*78.233+Inputs!$C$47*37.719))*43758.5453)-INT((SIN(((A31)*12.9898+(Inputs!$C$6)*78.233+Inputs!$C$47*37.719))*43758.5453)))-1))) -> 230.03534 | Z31: =B31-X31/1000 -> 402.26339 | AA31: =SQRT((Inputs!$C$52+B31)^2+(Inputs!$C$52+Y31/1000)^2-2*(Inputs!$C$52+B31)*(Inputs!$C$52+Y31/1000)*COS(SQRT(A31^2+Inputs!$C$6^2)/Inputs!$C$52)) -> 406.26423 | AB31: =(AA31-Z31)*1000 -> 4000.8352 | AC31: =AB31/Inputs!$C$12 -> 2247.6602 | AD31: =2*AB31/Inputs!$C$21*1000000 -> 26.690699 | AE31: =DEGREES(ATAN(H31/(B31-Y31/1000))) -> 7.3573925 | AF31: =DEGREES((2*PI()/Inputs!$C$13)*Inputs!$C$15*SIN(RADIANS(AE31))) -> 46.100921 | AG31: =(Z31/AA31)^4 -> 0.96118661 | AH31: =10*LOG10(AG31) -> -0.17192287 | AI31: =AC31-F31 -> -106.83401 | AJ31: =AD31-G31 -> -1.2686412 | AK31: =Y31-X31 -> 193.15242 | AL31: =1000*(AA32-AA30)/(A32-A30)*Inputs!$C$11 -> -851.70372 | AM31: =-2*AL31/Inputs!$C$13 -> 340.68149 | AN31: =-2*AL31/Inputs!$C$14 -> 51.153377 | AO31: =ABS(AM31) -> 340.68149 | AP31: =ABS(AN31) -> 51.153377 | AQ31: =IF(OR(Inputs!$C$27=TRUE,Inputs!$C$27="TRUE",Inputs!$C$27=1),Inputs!$C$46/Inputs!$C$12,0) -> 42.134831 | AR31: =AC31-AQ31 -> 2205.5254 | AS31: =AC31+AQ31 -> 2289.7951
A32: =Inputs!$C$7+30*(Inputs!$C$8-Inputs!$C$7)/240 -> -45 | B32: =Inputs!$C$5+Inputs!$C$9*(A32/Inputs!$C$10)^2 -> 402.25 | C32: =B32 -> 402.25 | D32: =SQRT((Inputs!$C$52+B32)^2+Inputs!$C$52^2-2*(Inputs!$C$52+B32)*Inputs!$C$52*COS(SQRT(A32^2+Inputs!$C$6^2)/Inputs!$C$52)) -> 406.37141 | E32: =(D32-C32)*1000 -> 4121.4058 | F32: =E32/Inputs!$C$12 -> 2315.3965 | G32: =2*E32/Inputs!$C$21*1000000 -> 27.49506 | H32: =SQRT(A32^2+Inputs!$C$6^2) -> 51.478151 | I32: =DEGREES(ATAN(H32/B32)) -> 7.292816 | J32: =DEGREES((2*PI()/Inputs!$C$13)*Inputs!$C$15*SIN(RADIANS(I32))) -> 45.698486 | K32: =(C32/D32)^4 -> 0.96004512 | L32: =10*LOG10(K32) -> -0.17708354 | M32: =2*(Inputs!$C$9/(Inputs!$C$10^2))*A32 -> -0.1 | N32: =M32*Inputs!$C$11 -> -0.4 | O32: =1000*(D33-D31)/(A33-A31)*Inputs!$C$11 -> -953.77705 | P32: =-2*O32/Inputs!$C$13 -> 381.51082 | Q32: =-2*O32/Inputs!$C$14 -> 57.283907 | R32: =F32-Inputs!$C$16/2 -> 2300.3965 | S32: =F32+Inputs!$C$16/2 -> 2330.3965 | T32: =F32-Inputs!$C$17/2 -> 2165.3965 | U32: =F32+Inputs!$C$17/2 -> 2465.3965 | V32: =ABS(P32) -> 381.51082 | W32: =ABS(Q32) -> 57.283907 | X32: =IF(OR(Inputs!$C$27=TRUE,Inputs!$C$27="TRUE",Inputs!$C$27=1),1,0)*(Inputs!$C$51*(115*EXP(-(((0)-25)^2)/(4.5^2))+70*EXP(-(((0)+38)^2)/(7^2))*(0.55+0.45*SIN(2*PI()*(A32)/45))+24*SIN(2*PI()*(0)/9+(A32)/18)*EXP(-(((0)+5)^2)/(22^2))+18*SIN(2*PI()*(A32)/70))+Inputs!$C$28*EXP(-(((A32)-Inputs!$C$29)^2)/(2*Inputs!$C$31^2))*EXP(-(((0)-Inputs!$C$30)^2)/(2*Inputs!$C$32^2))+-Inputs!$C$33*EXP(-(((((A32)-Inputs!$C$34)^2)+(((0)-Inputs!$C$35)^2))/(2*Inputs!$C$36^2)))+Inputs!$C$37*(0.55*SIN(2*PI()*(A32)/Inputs!$C$39)+0.35*COS(2*PI()*(0)/Inputs!$C$40)+0.2*SIN(2*PI()*((A32)+(0))/(0.5*(Inputs!$C$39+Inputs!$C$40))))+Inputs!$C$38*SIN(2*PI()*(A32)/Inputs!$C$39)*SIN(2*PI()*(0)/Inputs!$C$40)+-Inputs!$C$41*EXP(-(((0)-Inputs!$C$43)^2)/(2*Inputs!$C$44^2))*EXP(-(((A32)-Inputs!$C$42)^2)/(2*Inputs!$C$45^2))+Inputs!$C$48*(0.7*(0.45*SIN(2*PI()*(((A32)/Inputs!$C$49)+Inputs!$C$47*0.137))+0.35*COS(2*PI()*(((0)/Inputs!$C$50)+Inputs!$C$47*0.173))+0.2*SIN(2*PI()*(((A32)+(0))/(0.5*(Inputs!$C$49+Inputs!$C$50))+Inputs!$C$47*0.097)))+0.3*(2*((SIN(((A32)*12.9898+(0)*78.233+Inputs!$C$47*37.719))*43758.5453)-INT((SIN(((A32)*12.9898+(0)*78.233+Inputs!$C$47*37.719))*43758.5453)))-1))) -> 46.599178 | Y32: =IF(OR(Inputs!$C$27=TRUE,Inputs!$C$27="TRUE",Inputs!$C$27=1),1,0)*(Inputs!$C$51*(115*EXP(-(((Inputs!$C$6)-25)^2)/(4.5^2))+70*EXP(-(((Inputs!$C$6)+38)^2)/(7^2))*(0.55+0.45*SIN(2*PI()*(A32)/45))+24*SIN(2*PI()*(Inputs!$C$6)/9+(A32)/18)*EXP(-(((Inputs!$C$6)+5)^2)/(22^2))+18*SIN(2*PI()*(A32)/70))+Inputs!$C$28*EXP(-(((A32)-Inputs!$C$29)^2)/(2*Inputs!$C$31^2))*EXP(-(((Inputs!$C$6)-Inputs!$C$30)^2)/(2*Inputs!$C$32^2))+-Inputs!$C$33*EXP(-(((((A32)-Inputs!$C$34)^2)+(((Inputs!$C$6)-Inputs!$C$35)^2))/(2*Inputs!$C$36^2)))+Inputs!$C$37*(0.55*SIN(2*PI()*(A32)/Inputs!$C$39)+0.35*COS(2*PI()*(Inputs!$C$6)/Inputs!$C$40)+0.2*SIN(2*PI()*((A32)+(Inputs!$C$6))/(0.5*(Inputs!$C$39+Inputs!$C$40))))+Inputs!$C$38*SIN(2*PI()*(A32)/Inputs!$C$39)*SIN(2*PI()*(Inputs!$C$6)/Inputs!$C$40)+-Inputs!$C$41*EXP(-(((Inputs!$C$6)-Inputs!$C$43)^2)/(2*Inputs!$C$44^2))*EXP(-(((A32)-Inputs!$C$42)^2)/(2*Inputs!$C$45^2))+Inputs!$C$48*(0.7*(0.45*SIN(2*PI()*(((A32)/Inputs!$C$49)+Inputs!$C$47*0.137))+0.35*COS(2*PI()*(((Inputs!$C$6)/Inputs!$C$50)+Inputs!$C$47*0.173))+0.2*SIN(2*PI()*(((A32)+(Inputs!$C$6))/(0.5*(Inputs!$C$49+Inputs!$C$50))+Inputs!$C$47*0.097)))+0.3*(2*((SIN(((A32)*12.9898+(Inputs!$C$6)*78.233+Inputs!$C$47*37.719))*43758.5453)-INT((SIN(((A32)*12.9898+(Inputs!$C$6)*78.233+Inputs!$C$47*37.719))*43758.5453)))-1))) -> 208.82203 | Z32: =B32-X32/1000 -> 402.2034 | AA32: =SQRT((Inputs!$C$52+B32)^2+(Inputs!$C$52+Y32/1000)^2-2*(Inputs!$C$52+B32)*(Inputs!$C$52+Y32/1000)*COS(SQRT(A32^2+Inputs!$C$6^2)/Inputs!$C$52)) -> 406.16525 | AB32: =(AA32-Z32)*1000 -> 3961.8508 | AC32: =AB32/Inputs!$C$12 -> 2225.7589 | AD32: =2*AB32/Inputs!$C$21*1000000 -> 26.430623 | AE32: =DEGREES(ATAN(H32/(B32-Y32/1000))) -> 7.2965631 | AF32: =DEGREES((2*PI()/Inputs!$C$13)*Inputs!$C$15*SIN(RADIANS(AE32))) -> 45.721839 | AG32: =(Z32/AA32)^4 -> 0.96155004 | AH32: =10*LOG10(AG32) -> -0.17028109 | AI32: =AC32-F32 -> -89.637644 | AJ32: =AD32-G32 -> -1.0644364 | AK32: =Y32-X32 -> 162.22285 | AL32: =1000*(AA33-AA31)/(A33-A31)*Inputs!$C$11 -> -842.10836 | AM32: =-2*AL32/Inputs!$C$13 -> 336.84335 | AN32: =-2*AL32/Inputs!$C$14 -> 50.577079 | AO32: =ABS(AM32) -> 336.84335 | AP32: =ABS(AN32) -> 50.577079 | AQ32: =IF(OR(Inputs!$C$27=TRUE,Inputs!$C$27="TRUE",Inputs!$C$27=1),Inputs!$C$46/Inputs!$C$12,0) -> 42.134831 | AR32: =AC32-AQ32 -> 2183.624 | AS32: =AC32+AQ32 -> 2267.8937
A33: =Inputs!$C$7+31*(Inputs!$C$8-Inputs!$C$7)/240 -> -44.5 | B33: =Inputs!$C$5+Inputs!$C$9*(A33/Inputs!$C$10)^2 -> 402.20028 | C33: =B33 -> 402.20028 | D33: =SQRT((Inputs!$C$52+B33)^2+Inputs!$C$52^2-2*(Inputs!$C$52+B33)*Inputs!$C$52*COS(SQRT(A33^2+Inputs!$C$6^2)/Inputs!$C$52)) -> 406.25283 | E33: =(D33-C33)*1000 -> 4052.5555 | F33: =E33/Inputs!$C$12 -> 2276.7166 | G33: =2*E33/Inputs!$C$21*1000000 -> 27.03574 | H33: =SQRT(A33^2+Inputs!$C$6^2) -> 51.04165 | I33: =DEGREES(ATAN(H33/B33)) -> 7.2325196 | J33: =DEGREES((2*PI()/Inputs!$C$13)*Inputs!$C$15*SIN(RADIANS(I33))) -> 45.322673 | K33: =(C33/D33)^4 -> 0.96069129 | L33: =10*LOG10(K33) -> -0.17416146 | M33: =2*(Inputs!$C$9/(Inputs!$C$10^2))*A33 -> -0.098888889 | N33: =M33*Inputs!$C$11 -> -0.39555556 | O33: =1000*(D34-D32)/(A34-A32)*Inputs!$C$11 -> -943.38017 | P33: =-2*O33/Inputs!$C$13 -> 377.35207 | Q33: =-2*O33/Inputs!$C$14 -> 56.65947 | R33: =F33-Inputs!$C$16/2 -> 2261.7166 | S33: =F33+Inputs!$C$16/2 -> 2291.7166 | T33: =F33-Inputs!$C$17/2 -> 2126.7166 | U33: =F33+Inputs!$C$17/2 -> 2426.7166 | V33: =ABS(P33) -> 377.35207 | W33: =ABS(Q33) -> 56.65947 | X33: =IF(OR(Inputs!$C$27=TRUE,Inputs!$C$27="TRUE",Inputs!$C$27=1),1,0)*(Inputs!$C$51*(115*EXP(-(((0)-25)^2)/(4.5^2))+70*EXP(-(((0)+38)^2)/(7^2))*(0.55+0.45*SIN(2*PI()*(A33)/45))+24*SIN(2*PI()*(0)/9+(A33)/18)*EXP(-(((0)+5)^2)/(22^2))+18*SIN(2*PI()*(A33)/70))+Inputs!$C$28*EXP(-(((A33)-Inputs!$C$29)^2)/(2*Inputs!$C$31^2))*EXP(-(((0)-Inputs!$C$30)^2)/(2*Inputs!$C$32^2))+-Inputs!$C$33*EXP(-(((((A33)-Inputs!$C$34)^2)+(((0)-Inputs!$C$35)^2))/(2*Inputs!$C$36^2)))+Inputs!$C$37*(0.55*SIN(2*PI()*(A33)/Inputs!$C$39)+0.35*COS(2*PI()*(0)/Inputs!$C$40)+0.2*SIN(2*PI()*((A33)+(0))/(0.5*(Inputs!$C$39+Inputs!$C$40))))+Inputs!$C$38*SIN(2*PI()*(A33)/Inputs!$C$39)*SIN(2*PI()*(0)/Inputs!$C$40)+-Inputs!$C$41*EXP(-(((0)-Inputs!$C$43)^2)/(2*Inputs!$C$44^2))*EXP(-(((A33)-Inputs!$C$42)^2)/(2*Inputs!$C$45^2))+Inputs!$C$48*(0.7*(0.45*SIN(2*PI()*(((A33)/Inputs!$C$49)+Inputs!$C$47*0.137))+0.35*COS(2*PI()*(((0)/Inputs!$C$50)+Inputs!$C$47*0.173))+0.2*SIN(2*PI()*(((A33)+(0))/(0.5*(Inputs!$C$49+Inputs!$C$50))+Inputs!$C$47*0.097)))+0.3*(2*((SIN(((A33)*12.9898+(0)*78.233+Inputs!$C$47*37.719))*43758.5453)-INT((SIN(((A33)*12.9898+(0)*78.233+Inputs!$C$47*37.719))*43758.5453)))-1))) -> 27.915318 | Y33: =IF(OR(Inputs!$C$27=TRUE,Inputs!$C$27="TRUE",Inputs!$C$27=1),1,0)*(Inputs!$C$51*(115*EXP(-(((Inputs!$C$6)-25)^2)/(4.5^2))+70*EXP(-(((Inputs!$C$6)+38)^2)/(7^2))*(0.55+0.45*SIN(2*PI()*(A33)/45))+24*SIN(2*PI()*(Inputs!$C$6)/9+(A33)/18)*EXP(-(((Inputs!$C$6)+5)^2)/(22^2))+18*SIN(2*PI()*(A33)/70))+Inputs!$C$28*EXP(-(((A33)-Inputs!$C$29)^2)/(2*Inputs!$C$31^2))*EXP(-(((Inputs!$C$6)-Inputs!$C$30)^2)/(2*Inputs!$C$32^2))+-Inputs!$C$33*EXP(-(((((A33)-Inputs!$C$34)^2)+(((Inputs!$C$6)-Inputs!$C$35)^2))/(2*Inputs!$C$36^2)))+Inputs!$C$37*(0.55*SIN(2*PI()*(A33)/Inputs!$C$39)+0.35*COS(2*PI()*(Inputs!$C$6)/Inputs!$C$40)+0.2*SIN(2*PI()*((A33)+(Inputs!$C$6))/(0.5*(Inputs!$C$39+Inputs!$C$40))))+Inputs!$C$38*SIN(2*PI()*(A33)/Inputs!$C$39)*SIN(2*PI()*(Inputs!$C$6)/Inputs!$C$40)+-Inputs!$C$41*EXP(-(((Inputs!$C$6)-Inputs!$C$43)^2)/(2*Inputs!$C$44^2))*EXP(-(((A33)-Inputs!$C$42)^2)/(2*Inputs!$C$45^2))+Inputs!$C$48*(0.7*(0.45*SIN(2*PI()*(((A33)/Inputs!$C$49)+Inputs!$C$47*0.137))+0.35*COS(2*PI()*(((Inputs!$C$6)/Inputs!$C$50)+Inputs!$C$47*0.173))+0.2*SIN(2*PI()*(((A33)+(Inputs!$C$6))/(0.5*(Inputs!$C$49+Inputs!$C$50))+Inputs!$C$47*0.097)))+0.3*(2*((SIN(((A33)*12.9898+(Inputs!$C$6)*78.233+Inputs!$C$47*37.719))*43758.5453)-INT((SIN(((A33)*12.9898+(Inputs!$C$6)*78.233+Inputs!$C$47*37.719))*43758.5453)))-1))) -> 201.66423 | Z33: =B33-X33/1000 -> 402.17236 | AA33: =SQRT((Inputs!$C$52+B33)^2+(Inputs!$C$52+Y33/1000)^2-2*(Inputs!$C$52+B33)*(Inputs!$C$52+Y33/1000)*COS(SQRT(A33^2+Inputs!$C$6^2)/Inputs!$C$52)) -> 406.0537 | AB33: =(AA33-Z33)*1000 -> 3881.3405 | AC33: =AB33/Inputs!$C$12 -> 2180.5284 | AD33: =2*AB33/Inputs!$C$21*1000000 -> 25.893517 | AE33: =DEGREES(ATAN(H33/(B33-Y33/1000))) -> 7.2361094 | AF33: =DEGREES((2*PI()/Inputs!$C$13)*Inputs!$C$15*SIN(RADIANS(AE33))) -> 45.345048 | AG33: =(Z33/AA33)^4 -> 0.96230998 | AH33: =10*LOG10(AG33) -> -0.16685012 | AI33: =AC33-F33 -> -96.188184 | AJ33: =AD33-G33 -> -1.1422233 | AK33: =Y33-X33 -> 173.74891 | AL33: =1000*(AA34-AA32)/(A34-A32)*Inputs!$C$11 -> -909.33896 | AM33: =-2*AL33/Inputs!$C$13 -> 363.73558 | AN33: =-2*AL33/Inputs!$C$14 -> 54.614952 | AO33: =ABS(AM33) -> 363.73558 | AP33: =ABS(AN33) -> 54.614952 | AQ33: =IF(OR(Inputs!$C$27=TRUE,Inputs!$C$27="TRUE",Inputs!$C$27=1),Inputs!$C$46/Inputs!$C$12,0) -> 42.134831 | AR33: =AC33-AQ33 -> 2138.3935 | AS33: =AC33+AQ33 -> 2222.6632
A34: =Inputs!$C$7+32*(Inputs!$C$8-Inputs!$C$7)/240 -> -44 | B34: =Inputs!$C$5+Inputs!$C$9*(A34/Inputs!$C$10)^2 -> 402.15111 | C34: =B34 -> 402.15111 | D34: =SQRT((Inputs!$C$52+B34)^2+Inputs!$C$52^2-2*(Inputs!$C$52+B34)*Inputs!$C$52*COS(SQRT(A34^2+Inputs!$C$6^2)/Inputs!$C$52)) -> 406.13556 | E34: =(D34-C34)*1000 -> 3984.4496 | F34: =E34/Inputs!$C$12 -> 2238.4548 | G34: =2*E34/Inputs!$C$21*1000000 -> 26.581387 | H34: =SQRT(A34^2+Inputs!$C$6^2) -> 50.606324 | I34: =DEGREES(ATAN(H34/B34)) -> 7.1723473 | J34: =DEGREES((2*PI()/Inputs!$C$13)*Inputs!$C$15*SIN(RADIANS(I34))) -> 44.947582 | K34: =(C34/D34)^4 -> 0.96133117 | L34: =10*LOG10(K34) -> -0.17126978 | M34: =2*(Inputs!$C$9/(Inputs!$C$10^2))*A34 -> -0.097777778 | N34: =M34*Inputs!$C$11 -> -0.39111111 | O34: =1000*(D35-D33)/(A35-A33)*Inputs!$C$11 -> -932.97674 | P34: =-2*O34/Inputs!$C$13 -> 373.1907 | Q34: =-2*O34/Inputs!$C$14 -> 56.034639 | R34: =F34-Inputs!$C$16/2 -> 2223.4548 | S34: =F34+Inputs!$C$16/2 -> 2253.4548 | T34: =F34-Inputs!$C$17/2 -> 2088.4548 | U34: =F34+Inputs!$C$17/2 -> 2388.4548 | V34: =ABS(P34) -> 373.1907 | W34: =ABS(Q34) -> 56.034639 | X34: =IF(OR(Inputs!$C$27=TRUE,Inputs!$C$27="TRUE",Inputs!$C$27=1),1,0)*(Inputs!$C$51*(115*EXP(-(((0)-25)^2)/(4.5^2))+70*EXP(-(((0)+38)^2)/(7^2))*(0.55+0.45*SIN(2*PI()*(A34)/45))+24*SIN(2*PI()*(0)/9+(A34)/18)*EXP(-(((0)+5)^2)/(22^2))+18*SIN(2*PI()*(A34)/70))+Inputs!$C$28*EXP(-(((A34)-Inputs!$C$29)^2)/(2*Inputs!$C$31^2))*EXP(-(((0)-Inputs!$C$30)^2)/(2*Inputs!$C$32^2))+-Inputs!$C$33*EXP(-(((((A34)-Inputs!$C$34)^2)+(((0)-Inputs!$C$35)^2))/(2*Inputs!$C$36^2)))+Inputs!$C$37*(0.55*SIN(2*PI()*(A34)/Inputs!$C$39)+0.35*COS(2*PI()*(0)/Inputs!$C$40)+0.2*SIN(2*PI()*((A34)+(0))/(0.5*(Inputs!$C$39+Inputs!$C$40))))+Inputs!$C$38*SIN(2*PI()*(A34)/Inputs!$C$39)*SIN(2*PI()*(0)/Inputs!$C$40)+-Inputs!$C$41*EXP(-(((0)-Inputs!$C$43)^2)/(2*Inputs!$C$44^2))*EXP(-(((A34)-Inputs!$C$42)^2)/(2*Inputs!$C$45^2))+Inputs!$C$48*(0.7*(0.45*SIN(2*PI()*(((A34)/Inputs!$C$49)+Inputs!$C$47*0.137))+0.35*COS(2*PI()*(((0)/Inputs!$C$50)+Inputs!$C$47*0.173))+0.2*SIN(2*PI()*(((A34)+(0))/(0.5*(Inputs!$C$49+Inputs!$C$50))+Inputs!$C$47*0.097)))+0.3*(2*((SIN(((A34)*12.9898+(0)*78.233+Inputs!$C$47*37.719))*43758.5453)-INT((SIN(((A34)*12.9898+(0)*78.233+Inputs!$C$47*37.719))*43758.5453)))-1))) -> 18.825392 | Y34: =IF(OR(Inputs!$C$27=TRUE,Inputs!$C$27="TRUE",Inputs!$C$27=1),1,0)*(Inputs!$C$51*(115*EXP(-(((Inputs!$C$6)-25)^2)/(4.5^2))+70*EXP(-(((Inputs!$C$6)+38)^2)/(7^2))*(0.55+0.45*SIN(2*PI()*(A34)/45))+24*SIN(2*PI()*(Inputs!$C$6)/9+(A34)/18)*EXP(-(((Inputs!$C$6)+5)^2)/(22^2))+18*SIN(2*PI()*(A34)/70))+Inputs!$C$28*EXP(-(((A34)-Inputs!$C$29)^2)/(2*Inputs!$C$31^2))*EXP(-(((Inputs!$C$6)-Inputs!$C$30)^2)/(2*Inputs!$C$32^2))+-Inputs!$C$33*EXP(-(((((A34)-Inputs!$C$34)^2)+(((Inputs!$C$6)-Inputs!$C$35)^2))/(2*Inputs!$C$36^2)))+Inputs!$C$37*(0.55*SIN(2*PI()*(A34)/Inputs!$C$39)+0.35*COS(2*PI()*(Inputs!$C$6)/Inputs!$C$40)+0.2*SIN(2*PI()*((A34)+(Inputs!$C$6))/(0.5*(Inputs!$C$39+Inputs!$C$40))))+Inputs!$C$38*SIN(2*PI()*(A34)/Inputs!$C$39)*SIN(2*PI()*(Inputs!$C$6)/Inputs!$C$40)+-Inputs!$C$41*EXP(-(((Inputs!$C$6)-Inputs!$C$43)^2)/(2*Inputs!$C$44^2))*EXP(-(((A34)-Inputs!$C$42)^2)/(2*Inputs!$C$45^2))+Inputs!$C$48*(0.7*(0.45*SIN(2*PI()*(((A34)/Inputs!$C$49)+Inputs!$C$47*0.137))+0.35*COS(2*PI()*(((Inputs!$C$6)/Inputs!$C$50)+Inputs!$C$47*0.173))+0.2*SIN(2*PI()*(((A34)+(Inputs!$C$6))/(0.5*(Inputs!$C$49+Inputs!$C$50))+Inputs!$C$47*0.097)))+0.3*(2*((SIN(((A34)*12.9898+(Inputs!$C$6)*78.233+Inputs!$C$47*37.719))*43758.5453)-INT((SIN(((A34)*12.9898+(Inputs!$C$6)*78.233+Inputs!$C$47*37.719))*43758.5453)))-1))) -> 200.11672 | Z34: =B34-X34/1000 -> 402.13229 | AA34: =SQRT((Inputs!$C$52+B34)^2+(Inputs!$C$52+Y34/1000)^2-2*(Inputs!$C$52+B34)*(Inputs!$C$52+Y34/1000)*COS(SQRT(A34^2+Inputs!$C$6^2)/Inputs!$C$52)) -> 405.93792 | AB34: =(AA34-Z34)*1000 -> 3805.6311 | AC34: =AB34/Inputs!$C$12 -> 2137.995 | AD34: =2*AB34/Inputs!$C$21*1000000 -> 25.388438 | AE34: =DEGREES(ATAN(H34/(B34-Y34/1000))) -> 7.1758809 | AF34: =DEGREES((2*PI()/Inputs!$C$13)*Inputs!$C$15*SIN(RADIANS(AE34))) -> 44.96961 | AG34: =(Z34/AA34)^4 -> 0.96302441 | AH34: =10*LOG10(AG34) -> -0.16362705 | AI34: =AC34-F34 -> -100.45983 | AJ34: =AD34-G34 -> -1.1929486 | AK34: =Y34-X34 -> 181.29133 | AL34: =1000*(AA35-AA33)/(A35-A33)*Inputs!$C$11 -> -969.60079 | AM34: =-2*AL34/Inputs!$C$13 -> 387.84032 | AN34: =-2*AL34/Inputs!$C$14 -> 58.234282 | AO34: =ABS(AM34) -> 387.84032 | AP34: =ABS(AN34) -> 58.234282 | AQ34: =IF(OR(Inputs!$C$27=TRUE,Inputs!$C$27="TRUE",Inputs!$C$27=1),Inputs!$C$46/Inputs!$C$12,0) -> 42.134831 | AR34: =AC34-AQ34 -> 2095.8602 | AS34: =AC34+AQ34 -> 2180.1299
A35: =Inputs!$C$7+33*(Inputs!$C$8-Inputs!$C$7)/240 -> -43.5 | B35: =Inputs!$C$5+Inputs!$C$9*(A35/Inputs!$C$10)^2 -> 402.1025 | C35: =B35 -> 402.1025 | D35: =SQRT((Inputs!$C$52+B35)^2+Inputs!$C$52^2-2*(Inputs!$C$52+B35)*Inputs!$C$52*COS(SQRT(A35^2+Inputs!$C$6^2)/Inputs!$C$52)) -> 406.01959 | E35: =(D35-C35)*1000 -> 3917.0891 | F35: =E35/Inputs!$C$12 -> 2200.6118 | G35: =2*E35/Inputs!$C$21*1000000 -> 26.132005 | H35: =SQRT(A35^2+Inputs!$C$6^2) -> 50.172203 | I35: =DEGREES(ATAN(H35/B35)) -> 7.1123037 | J35: =DEGREES((2*PI()/Inputs!$C$13)*Inputs!$C$15*SIN(RADIANS(I35))) -> 44.573244 | K35: =(C35/D35)^4 -> 0.96196472 | L35: =10*LOG10(K35) -> -0.16840856 | M35: =2*(Inputs!$C$9/(Inputs!$C$10^2))*A35 -> -0.096666667 | N35: =M35*Inputs!$C$11 -> -0.38666667 | O35: =1000*(D36-D34)/(A36-A34)*Inputs!$C$11 -> -922.56682 | P35: =-2*O35/Inputs!$C$13 -> 369.02673 | Q35: =-2*O35/Inputs!$C$14 -> 55.409419 | R35: =F35-Inputs!$C$16/2 -> 2185.6118 | S35: =F35+Inputs!$C$16/2 -> 2215.6118 | T35: =F35-Inputs!$C$17/2 -> 2050.6118 | U35: =F35+Inputs!$C$17/2 -> 2350.6118 | V35: =ABS(P35) -> 369.02673 | W35: =ABS(Q35) -> 55.409419 | X35: =IF(OR(Inputs!$C$27=TRUE,Inputs!$C$27="TRUE",Inputs!$C$27=1),1,0)*(Inputs!$C$51*(115*EXP(-(((0)-25)^2)/(4.5^2))+70*EXP(-(((0)+38)^2)/(7^2))*(0.55+0.45*SIN(2*PI()*(A35)/45))+24*SIN(2*PI()*(0)/9+(A35)/18)*EXP(-(((0)+5)^2)/(22^2))+18*SIN(2*PI()*(A35)/70))+Inputs!$C$28*EXP(-(((A35)-Inputs!$C$29)^2)/(2*Inputs!$C$31^2))*EXP(-(((0)-Inputs!$C$30)^2)/(2*Inputs!$C$32^2))+-Inputs!$C$33*EXP(-(((((A35)-Inputs!$C$34)^2)+(((0)-Inputs!$C$35)^2))/(2*Inputs!$C$36^2)))+Inputs!$C$37*(0.55*SIN(2*PI()*(A35)/Inputs!$C$39)+0.35*COS(2*PI()*(0)/Inputs!$C$40)+0.2*SIN(2*PI()*((A35)+(0))/(0.5*(Inputs!$C$39+Inputs!$C$40))))+Inputs!$C$38*SIN(2*PI()*(A35)/Inputs!$C$39)*SIN(2*PI()*(0)/Inputs!$C$40)+-Inputs!$C$41*EXP(-(((0)-Inputs!$C$43)^2)/(2*Inputs!$C$44^2))*EXP(-(((A35)-Inputs!$C$42)^2)/(2*Inputs!$C$45^2))+Inputs!$C$48*(0.7*(0.45*SIN(2*PI()*(((A35)/Inputs!$C$49)+Inputs!$C$47*0.137))+0.35*COS(2*PI()*(((0)/Inputs!$C$50)+Inputs!$C$47*0.173))+0.2*SIN(2*PI()*(((A35)+(0))/(0.5*(Inputs!$C$49+Inputs!$C$50))+Inputs!$C$47*0.097)))+0.3*(2*((SIN(((A35)*12.9898+(0)*78.233+Inputs!$C$47*37.719))*43758.5453)-INT((SIN(((A35)*12.9898+(0)*78.233+Inputs!$C$47*37.719))*43758.5453)))-1))) -> 22.554807 | Y35: =IF(OR(Inputs!$C$27=TRUE,Inputs!$C$27="TRUE",Inputs!$C$27=1),1,0)*(Inputs!$C$51*(115*EXP(-(((Inputs!$C$6)-25)^2)/(4.5^2))+70*EXP(-(((Inputs!$C$6)+38)^2)/(7^2))*(0.55+0.45*SIN(2*PI()*(A35)/45))+24*SIN(2*PI()*(Inputs!$C$6)/9+(A35)/18)*EXP(-(((Inputs!$C$6)+5)^2)/(22^2))+18*SIN(2*PI()*(A35)/70))+Inputs!$C$28*EXP(-(((A35)-Inputs!$C$29)^2)/(2*Inputs!$C$31^2))*EXP(-(((Inputs!$C$6)-Inputs!$C$30)^2)/(2*Inputs!$C$32^2))+-Inputs!$C$33*EXP(-(((((A35)-Inputs!$C$34)^2)+(((Inputs!$C$6)-Inputs!$C$35)^2))/(2*Inputs!$C$36^2)))+Inputs!$C$37*(0.55*SIN(2*PI()*(A35)/Inputs!$C$39)+0.35*COS(2*PI()*(Inputs!$C$6)/Inputs!$C$40)+0.2*SIN(2*PI()*((A35)+(Inputs!$C$6))/(0.5*(Inputs!$C$39+Inputs!$C$40))))+Inputs!$C$38*SIN(2*PI()*(A35)/Inputs!$C$39)*SIN(2*PI()*(Inputs!$C$6)/Inputs!$C$40)+-Inputs!$C$41*EXP(-(((Inputs!$C$6)-Inputs!$C$43)^2)/(2*Inputs!$C$44^2))*EXP(-(((A35)-Inputs!$C$42)^2)/(2*Inputs!$C$45^2))+Inputs!$C$48*(0.7*(0.45*SIN(2*PI()*(((A35)/Inputs!$C$49)+Inputs!$C$47*0.137))+0.35*COS(2*PI()*(((Inputs!$C$6)/Inputs!$C$50)+Inputs!$C$47*0.173))+0.2*SIN(2*PI()*(((A35)+(Inputs!$C$6))/(0.5*(Inputs!$C$49+Inputs!$C$50))+Inputs!$C$47*0.097)))+0.3*(2*((SIN(((A35)*12.9898+(Inputs!$C$6)*78.233+Inputs!$C$47*37.719))*43758.5453)-INT((SIN(((A35)*12.9898+(Inputs!$C$6)*78.233+Inputs!$C$47*37.719))*43758.5453)))-1))) -> 210.8484 | Z35: =B35-X35/1000 -> 402.07995 | AA35: =SQRT((Inputs!$C$52+B35)^2+(Inputs!$C$52+Y35/1000)^2-2*(Inputs!$C$52+B35)*(Inputs!$C$52+Y35/1000)*COS(SQRT(A35^2+Inputs!$C$6^2)/Inputs!$C$52)) -> 405.8113 | AB35: =(AA35-Z35)*1000 -> 3731.3576 | AC35: =AB35/Inputs!$C$12 -> 2096.2683 | AD35: =2*AB35/Inputs!$C$21*1000000 -> 24.892938 | AE35: =DEGREES(ATAN(H35/(B35-Y35/1000))) -> 7.1159969 | AF35: =DEGREES((2*PI()/Inputs!$C$13)*Inputs!$C$15*SIN(RADIANS(AE35))) -> 44.59627 | AG35: =(Z35/AA35)^4 -> 0.96372493 | AH35: =10*LOG10(AG35) -> -0.16046908 | AI35: =AC35-F35 -> -104.34353 | AJ35: =AD35-G35 -> -1.2390671 | AK35: =Y35-X35 -> 188.29359 | AL35: =1000*(AA36-AA34)/(A36-A34)*Inputs!$C$11 -> -845.59572 | AM35: =-2*AL35/Inputs!$C$13 -> 338.23829 | AN35: =-2*AL35/Inputs!$C$14 -> 50.78653 | AO35: =ABS(AM35) -> 338.23829 | AP35: =ABS(AN35) -> 50.78653 | AQ35: =IF(OR(Inputs!$C$27=TRUE,Inputs!$C$27="TRUE",Inputs!$C$27=1),Inputs!$C$46/Inputs!$C$12,0) -> 42.134831 | AR35: =AC35-AQ35 -> 2054.1335 | AS35: =AC35+AQ35 -> 2138.4031
A36: =Inputs!$C$7+34*(Inputs!$C$8-Inputs!$C$7)/240 -> -43 | B36: =Inputs!$C$5+Inputs!$C$9*(A36/Inputs!$C$10)^2 -> 402.05444 | C36: =B36 -> 402.05444 | D36: =SQRT((Inputs!$C$52+B36)^2+Inputs!$C$52^2-2*(Inputs!$C$52+B36)*Inputs!$C$52*COS(SQRT(A36^2+Inputs!$C$6^2)/Inputs!$C$52)) -> 405.90492 | E36: =(D36-C36)*1000 -> 3850.4746 | F36: =E36/Inputs!$C$12 -> 2163.188 | G36: =2*E36/Inputs!$C$21*1000000 -> 25.687601 | H36: =SQRT(A36^2+Inputs!$C$6^2) -> 49.73932 | I36: =DEGREES(ATAN(H36/B36)) -> 7.0523939 | J36: =DEGREES((2*PI()/Inputs!$C$13)*Inputs!$C$15*SIN(RADIANS(I36))) -> 44.199692 | K36: =(C36/D36)^4 -> 0.96259192 | L36: =10*LOG10(K36) -> -0.16557788 | M36: =2*(Inputs!$C$9/(Inputs!$C$10^2))*A36 -> -0.095555556 | N36: =M36*Inputs!$C$11 -> -0.38222222 | O36: =1000*(D37-D35)/(A37-A35)*Inputs!$C$11 -> -912.15047 | P36: =-2*O36/Inputs!$C$13 -> 364.86019 | Q36: =-2*O36/Inputs!$C$14 -> 54.783812 | R36: =F36-Inputs!$C$16/2 -> 2148.188 | S36: =F36+Inputs!$C$16/2 -> 2178.188 | T36: =F36-Inputs!$C$17/2 -> 2013.188 | U36: =F36+Inputs!$C$17/2 -> 2313.188 | V36: =ABS(P36) -> 364.86019 | W36: =ABS(Q36) -> 54.783812 | X36: =IF(OR(Inputs!$C$27=TRUE,Inputs!$C$27="TRUE",Inputs!$C$27=1),1,0)*(Inputs!$C$51*(115*EXP(-(((0)-25)^2)/(4.5^2))+70*EXP(-(((0)+38)^2)/(7^2))*(0.55+0.45*SIN(2*PI()*(A36)/45))+24*SIN(2*PI()*(0)/9+(A36)/18)*EXP(-(((0)+5)^2)/(22^2))+18*SIN(2*PI()*(A36)/70))+Inputs!$C$28*EXP(-(((A36)-Inputs!$C$29)^2)/(2*Inputs!$C$31^2))*EXP(-(((0)-Inputs!$C$30)^2)/(2*Inputs!$C$32^2))+-Inputs!$C$33*EXP(-(((((A36)-Inputs!$C$34)^2)+(((0)-Inputs!$C$35)^2))/(2*Inputs!$C$36^2)))+Inputs!$C$37*(0.55*SIN(2*PI()*(A36)/Inputs!$C$39)+0.35*COS(2*PI()*(0)/Inputs!$C$40)+0.2*SIN(2*PI()*((A36)+(0))/(0.5*(Inputs!$C$39+Inputs!$C$40))))+Inputs!$C$38*SIN(2*PI()*(A36)/Inputs!$C$39)*SIN(2*PI()*(0)/Inputs!$C$40)+-Inputs!$C$41*EXP(-(((0)-Inputs!$C$43)^2)/(2*Inputs!$C$44^2))*EXP(-(((A36)-Inputs!$C$42)^2)/(2*Inputs!$C$45^2))+Inputs!$C$48*(0.7*(0.45*SIN(2*PI()*(((A36)/Inputs!$C$49)+Inputs!$C$47*0.137))+0.35*COS(2*PI()*(((0)/Inputs!$C$50)+Inputs!$C$47*0.173))+0.2*SIN(2*PI()*(((A36)+(0))/(0.5*(Inputs!$C$49+Inputs!$C$50))+Inputs!$C$47*0.097)))+0.3*(2*((SIN(((A36)*12.9898+(0)*78.233+Inputs!$C$47*37.719))*43758.5453)-INT((SIN(((A36)*12.9898+(0)*78.233+Inputs!$C$47*37.719))*43758.5453)))-1))) -> 3.6947906 | Y36: =IF(OR(Inputs!$C$27=TRUE,Inputs!$C$27="TRUE",Inputs!$C$27=1),1,0)*(Inputs!$C$51*(115*EXP(-(((Inputs!$C$6)-25)^2)/(4.5^2))+70*EXP(-(((Inputs!$C$6)+38)^2)/(7^2))*(0.55+0.45*SIN(2*PI()*(A36)/45))+24*SIN(2*PI()*(Inputs!$C$6)/9+(A36)/18)*EXP(-(((Inputs!$C$6)+5)^2)/(22^2))+18*SIN(2*PI()*(A36)/70))+Inputs!$C$28*EXP(-(((A36)-Inputs!$C$29)^2)/(2*Inputs!$C$31^2))*EXP(-(((Inputs!$C$6)-Inputs!$C$30)^2)/(2*Inputs!$C$32^2))+-Inputs!$C$33*EXP(-(((((A36)-Inputs!$C$34)^2)+(((Inputs!$C$6)-Inputs!$C$35)^2))/(2*Inputs!$C$36^2)))+Inputs!$C$37*(0.55*SIN(2*PI()*(A36)/Inputs!$C$39)+0.35*COS(2*PI()*(Inputs!$C$6)/Inputs!$C$40)+0.2*SIN(2*PI()*((A36)+(Inputs!$C$6))/(0.5*(Inputs!$C$39+Inputs!$C$40))))+Inputs!$C$38*SIN(2*PI()*(A36)/Inputs!$C$39)*SIN(2*PI()*(Inputs!$C$6)/Inputs!$C$40)+-Inputs!$C$41*EXP(-(((Inputs!$C$6)-Inputs!$C$43)^2)/(2*Inputs!$C$44^2))*EXP(-(((A36)-Inputs!$C$42)^2)/(2*Inputs!$C$45^2))+Inputs!$C$48*(0.7*(0.45*SIN(2*PI()*(((A36)/Inputs!$C$49)+Inputs!$C$47*0.137))+0.35*COS(2*PI()*(((Inputs!$C$6)/Inputs!$C$50)+Inputs!$C$47*0.173))+0.2*SIN(2*PI()*(((A36)+(Inputs!$C$6))/(0.5*(Inputs!$C$49+Inputs!$C$50))+Inputs!$C$47*0.097)))+0.3*(2*((SIN(((A36)*12.9898+(Inputs!$C$6)*78.233+Inputs!$C$47*37.719))*43758.5453)-INT((SIN(((A36)*12.9898+(Inputs!$C$6)*78.233+Inputs!$C$47*37.719))*43758.5453)))-1))) -> 180.55818 | Z36: =B36-X36/1000 -> 402.05075 | AA36: =SQRT((Inputs!$C$52+B36)^2+(Inputs!$C$52+Y36/1000)^2-2*(Inputs!$C$52+B36)*(Inputs!$C$52+Y36/1000)*COS(SQRT(A36^2+Inputs!$C$6^2)/Inputs!$C$52)) -> 405.72652 | AB36: =(AA36-Z36)*1000 -> 3675.7683 | AC36: =AB36/Inputs!$C$12 -> 2065.0384 | AD36: =2*AB36/Inputs!$C$21*1000000 -> 24.522086 | AE36: =DEGREES(ATAN(H36/(B36-Y36/1000))) -> 7.0555306 | AF36: =DEGREES((2*PI()/Inputs!$C$13)*Inputs!$C$15*SIN(RADIANS(AE36))) -> 44.219251 | AG36: =(Z36/AA36)^4 -> 0.96425063 | AH36: =10*LOG10(AG36) -> -0.1581007 | AI36: =AC36-F36 -> -98.149616 | AJ36: =AD36-G36 -> -1.1655151 | AK36: =Y36-X36 -> 176.86339 | AL36: =1000*(AA37-AA35)/(A37-A35)*Inputs!$C$11 -> -797.38421 | AM36: =-2*AL36/Inputs!$C$13 -> 318.95368 | AN36: =-2*AL36/Inputs!$C$14 -> 47.890943 | AO36: =ABS(AM36) -> 318.95368 | AP36: =ABS(AN36) -> 47.890943 | AQ36: =IF(OR(Inputs!$C$27=TRUE,Inputs!$C$27="TRUE",Inputs!$C$27=1),Inputs!$C$46/Inputs!$C$12,0) -> 42.134831 | AR36: =AC36-AQ36 -> 2022.9035 | AS36: =AC36+AQ36 -> 2107.1732
A37: =Inputs!$C$7+35*(Inputs!$C$8-Inputs!$C$7)/240 -> -42.5 | B37: =Inputs!$C$5+Inputs!$C$9*(A37/Inputs!$C$10)^2 -> 402.00694 | C37: =B37 -> 402.00694 | D37: =SQRT((Inputs!$C$52+B37)^2+Inputs!$C$52^2-2*(Inputs!$C$52+B37)*Inputs!$C$52*COS(SQRT(A37^2+Inputs!$C$6^2)/Inputs!$C$52)) -> 405.79155 | E37: =(D37-C37)*1000 -> 3784.607 | F37: =E37/Inputs!$C$12 -> 2126.1837 | G37: =2*E37/Inputs!$C$21*1000000 -> 25.24818 | H37: =SQRT(A37^2+Inputs!$C$6^2) -> 49.307707 | I37: =DEGREES(ATAN(H37/B37)) -> 6.992623 | J37: =DEGREES((2*PI()/Inputs!$C$13)*Inputs!$C$15*SIN(RADIANS(I37))) -> 43.826958 | K37: =(C37/D37)^4 -> 0.96321274 | L37: =10*LOG10(K37) -> -0.16277782 | M37: =2*(Inputs!$C$9/(Inputs!$C$10^2))*A37 -> -0.094444444 | N37: =M37*Inputs!$C$11 -> -0.37777778 | O37: =1000*(D38-D36)/(A38-A36)*Inputs!$C$11 -> -901.72776 | P37: =-2*O37/Inputs!$C$13 -> 360.6911 | Q37: =-2*O37/Inputs!$C$14 -> 54.157824 | R37: =F37-Inputs!$C$16/2 -> 2111.1837 | S37: =F37+Inputs!$C$16/2 -> 2141.1837 | T37: =F37-Inputs!$C$17/2 -> 1976.1837 | U37: =F37+Inputs!$C$17/2 -> 2276.1837 | V37: =ABS(P37) -> 360.6911 | W37: =ABS(Q37) -> 54.157824 | X37: =IF(OR(Inputs!$C$27=TRUE,Inputs!$C$27="TRUE",Inputs!$C$27=1),1,0)*(Inputs!$C$51*(115*EXP(-(((0)-25)^2)/(4.5^2))+70*EXP(-(((0)+38)^2)/(7^2))*(0.55+0.45*SIN(2*PI()*(A37)/45))+24*SIN(2*PI()*(0)/9+(A37)/18)*EXP(-(((0)+5)^2)/(22^2))+18*SIN(2*PI()*(A37)/70))+Inputs!$C$28*EXP(-(((A37)-Inputs!$C$29)^2)/(2*Inputs!$C$31^2))*EXP(-(((0)-Inputs!$C$30)^2)/(2*Inputs!$C$32^2))+-Inputs!$C$33*EXP(-(((((A37)-Inputs!$C$34)^2)+(((0)-Inputs!$C$35)^2))/(2*Inputs!$C$36^2)))+Inputs!$C$37*(0.55*SIN(2*PI()*(A37)/Inputs!$C$39)+0.35*COS(2*PI()*(0)/Inputs!$C$40)+0.2*SIN(2*PI()*((A37)+(0))/(0.5*(Inputs!$C$39+Inputs!$C$40))))+Inputs!$C$38*SIN(2*PI()*(A37)/Inputs!$C$39)*SIN(2*PI()*(0)/Inputs!$C$40)+-Inputs!$C$41*EXP(-(((0)-Inputs!$C$43)^2)/(2*Inputs!$C$44^2))*EXP(-(((A37)-Inputs!$C$42)^2)/(2*Inputs!$C$45^2))+Inputs!$C$48*(0.7*(0.45*SIN(2*PI()*(((A37)/Inputs!$C$49)+Inputs!$C$47*0.137))+0.35*COS(2*PI()*(((0)/Inputs!$C$50)+Inputs!$C$47*0.173))+0.2*SIN(2*PI()*(((A37)+(0))/(0.5*(Inputs!$C$49+Inputs!$C$50))+Inputs!$C$47*0.097)))+0.3*(2*((SIN(((A37)*12.9898+(0)*78.233+Inputs!$C$47*37.719))*43758.5453)-INT((SIN(((A37)*12.9898+(0)*78.233+Inputs!$C$47*37.719))*43758.5453)))-1))) -> 9.4775495 | Y37: =IF(OR(Inputs!$C$27=TRUE,Inputs!$C$27="TRUE",Inputs!$C$27=1),1,0)*(Inputs!$C$51*(115*EXP(-(((Inputs!$C$6)-25)^2)/(4.5^2))+70*EXP(-(((Inputs!$C$6)+38)^2)/(7^2))*(0.55+0.45*SIN(2*PI()*(A37)/45))+24*SIN(2*PI()*(Inputs!$C$6)/9+(A37)/18)*EXP(-(((Inputs!$C$6)+5)^2)/(22^2))+18*SIN(2*PI()*(A37)/70))+Inputs!$C$28*EXP(-(((A37)-Inputs!$C$29)^2)/(2*Inputs!$C$31^2))*EXP(-(((Inputs!$C$6)-Inputs!$C$30)^2)/(2*Inputs!$C$32^2))+-Inputs!$C$33*EXP(-(((((A37)-Inputs!$C$34)^2)+(((Inputs!$C$6)-Inputs!$C$35)^2))/(2*Inputs!$C$36^2)))+Inputs!$C$37*(0.55*SIN(2*PI()*(A37)/Inputs!$C$39)+0.35*COS(2*PI()*(Inputs!$C$6)/Inputs!$C$40)+0.2*SIN(2*PI()*((A37)+(Inputs!$C$6))/(0.5*(Inputs!$C$39+Inputs!$C$40))))+Inputs!$C$38*SIN(2*PI()*(A37)/Inputs!$C$39)*SIN(2*PI()*(Inputs!$C$6)/Inputs!$C$40)+-Inputs!$C$41*EXP(-(((Inputs!$C$6)-Inputs!$C$43)^2)/(2*Inputs!$C$44^2))*EXP(-(((A37)-Inputs!$C$42)^2)/(2*Inputs!$C$45^2))+Inputs!$C$48*(0.7*(0.45*SIN(2*PI()*(((A37)/Inputs!$C$49)+Inputs!$C$47*0.137))+0.35*COS(2*PI()*(((Inputs!$C$6)/Inputs!$C$50)+Inputs!$C$47*0.173))+0.2*SIN(2*PI()*(((A37)+(Inputs!$C$6))/(0.5*(Inputs!$C$49+Inputs!$C$50))+Inputs!$C$47*0.097)))+0.3*(2*((SIN(((A37)*12.9898+(Inputs!$C$6)*78.233+Inputs!$C$47*37.719))*43758.5453)-INT((SIN(((A37)*12.9898+(Inputs!$C$6)*78.233+Inputs!$C$47*37.719))*43758.5453)))-1))) -> 181.72918 | Z37: =B37-X37/1000 -> 401.99747 | AA37: =SQRT((Inputs!$C$52+B37)^2+(Inputs!$C$52+Y37/1000)^2-2*(Inputs!$C$52+B37)*(Inputs!$C$52+Y37/1000)*COS(SQRT(A37^2+Inputs!$C$6^2)/Inputs!$C$52)) -> 405.61196 | AB37: =(AA37-Z37)*1000 -> 3614.4898 | AC37: =AB37/Inputs!$C$12 -> 2030.6123 | AD37: =2*AB37/Inputs!$C$21*1000000 -> 24.113281 | AE37: =DEGREES(ATAN(H37/(B37-Y37/1000))) -> 6.9957542 | AF37: =DEGREES((2*PI()/Inputs!$C$13)*Inputs!$C$15*SIN(RADIANS(AE37))) -> 43.846485 | AG37: =(Z37/AA37)^4 -> 0.96482883 | AH37: =10*LOG10(AG37) -> -0.15549729 | AI37: =AC37-F37 -> -95.571451 | AJ37: =AD37-G37 -> -1.1348997 | AK37: =Y37-X37 -> 172.25163 | AL37: =1000*(AA38-AA36)/(A38-A36)*Inputs!$C$11 -> -862.75608 | AM37: =-2*AL37/Inputs!$C$13 -> 345.10243 | AN37: =-2*AL37/Inputs!$C$14 -> 51.817182 | AO37: =ABS(AM37) -> 345.10243 | AP37: =ABS(AN37) -> 51.817182 | AQ37: =IF(OR(Inputs!$C$27=TRUE,Inputs!$C$27="TRUE",Inputs!$C$27=1),Inputs!$C$46/Inputs!$C$12,0) -> 42.134831 | AR37: =AC37-AQ37 -> 1988.4774 | AS37: =AC37+AQ37 -> 2072.7471
A38: =Inputs!$C$7+36*(Inputs!$C$8-Inputs!$C$7)/240 -> -42 | B38: =Inputs!$C$5+Inputs!$C$9*(A38/Inputs!$C$10)^2 -> 401.96 | C38: =B38 -> 401.96 | D38: =SQRT((Inputs!$C$52+B38)^2+Inputs!$C$52^2-2*(Inputs!$C$52+B38)*Inputs!$C$52*COS(SQRT(A38^2+Inputs!$C$6^2)/Inputs!$C$52)) -> 405.67949 | E38: =(D38-C38)*1000 -> 3719.4871 | F38: =E38/Inputs!$C$12 -> 2089.5995 | G38: =2*E38/Inputs!$C$21*1000000 -> 24.813747 | H38: =SQRT(A38^2+Inputs!$C$6^2) -> 48.877398 | I38: =DEGREES(ATAN(H38/B38)) -> 6.9329963 | J38: =DEGREES((2*PI()/Inputs!$C$13)*Inputs!$C$15*SIN(RADIANS(I38))) -> 43.455075 | K38: =(C38/D38)^4 -> 0.96382715 | L38: =10*LOG10(K38) -> -0.16000844 | M38: =2*(Inputs!$C$9/(Inputs!$C$10^2))*A38 -> -0.093333333 | N38: =M38*Inputs!$C$11 -> -0.37333333 | O38: =1000*(D39-D37)/(A39-A37)*Inputs!$C$11 -> -891.29876 | P38: =-2*O38/Inputs!$C$13 -> 356.5195 | Q38: =-2*O38/Inputs!$C$14 -> 53.531457 | R38: =F38-Inputs!$C$16/2 -> 2074.5995 | S38: =F38+Inputs!$C$16/2 -> 2104.5995 | T38: =F38-Inputs!$C$17/2 -> 1939.5995 | U38: =F38+Inputs!$C$17/2 -> 2239.5995 | V38: =ABS(P38) -> 356.5195 | W38: =ABS(Q38) -> 53.531457 | X38: =IF(OR(Inputs!$C$27=TRUE,Inputs!$C$27="TRUE",Inputs!$C$27=1),1,0)*(Inputs!$C$51*(115*EXP(-(((0)-25)^2)/(4.5^2))+70*EXP(-(((0)+38)^2)/(7^2))*(0.55+0.45*SIN(2*PI()*(A38)/45))+24*SIN(2*PI()*(0)/9+(A38)/18)*EXP(-(((0)+5)^2)/(22^2))+18*SIN(2*PI()*(A38)/70))+Inputs!$C$28*EXP(-(((A38)-Inputs!$C$29)^2)/(2*Inputs!$C$31^2))*EXP(-(((0)-Inputs!$C$30)^2)/(2*Inputs!$C$32^2))+-Inputs!$C$33*EXP(-(((((A38)-Inputs!$C$34)^2)+(((0)-Inputs!$C$35)^2))/(2*Inputs!$C$36^2)))+Inputs!$C$37*(0.55*SIN(2*PI()*(A38)/Inputs!$C$39)+0.35*COS(2*PI()*(0)/Inputs!$C$40)+0.2*SIN(2*PI()*((A38)+(0))/(0.5*(Inputs!$C$39+Inputs!$C$40))))+Inputs!$C$38*SIN(2*PI()*(A38)/Inputs!$C$39)*SIN(2*PI()*(0)/Inputs!$C$40)+-Inputs!$C$41*EXP(-(((0)-Inputs!$C$43)^2)/(2*Inputs!$C$44^2))*EXP(-(((A38)-Inputs!$C$42)^2)/(2*Inputs!$C$45^2))+Inputs!$C$48*(0.7*(0.45*SIN(2*PI()*(((A38)/Inputs!$C$49)+Inputs!$C$47*0.137))+0.35*COS(2*PI()*(((0)/Inputs!$C$50)+Inputs!$C$47*0.173))+0.2*SIN(2*PI()*(((A38)+(0))/(0.5*(Inputs!$C$49+Inputs!$C$50))+Inputs!$C$47*0.097)))+0.3*(2*((SIN(((A38)*12.9898+(0)*78.233+Inputs!$C$47*37.719))*43758.5453)-INT((SIN(((A38)*12.9898+(0)*78.233+Inputs!$C$47*37.719))*43758.5453)))-1))) -> -8.6913035 | Y38: =IF(OR(Inputs!$C$27=TRUE,Inputs!$C$27="TRUE",Inputs!$C$27=1),1,0)*(Inputs!$C$51*(115*EXP(-(((Inputs!$C$6)-25)^2)/(4.5^2))+70*EXP(-(((Inputs!$C$6)+38)^2)/(7^2))*(0.55+0.45*SIN(2*PI()*(A38)/45))+24*SIN(2*PI()*(Inputs!$C$6)/9+(A38)/18)*EXP(-(((Inputs!$C$6)+5)^2)/(22^2))+18*SIN(2*PI()*(A38)/70))+Inputs!$C$28*EXP(-(((A38)-Inputs!$C$29)^2)/(2*Inputs!$C$31^2))*EXP(-(((Inputs!$C$6)-Inputs!$C$30)^2)/(2*Inputs!$C$32^2))+-Inputs!$C$33*EXP(-(((((A38)-Inputs!$C$34)^2)+(((Inputs!$C$6)-Inputs!$C$35)^2))/(2*Inputs!$C$36^2)))+Inputs!$C$37*(0.55*SIN(2*PI()*(A38)/Inputs!$C$39)+0.35*COS(2*PI()*(Inputs!$C$6)/Inputs!$C$40)+0.2*SIN(2*PI()*((A38)+(Inputs!$C$6))/(0.5*(Inputs!$C$39+Inputs!$C$40))))+Inputs!$C$38*SIN(2*PI()*(A38)/Inputs!$C$39)*SIN(2*PI()*(Inputs!$C$6)/Inputs!$C$40)+-Inputs!$C$41*EXP(-(((Inputs!$C$6)-Inputs!$C$43)^2)/(2*Inputs!$C$44^2))*EXP(-(((A38)-Inputs!$C$42)^2)/(2*Inputs!$C$45^2))+Inputs!$C$48*(0.7*(0.45*SIN(2*PI()*(((A38)/Inputs!$C$49)+Inputs!$C$47*0.137))+0.35*COS(2*PI()*(((Inputs!$C$6)/Inputs!$C$50)+Inputs!$C$47*0.173))+0.2*SIN(2*PI()*(((A38)+(Inputs!$C$6))/(0.5*(Inputs!$C$49+Inputs!$C$50))+Inputs!$C$47*0.097)))+0.3*(2*((SIN(((A38)*12.9898+(Inputs!$C$6)*78.233+Inputs!$C$47*37.719))*43758.5453)-INT((SIN(((A38)*12.9898+(Inputs!$C$6)*78.233+Inputs!$C$47*37.719))*43758.5453)))-1))) -> 170.62817 | Z38: =B38-X38/1000 -> 401.96869 | AA38: =SQRT((Inputs!$C$52+B38)^2+(Inputs!$C$52+Y38/1000)^2-2*(Inputs!$C$52+B38)*(Inputs!$C$52+Y38/1000)*COS(SQRT(A38^2+Inputs!$C$6^2)/Inputs!$C$52)) -> 405.51083 | AB38: =(AA38-Z38)*1000 -> 3542.1376 | AC38: =AB38/Inputs!$C$12 -> 1989.9649 | AD38: =2*AB38/Inputs!$C$21*1000000 -> 23.630599 | AE38: =DEGREES(ATAN(H38/(B38-Y38/1000))) -> 6.9359119 | AF38: =DEGREES((2*PI()/Inputs!$C$13)*Inputs!$C$15*SIN(RADIANS(AE38))) -> 43.47326 | AG38: =(Z38/AA38)^4 -> 0.96551514 | AH38: =10*LOG10(AG38) -> -0.15240913 | AI38: =AC38-F38 -> -99.634544 | AJ38: =AD38-G38 -> -1.1831484 | AK38: =Y38-X38 -> 179.31948 | AL38: =1000*(AA39-AA37)/(A39-A37)*Inputs!$C$11 -> -850.68237 | AM38: =-2*AL38/Inputs!$C$13 -> 340.27295 | AN38: =-2*AL38/Inputs!$C$14 -> 51.092034 | AO38: =ABS(AM38) -> 340.27295 | AP38: =ABS(AN38) -> 51.092034 | AQ38: =IF(OR(Inputs!$C$27=TRUE,Inputs!$C$27="TRUE",Inputs!$C$27=1),Inputs!$C$46/Inputs!$C$12,0) -> 42.134831 | AR38: =AC38-AQ38 -> 1947.8301 | AS38: =AC38+AQ38 -> 2032.0998
A39: =Inputs!$C$7+37*(Inputs!$C$8-Inputs!$C$7)/240 -> -41.5 | B39: =Inputs!$C$5+Inputs!$C$9*(A39/Inputs!$C$10)^2 -> 401.91361 | C39: =B39 -> 401.91361 | D39: =SQRT((Inputs!$C$52+B39)^2+Inputs!$C$52^2-2*(Inputs!$C$52+B39)*Inputs!$C$52*COS(SQRT(A39^2+Inputs!$C$6^2)/Inputs!$C$52)) -> 405.56873 | E39: =(D39-C39)*1000 -> 3655.1156 | F39: =E39/Inputs!$C$12 -> 2053.4358 | G39: =2*E39/Inputs!$C$21*1000000 -> 24.384307 | H39: =SQRT(A39^2+Inputs!$C$6^2) -> 48.448426 | I39: =DEGREES(ATAN(H39/B39)) -> 6.8735192 | J39: =DEGREES((2*PI()/Inputs!$C$13)*Inputs!$C$15*SIN(RADIANS(I39))) -> 43.084079 | K39: =(C39/D39)^4 -> 0.96443513 | L39: =10*LOG10(K39) -> -0.15726981 | M39: =2*(Inputs!$C$9/(Inputs!$C$10^2))*A39 -> -0.092222222 | N39: =M39*Inputs!$C$11 -> -0.36888889 | O39: =1000*(D40-D38)/(A40-A38)*Inputs!$C$11 -> -880.86352 | P39: =-2*O39/Inputs!$C$13 -> 352.34541 | Q39: =-2*O39/Inputs!$C$14 -> 52.904716 | R39: =F39-Inputs!$C$16/2 -> 2038.4358 | S39: =F39+Inputs!$C$16/2 -> 2068.4358 | T39: =F39-Inputs!$C$17/2 -> 1903.4358 | U39: =F39+Inputs!$C$17/2 -> 2203.4358 | V39: =ABS(P39) -> 352.34541 | W39: =ABS(Q39) -> 52.904716 | X39: =IF(OR(Inputs!$C$27=TRUE,Inputs!$C$27="TRUE",Inputs!$C$27=1),1,0)*(Inputs!$C$51*(115*EXP(-(((0)-25)^2)/(4.5^2))+70*EXP(-(((0)+38)^2)/(7^2))*(0.55+0.45*SIN(2*PI()*(A39)/45))+24*SIN(2*PI()*(0)/9+(A39)/18)*EXP(-(((0)+5)^2)/(22^2))+18*SIN(2*PI()*(A39)/70))+Inputs!$C$28*EXP(-(((A39)-Inputs!$C$29)^2)/(2*Inputs!$C$31^2))*EXP(-(((0)-Inputs!$C$30)^2)/(2*Inputs!$C$32^2))+-Inputs!$C$33*EXP(-(((((A39)-Inputs!$C$34)^2)+(((0)-Inputs!$C$35)^2))/(2*Inputs!$C$36^2)))+Inputs!$C$37*(0.55*SIN(2*PI()*(A39)/Inputs!$C$39)+0.35*COS(2*PI()*(0)/Inputs!$C$40)+0.2*SIN(2*PI()*((A39)+(0))/(0.5*(Inputs!$C$39+Inputs!$C$40))))+Inputs!$C$38*SIN(2*PI()*(A39)/Inputs!$C$39)*SIN(2*PI()*(0)/Inputs!$C$40)+-Inputs!$C$41*EXP(-(((0)-Inputs!$C$43)^2)/(2*Inputs!$C$44^2))*EXP(-(((A39)-Inputs!$C$42)^2)/(2*Inputs!$C$45^2))+Inputs!$C$48*(0.7*(0.45*SIN(2*PI()*(((A39)/Inputs!$C$49)+Inputs!$C$47*0.137))+0.35*COS(2*PI()*(((0)/Inputs!$C$50)+Inputs!$C$47*0.173))+0.2*SIN(2*PI()*(((A39)+(0))/(0.5*(Inputs!$C$49+Inputs!$C$50))+Inputs!$C$47*0.097)))+0.3*(2*((SIN(((A39)*12.9898+(0)*78.233+Inputs!$C$47*37.719))*43758.5453)-INT((SIN(((A39)*12.9898+(0)*78.233+Inputs!$C$47*37.719))*43758.5453)))-1))) -> -15.792555 | Y39: =IF(OR(Inputs!$C$27=TRUE,Inputs!$C$27="TRUE",Inputs!$C$27=1),1,0)*(Inputs!$C$51*(115*EXP(-(((Inputs!$C$6)-25)^2)/(4.5^2))+70*EXP(-(((Inputs!$C$6)+38)^2)/(7^2))*(0.55+0.45*SIN(2*PI()*(A39)/45))+24*SIN(2*PI()*(Inputs!$C$6)/9+(A39)/18)*EXP(-(((Inputs!$C$6)+5)^2)/(22^2))+18*SIN(2*PI()*(A39)/70))+Inputs!$C$28*EXP(-(((A39)-Inputs!$C$29)^2)/(2*Inputs!$C$31^2))*EXP(-(((Inputs!$C$6)-Inputs!$C$30)^2)/(2*Inputs!$C$32^2))+-Inputs!$C$33*EXP(-(((((A39)-Inputs!$C$34)^2)+(((Inputs!$C$6)-Inputs!$C$35)^2))/(2*Inputs!$C$36^2)))+Inputs!$C$37*(0.55*SIN(2*PI()*(A39)/Inputs!$C$39)+0.35*COS(2*PI()*(Inputs!$C$6)/Inputs!$C$40)+0.2*SIN(2*PI()*((A39)+(Inputs!$C$6))/(0.5*(Inputs!$C$39+Inputs!$C$40))))+Inputs!$C$38*SIN(2*PI()*(A39)/Inputs!$C$39)*SIN(2*PI()*(Inputs!$C$6)/Inputs!$C$40)+-Inputs!$C$41*EXP(-(((Inputs!$C$6)-Inputs!$C$43)^2)/(2*Inputs!$C$44^2))*EXP(-(((A39)-Inputs!$C$42)^2)/(2*Inputs!$C$45^2))+Inputs!$C$48*(0.7*(0.45*SIN(2*PI()*(((A39)/Inputs!$C$49)+Inputs!$C$47*0.137))+0.35*COS(2*PI()*(((Inputs!$C$6)/Inputs!$C$50)+Inputs!$C$47*0.173))+0.2*SIN(2*PI()*(((A39)+(Inputs!$C$6))/(0.5*(Inputs!$C$49+Inputs!$C$50))+Inputs!$C$47*0.097)))+0.3*(2*((SIN(((A39)*12.9898+(Inputs!$C$6)*78.233+Inputs!$C$47*37.719))*43758.5453)-INT((SIN(((A39)*12.9898+(Inputs!$C$6)*78.233+Inputs!$C$47*37.719))*43758.5453)))-1))) -> 171.38558 | Z39: =B39-X39/1000 -> 401.9294 | AA39: =SQRT((Inputs!$C$52+B39)^2+(Inputs!$C$52+Y39/1000)^2-2*(Inputs!$C$52+B39)*(Inputs!$C$52+Y39/1000)*COS(SQRT(A39^2+Inputs!$C$6^2)/Inputs!$C$52)) -> 405.39929 | AB39: =(AA39-Z39)*1000 -> 3469.8825 | AC39: =AB39/Inputs!$C$12 -> 1949.3722 | AD39: =2*AB39/Inputs!$C$21*1000000 -> 23.148564 | AE39: =DEGREES(ATAN(H39/(B39-Y39/1000))) -> 6.8764234 | AF39: =DEGREES((2*PI()/Inputs!$C$13)*Inputs!$C$15*SIN(RADIANS(AE39))) -> 43.102195 | AG39: =(Z39/AA39)^4 -> 0.96620036 | AH39: =10*LOG10(AG39) -> -0.14932803 | AI39: =AC39-F39 -> -104.06359 | AJ39: =AD39-G39 -> -1.2357428 | AK39: =Y39-X39 -> 187.17813 | AL39: =1000*(AA40-AA38)/(A40-A38)*Inputs!$C$11 -> -905.01393 | AM39: =-2*AL39/Inputs!$C$13 -> 362.00557 | AN39: =-2*AL39/Inputs!$C$14 -> 54.355191 | AO39: =ABS(AM39) -> 362.00557 | AP39: =ABS(AN39) -> 54.355191 | AQ39: =IF(OR(Inputs!$C$27=TRUE,Inputs!$C$27="TRUE",Inputs!$C$27=1),Inputs!$C$46/Inputs!$C$12,0) -> 42.134831 | AR39: =AC39-AQ39 -> 1907.2373 | AS39: =AC39+AQ39 -> 1991.507
