Workbook

Sheet Dashboard
A1: Parabolic Motion Radar + Topography Parameter Model
A2: Use Inputs!C27 to apply/remove topography from the main outputs and charts. Inputs!C47 changes the terrain seed. Long-pass scenario ranges use Europa spherical curvature instead of flat Cartesian range. Off-nadir means the side-looking target at Inputs!C6, while nadir means straight below the spacecraft.
A4: Key Output Results
A5: Output | B5: Value | C5: Unit | D5: What it means
A6: Topography toggle | B6: =IF(OR(Inputs!$C$27=TRUE,Inputs!$C$27="TRUE",Inputs!$C$27=1),"Topography ON","Topography OFF") | D6: Set Inputs!C27 to TRUE to include terrain, or FALSE to return to a flat surface. Change Inputs!C47 to test a new terrain case.
A7: Flat apparent depth at mid-pass | B7: =Model_Data!F122 | C7: m | D7: Original flat-surface result.
A8: Topo apparent depth at mid-pass | B8: =Model_Data!AC122 | C8: m | D8: Apparent depth after terrain height changes the range geometry.
A9: Depth change from topography | B9: =Model_Data!AI122 | C9: m | D9: Topo apparent depth minus flat apparent depth.
A10: Topo extra two-way delay | B10: =Model_Data!AD122 | C10: us | D10: Two-way delay after topography is included.
A11: Topo VHF interferometric phase | B11: =Model_Data!AF122 | C11: deg | D11: VHF phase after topography changes the look geometry.
A12: Max target terrain height | B12: =MAX(Model_Data!Y2:Y242) | C12: m | D12: Highest modeled terrain at the side-offset target path.
A13: Min target terrain height | B13: =MIN(Model_Data!Y2:Y242) | C13: m | D13: Lowest modeled terrain at the side-offset target path.
A14: Max absolute topo depth change | B14: =MAX(MAX(Model_Data!AI2:AI242),-MIN(Model_Data!AI2:AI242)) | C14: m | D14: Largest magnitude of topography-driven apparent-depth change.
A15: Max topo VHF Doppler magnitude | B15: =MAX(Model_Data!AO2:AO242) | C15: Hz | D15: Largest VHF Doppler after topography is included.
A16: Simple minimum PRF with topo | B16: =2*B15 | C16: Hz | D16: Twice max topo VHF Doppler, a simple no-alias floor.
A17: Topo depth uncertainty band | B17: =Model_Data!AQ122 | C17: m | D17: Representative vertical uncertainty converted to apparent-depth uncertainty.
A19: PRF Choices
A20: PRF (Hz) | B20: Pulse interval (ms) | C20: Along-track spacing (m) | D20: Unambiguous range (km) | E20: Pulses in air at z0 | F20: Status
A21: =PRF_Results!A4 | B21: =PRF_Results!B4 | C21: =PRF_Results!C4 | D21: =PRF_Results!D4 | E21: =PRF_Results!E4 | F21: =PRF_Results!F4
A22: =PRF_Results!A5 | B22: =PRF_Results!B5 | C22: =PRF_Results!C5 | D22: =PRF_Results!D5 | E22: =PRF_Results!E5 | F22: =PRF_Results!F5
A23: =PRF_Results!A6 | B23: =PRF_Results!B6 | C23: =PRF_Results!C6 | D23: =PRF_Results!D6 | E23: =PRF_Results!E6 | F23: =PRF_Results!F6
A25: How to read this model
A26: The chain is: parabolic motion changes z(x); topography adds h(x,y); the radar then turns that real surface pattern into an apparent range/depth shift. The off-nadir target is the side-looking point at y = Inputs!C6; nadir is the straight-down reference. Flat means flat surface, not straight spacecraft motion.
A114: Paper Pass Scenario Comparison
A115: Scenario | B115: Show | C115: z0 (km) | D115: Length (km) | E115: Edge alt (km) | F115: Mid depth (m) | G115: Max VHF (Hz) | H115: PRF floor (Hz) | I115: Basis
A116: =Inputs!G6 | B116: =Inputs!F6 | C116: =Inputs!H6 | D116: =Inputs!J6-Inputs!I6 | E116: =Inputs!M6 | F116: =Scenario_Data!AF122 | G116: =MAX(MAX(Scenario_Data!AL2:AL242),-MIN(Scenario_Data!AL2:AL242)) | H116: =2*G116 | I116: Current editable
A117: =Inputs!G7 | B117: =Inputs!F7 | C117: =Inputs!H7 | D117: =Inputs!J7-Inputs!I7 | E117: =Inputs!M7 | F117: =Scenario_Data!AG122 | G117: =MAX(MAX(Scenario_Data!AM2:AM242),-MIN(Scenario_Data!AM2:AM242)) | H117: =2*G117 | I117: 800 km below 400
A118: =Inputs!G8 | B118: =Inputs!F8 | C118: =Inputs!H8 | D118: =Inputs!J8-Inputs!I8 | E118: =Inputs!M8 | F118: =Scenario_Data!AH122 | G118: =MAX(MAX(Scenario_Data!AN2:AN242),-MIN(Scenario_Data!AN2:AN242)) | H118: =2*G118 | I118: 1600 km below 1000
A119: =Inputs!G9 | B119: =Inputs!F9 | C119: =Inputs!H9 | D119: =Inputs!J9-Inputs!I9 | E119: =Inputs!M9 | F119: =Scenario_Data!AI122 | G119: =MAX(MAX(Scenario_Data!AO2:AO242),-MIN(Scenario_Data!AO2:AO242)) | H119: =2*G119 | I119: 25-1000 km range
A120: Scenario note | B120: Paper numbers are converted into this workbook's simplified parabola so the outcomes can be compared. The paper states altitude ranges and groundtrack requirements, not an exact parabolic spacecraft trajectory.
A122: Quick Graph Guide
A123: Graph | B123: What it is trying to show | F123: How to read the baseline
A124: Apparent depth | B124: Motion and topography change the apparent radar depth relative to the nadir reference. | F124: Grey zero line is a reference, not a plotted terrain/run result.
A125: Surface height | B125: Shows the generated topography used as the reference floor, plus the off-nadir target and nadir terrain heights. The satellite path is curved/parabolic, not flat. | F125: Grey floor now follows the generated topography instead of 0 m; colored lines show target and nadir terrain.
A126: Doppler | B126: Range-rate-driven VHF/HF Doppler, with flat geometry compared against topography-adjusted geometry. | F126: Crossing 0 Hz means the radial motion changes sign near closest approach.
A127: Motion-only / scenarios | B127: The motion-only chart is a radar reading from flat ground. It is not ground height; the curve comes from satellite path and slant-range geometry. | F127: Scenario baselines are grey reference floors; they are intentionally not orange model lines.
A128: Detailed notes | B128: See the Graph_Guide tab for every chart, source range, formula basis, and audit status. | F128: Checks!B4:B23 remains the formula-health checklist.

Sheet Inputs
A1: Parabolic Motion Radar Model - Editable Inputs
A2: Change the yellow cells in column C for the custom model. Use the TRUE/FALSE scenario toggles at the right to overlay paper-derived pass cases on the Dashboard charts.
A4: Parameter | B4: Symbol | C4: Value | D4: Unit | E4: Notes | F4: Paper-Derived Pass Scenario Overlays
A5: Closest altitude | B5: z0 | C5: 400 | D5: km | E5: Altitude at closest approach. Change this to test other flyby heights. | F5: Show | G5: Scenario | H5: z0 | I5: x_min | J5: x_max | K5: x_edge | L5: Delta_z_edge | M5: Edge altitude | N5: Paper basis / meaning
A6: Side/cross-track offset | B6: y | C6: 25 | D6: km | E6: Horizontal offset of the modeled target from nadir. | F6: TRUE | G6: Current custom inputs | H6: =C5 | I6: =C7 | J6: =C8 | K6: =C10 | L6: =C9 | M6: =C5+C9 | N6: Your editable custom case from the left table. It remains the main model used by the topography dashboard.
A7: Along-track minimum | B7: x_min | C7: -60 | D7: km | E7: Left/start side of the modeled pass. | F7: TRUE | G7: Paper low-altitude 800-km pass | H7: 35 | I7: -400 | J7: 400 | K7: 400 | L7: 365 | M7: 400 | N7: Paper coverage requirement: groundtrack segments at least 800 km long below 400 km for most REASON datasets. This model makes that a parabola.
A8: Along-track maximum | B8: x_max | C8: 60 | D8: km | E8: Right/end side of the modeled pass. | F8: TRUE | G8: Paper ice-ocean 1600-km pass | H8: 35 | I8: -800 | J8: 800 | K8: 800 | L8: 965 | M8: 1000 | N8: Paper ice-ocean interface requirement: at least 1600 km below 1000 km. This model makes that a parabola.
A9: Altitude rise at edge | B9: Delta_z_edge | C9: 4 | D9: km | E9: How much altitude rises at +/- x_edge. | F9: TRUE | G9: Paper operating 25-to-1000-km pass | H9: 25 | I9: -800 | J9: 800 | K9: 800 | L9: 975 | M9: 1000 | N9: Paper instrument table lists operational altitudes of 25 km to 1000 km. This shows the lower-bound closest-approach case.
A10: Parabola edge location | B10: x_edge | C10: 60 | D10: km | E10: Controls curvature together with Delta_z_edge.
A11: Along-track speed | B11: v | C11: 4 | D11: km/s | E11: Used for range rate, Doppler, and pulse spacing. | F11: Scenario note | G11: The paper gives altitude ranges and required groundtrack lengths, not exact parabolic equations. These rows convert those paper values into the same simplified parabola equation so outcomes can be compared on one dashboard.
A12: Ice refractive index | B12: n | C12: 1.78 | E12: Used to convert extra slant path into apparent depth.
A13: VHF wavelength | B13: lambda_vhf | C13: 5 | D13: m | E13: REASON-like VHF wavelength.
A14: HF wavelength | B14: lambda_hf | C14: 33.3 | D14: m | E14: REASON-like HF wavelength.
A15: Interferometer baseline | B15: b | C15: 5 | D15: m | E15: Used for VHF phase estimate.
A16: VHF range resolution | B16: res_vhf | C16: 30 | D16: m | E16: Used for VHF apparent-depth uncertainty band.
A17: HF range resolution | B17: res_hf | C17: 300 | D17: m | E17: Used for HF apparent-depth uncertainty band.
A18: PRF choice 1 | B18: PRF_1 | C18: 50 | D18: Hz | E18: Example low PRF.
A19: PRF choice 2 | B19: PRF_2 | C19: 500 | D19: Hz | E19: Example medium PRF.
A20: PRF choice 3 | B20: PRF_3 | C20: 3000 | D20: Hz | E20: Example high PRF.
A21: Speed of light | B21: c | C21: 299792458 | D21: m/s | E21: Physical constant used for delay and timing.
A23: Model note | B23: The parabola is a simplified local path, not a real mission trajectory. Use it to see how geometry changes radar outputs.
A25: Representative Europa Topography Controls
A26: Parameter | B26: Symbol | C26: Value | D26: Unit | E26: Notes
A27: Topography enabled | B27: topography_on | C27: TRUE | E27: Dropdown-style toggle. TRUE adds terrain height to the radar geometry; FALSE returns to flat surface.
A28: Ridge height | B28: A_ridge | C28: 350 | D28: m | E28: Positive height for a representative double-ridge / raised band.
A29: Ridge center x | B29: ridge_x0 | C29: 0 | D29: km | E29: Along-track center of the ridge.
A30: Ridge center y | B30: ridge_y0 | C30: 25 | D30: km | E30: Cross-track center of the ridge.
A31: Ridge length sigma | B31: ridge_sigma_x | C31: 24 | D31: km | E31: Long direction of the ridge feature.
A32: Ridge width sigma | B32: ridge_sigma_y | C32: 3.5 | D32: km | E32: Narrow cross-track width of the ridge.
A33: Crater/depression depth | B33: D_crater | C33: 180 | D33: m | E33: Positive number becomes a negative depression in the surface model.
A34: Crater center x | B34: crater_x0 | C34: -18 | D34: km | E34: Along-track center of depression.
A35: Crater center y | B35: crater_y0 | C35: 8 | D35: km | E35: Cross-track center of depression.
A36: Crater width sigma | B36: crater_sigma | C36: 8 | D36: km | E36: Controls how broad the depression is.
A37: Chaos amplitude | B37: A_chaos | C37: 65 | D37: m | E37: Mixed sinusoidal terrain term for irregular chaos-like height variation.
A38: Fine roughness amplitude | B38: A_rough | C38: 35 | D38: m | E38: Smaller surface roughness term.
A39: Roughness wavelength x | B39: Lx | C39: 18 | D39: km | E39: Along-track roughness wavelength.
... A46: Terrain vertical uncertainty | B46: sigma_h | C46: 75 | D46: m | E46: Representative uncertainty band for the topographic height model.
A47: Terrain seed | B47: terrain_seed | C47: 7 | E47: Change this number to generate a different repeatable random-looking surface. Same seed gives the same graphs.
A48: Seeded random amplitude | B48: A_seeded | C48: 45 | D48: m | E48: Strength of the generated terrain added on top of the DEM-style surface.
A49: Seeded random scale x | B49: L_seed_x | C49: 12 | D49: km | E49: Along-track scale for seeded terrain waves.
A50: Seeded random scale y | B50: L_seed_y | C50: 9 | D50: km | E50: Cross-track scale for seeded terrain waves.
A51: Existing DEM-style scale | B51: S_dem | C51: 1 | E51: Multiplier for the project synthetic DEM pattern from reason_common.py.
A52: Europa radius | B52: R_e | C52: 1560.8 | D52: km | E52: Europa mean radius used for spherical slant-range geometry.
A54: Topography note | B54: This is a detailed representative terrain model, not a real imported Europa DEM. It now combines the local project synthetic DEM shape with a seed-controlled random terrain term so you can test multiple possible surfaces.

Sheet Model_Data
A1: x_km | B1: z_km | C1: R_nadir_km | D1: R_off_km | E1: Delta_R_m | F1: apparent_depth_m | G1: extra_delay_us | H1: horizontal_offset_km | I1: look_angle_deg | J1: vhf_phase_deg | K1: relative_power | L1: power_dB | M1: dz_dx | N1: dz_dt_km_s | O1: range_rate_m_s | P1: vhf_doppler_hz | Q1: hf_doppler_hz | R1: vhf_band_low_m | S1: vhf_band_high_m | T1: hf_band_low_m | U1: hf_band_high_m | V1: abs_vhf_doppler_hz | W1: abs_hf_doppler_hz | X1: h_nadir_m | Y1: h_target_m | Z1: R_nadir_topo_km | AA1: R_off_topo_km | AB1: Delta_R_topo_m | AC1: apparent_depth_topo_m | AD1: extra_delay_topo_us | AE1: look_angle_topo_deg | AF1: vhf_phase_topo_deg | AG1: relative_power_topo | AH1: power_dB_topo | AI1: depth_change_topo_minus_flat_m | AJ1: delay_change_topo_minus_flat_us | AK1: target_minus_nadir_height_m | AL1: range_rate_topo_m_s | AM1: vhf_doppler_topo_hz | AN1: hf_doppler_topo_hz | AO1: abs_vhf_doppler_topo_hz | AP1: abs_hf_doppler_topo_hz | AQ1: topo_depth_uncertainty_m | AR1: topo_depth_low_m | AS1: topo_depth_high_m
A2: =Inputs!$C$7+0*(Inputs!$C$8-Inputs!$C$7)/240 | B2: =Inputs!$C$5+Inputs!$C$9*(A2/Inputs!$C$10)^2 | C2: =B2 | D2: =SQRT((Inputs!$C$52+B2)^2+Inputs!$C$52^2-2*(Inputs!$C$52+B2)*Inputs!$C$52*COS(SQRT(A2^2+Inputs!$C$6^2)/Inputs!$C$52)) | E2: =(D2-C2)*1000 | F2: =E2/Inputs!$C$12 | G2: =2*E2/Inputs!$C$21*1000000 | H2: =SQRT(A2^2+Inputs!$C$6^2) | I2: =DEGREES(ATAN(H2/B2)) | J2: =DEGREES((2*PI()/Inputs!$C$13)*Inputs!$C$15*SIN(RADIANS(I2))) | K2: =(C2/D2)^4 | L2: =10*LOG10(K2) | M2: =2*(Inputs!$C$9/(Inputs!$C$10^2))*A2 | N2: =M2*Inputs!$C$11 | O2: =1000*(D3-D2)/(A3-A2)*Inputs!$C$11 | P2: =-2*O2/Inputs!$C$13 | Q2: =-2*O2/Inputs!$C$14 | R2: =F2-Inputs!$C$16/2 | S2: =F2+Inputs!$C$16/2 | T2: =F2-Inputs!$C$17/2 | U2: =F2+Inputs!$C$17/2 | V2: =ABS(P2) | W2: =ABS(Q2) | X2: =IF(OR(Inputs!$C$27=TRUE,Inputs!$C$27="TRUE",Inputs!$C$27=1),1,0)*(Inputs!$C$51*(115*EXP(-(((0)-25)^2)/(4.5^2))+70*EXP(-(((0)+38)^2)/(7^2))*(0.55+0.45*SIN(2*PI()*(A2)/45))+24*SIN(2*PI()*(0)/9+(A2)/18)*EXP(-(((0)+5)^2)/(22^2))+18*SIN(2*PI()*(A2)/70))+Inputs!$C$28*EXP(-(((A2)-Inputs!$C$29)^2)/(2*Inputs!$C$31^2))*EXP(-(((0)-Inputs!$C$30)^2)/(2*Inputs!$C$32^2))+-Inputs!$C$33*EXP(-(((((A2)-Inputs!$C$34)^2)+(((0)-Inputs!$C$35)^2))/(2*Inputs!$C$36^2)))+Inputs!$C$37*(0.55*SIN(2*PI()*(A2)/Inputs!$C$39)+0.35*COS(2*PI()*(0)/Inputs!$C$40)+0.2*SIN(2*PI()*((A2)+(0))/(0.5*(Inputs!$C$39+Inputs!$C$40))))+Inputs!$C$38*SIN(2*PI()*(A2)/Inputs!$C$39)*SIN(2*PI()*(0)/Inputs!$C$40)+-Inputs!$C$41*EXP(-(((0)-Inputs!$C$43)^2)/(2*Inputs!$C$44^2))*EXP(-(((A2)-Inputs!$C$42)^2)/(2*Inputs!$C$45^2))+Inputs!$C$48*(0.7*(0.45*SIN(2*PI()*(((A2)/Inputs!$C$49)+Inputs!$C$47*0.137))+0.35*COS(2*PI()*(((0)/Inputs!$C$50)+Inputs!$C$47*0.173))+0.2*SIN(2*PI()*(((A2)+(0))/(0.5*(Inputs!$C$49+Inputs!$C$50))+Inputs!$C$47*0.097)))+0.3*(2*((SIN(((A2)*12.9898+(0)*78.233+Inputs!$C$47*37.719))*43758.5453)-INT((SIN(((A2)*12.9898+(0)*78.233+Inputs!$C$47*37.719))*43758.5453)))-1))) | Y2: =IF(OR(Inputs!$C$27=TRUE,Inputs!$C$27="TRUE",Inputs!$C$27=1),1,0)*(Inputs!$C$51*(115*EXP(-(((Inputs!$C$6)-25)^2)/(4.5^2))+70*EXP(-(((Inputs!$C$6)+38)^2)/(7^2))*(0.55+0.45*SIN(2*PI()*(A2)/45))+24*SIN(2*PI()*(Inputs!$C$6)/9+(A2)/18)*EXP(-(((Inputs!$C$6)+5)^2)/(22^2))+18*SIN(2*PI()*(A2)/70))+Inputs!$C$28*EXP(-(((A2)-Inputs!$C$29)^2)/(2*Inputs!$C$31^2))*EXP(-(((Inputs!$C$6)-Inputs!$C$30)^2)/(2*Inputs!$C$32^2))+-Inputs!$C$33*EXP(-(((((A2)-Inputs!$C$34)^2)+(((Inputs!$C$6)-Inputs!$C$35)^2))/(2*Inputs!$C$36^2)))+Inputs!$C$37*(0.55*SIN(2*PI()*(A2)/Inputs!$C$39)+0.35*COS(2*PI()*(Inputs!$C$6)/Inputs!$C$40)+0.2*SIN(2*PI()*((A2)+(Inputs!$C$6))/(0.5*(Inputs!$C$39+Inputs!$C$40))))+Inputs!$C$38*SIN(2*PI()*(A2)/Inputs!$C$39)*SIN(2*PI()*(Inputs!$C$6)/Inputs!$C$40)+-Inputs!$C$41*EXP(-(((Inputs!$C$6)-Inputs!$C$43)^2)/(2*Inputs!$C$44^2))*EXP(-(((A2)-Inputs!$C$42)^2)/(2*Inputs!$C$45^2))+Inputs!$C$48*(0.7*(0.45*SIN(2*PI()*(((A2)/Inputs!$C$49)+Inputs!$C$47*0.137))+0.35*COS(2*PI()*(((Inputs!$C$6)/Inputs!$C$50)+Inputs!$C$47*0.173))+0.2*SIN(2*PI()*(((A2)+(Inputs!$C$6))/(0.5*(Inputs!$C$49+Inputs!$C$50))+Inputs!$C$47*0.097)))+0.3*(2*((SIN(((A2)*12.9898+(Inputs!$C$6)*78.233+Inputs!$C$47*37.719))*43758.5453)-INT((SIN(((A2)*12.9898+(Inputs!$C$6)*78.233+Inputs!$C$47*37.719))*43758.5453)))-1))) | Z2: =B2-X2/1000 | AA2: =SQRT((Inputs!$C$52+B2)^2+(Inputs!$C$52+Y2/1000)^2-2*(Inputs!$C$52+B2)*(Inputs!$C$52+Y2/1000)*COS(SQRT(A2^2+Inputs!$C$6^2)/Inputs!$C$52)) | AB2: =(AA2-Z2)*1000 | AC2: =AB2/Inputs!$C$12 | AD2: =2*AB2/Inputs!$C$21*1000000 | AE2: =DEGREES(ATAN(H2/(B2-Y2/1000))) | AF2: =DEGREES((2*PI()/Inputs!$C$13)*Inputs!$C$15*SIN(RADIANS(AE2))) | AG2: =(Z2/AA2)^4 | AH2: =10*LOG10(AG2) | AI2: =AC2-F2 | AJ2: =AD2-G2 | AK2: =Y2-X2 | AL2: =1000*(AA3-AA2)/(A3-A2)*Inputs!$C$11 | AM2: =-2*AL2/Inputs!$C$13 | AN2: =-2*AL2/Inputs!$C$14 | AO2: =ABS(AM2) | AP2: =ABS(AN2) | AQ2: =IF(OR(Inputs!$C$27=TRUE,Inputs!$C$27="TRUE",Inputs!$C$27=1),Inputs!$C$46/Inputs!$C$12,0) | AR2: =AC2-AQ2 | AS2: =AC2+AQ2
A3: =Inputs!$C$7+1*(Inputs!$C$8-Inputs!$C$7)/240 | B3: =Inputs!$C$5+Inputs!$C$9*(A3/Inputs!$C$10)^2 | C3: =B3 | D3: =SQRT((Inputs!$C$52+B3)^2+Inputs!$C$52^2-2*(Inputs!$C$52+B3)*Inputs!$C$52*COS(SQRT(A3^2+Inputs!$C$6^2)/Inputs!$C$52)) | E3: =(D3-C3)*1000 | F3: =E3/Inputs!$C$12 | G3: =2*E3/Inputs!$C$21*1000000 | H3: =SQRT(A3^2+Inputs!$C$6^2) | I3: =DEGREES(ATAN(H3/B3)) | J3: =DEGREES((2*PI()/Inputs!$C$13)*Inputs!$C$15*SIN(RADIANS(I3))) | K3: =(C3/D3)^4 | L3: =10*LOG10(K3) | M3: =2*(Inputs!$C$9/(Inputs!$C$10^2))*A3 | N3: =M3*Inputs!$C$11 | O3: =1000*(D4-D2)/(A4-A2)*Inputs!$C$11 | P3: =-2*O3/Inputs!$C$13 | Q3: =-2*O3/Inputs!$C$14 | R3: =F3-Inputs!$C$16/2 | S3: =F3+Inputs!$C$16/2 | T3: =F3-Inputs!$C$17/2 | U3: =F3+Inputs!$C$17/2 | V3: =ABS(P3) | W3: =ABS(Q3) | X3: =IF(OR(Inputs!$C$27=TRUE,Inputs!$C$27="TRUE",Inputs!$C$27=1),1,0)*(Inputs!$C$51*(115*EXP(-(((0)-25)^2)/(4.5^2))+70*EXP(-(((0)+38)^2)/(7^2))*(0.55+0.45*SIN(2*PI()*(A3)/45))+24*SIN(2*PI()*(0)/9+(A3)/18)*EXP(-(((0)+5)^2)/(22^2))+18*SIN(2*PI()*(A3)/70))+Inputs!$C$28*EXP(-(((A3)-Inputs!$C$29)^2)/(2*Inputs!$C$31^2))*EXP(-(((0)-Inputs!$C$30)^2)/(2*Inputs!$C$32^2))+-Inputs!$C$33*EXP(-(((((A3)-Inputs!$C$34)^2)+(((0)-Inputs!$C$35)^2))/(2*Inputs!$C$36^2)))+Inputs!$C$37*(0.55*SIN(2*PI()*(A3)/Inputs!$C$39)+0.35*COS(2*PI()*(0)/Inputs!$C$40)+0.2*SIN(2*PI()*((A3)+(0))/(0.5*(Inputs!$C$39+Inputs!$C$40))))+Inputs!$C$38*SIN(2*PI()*(A3)/Inputs!$C$39)*SIN(2*PI()*(0)/Inputs!$C$40)+-Inputs!$C$41*EXP(-(((0)-Inputs!$C$43)^2)/(2*Inputs!$C$44^2))*EXP(-(((A3)-Inputs!$C$42)^2)/(2*Inputs!$C$45^2))+Inputs!$C$48*(0.7*(0.45*SIN(2*PI()*(((A3)/Inputs!$C$49)+Inputs!$C$47*0.137))+0.35*COS(2*PI()*(((0)/Inputs!$C$50)+Inputs!$C$47*0.173))+0.2*SIN(2*PI()*(((A3)+(0))/(0.5*(Inputs!$C$49+Inputs!$C$50))+Inputs!$C$47*0.097)))+0.3*(2*((SIN(((A3)*12.9898+(0)*78.233+Inputs!$C$47*37.719))*43758.5453)-INT((SIN(((A3)*12.9898+(0)*78.233+Inputs!$C$47*37.719))*43758.5453)))-1))) | Y3: =IF(OR(Inputs!$C$27=TRUE,Inputs!$C$27="TRUE",Inputs!$C$27=1),1,0)*(Inputs!$C$51*(115*EXP(-(((Inputs!$C$6)-25)^2)/(4.5^2))+70*EXP(-(((Inputs!$C$6)+38)^2)/(7^2))*(0.55+0.45*SIN(2*PI()*(A3)/45))+24*SIN(2*PI()*(Inputs!$C$6)/9+(A3)/18)*EXP(-(((Inputs!$C$6)+5)^2)/(22^2))+18*SIN(2*PI()*(A3)/70))+Inputs!$C$28*EXP(-(((A3)-Inputs!$C$29)^2)/(2*Inputs!$C$31^2))*EXP(-(((Inputs!$C$6)-Inputs!$C$30)^2)/(2*Inputs!$C$32^2))+-Inputs!$C$33*EXP(-(((((A3)-Inputs!$C$34)^2)+(((Inputs!$C$6)-Inputs!$C$35)^2))/(2*Inputs!$C$36^2)))+Inputs!$C$37*(0.55*SIN(2*PI()*(A3)/Inputs!$C$39)+0.35*COS(2*PI()*(Inputs!$C$6)/Inputs!$C$40)+0.2*SIN(2*PI()*((A3)+(Inputs!$C$6))/(0.5*(Inputs!$C$39+Inputs!$C$40))))+Inputs!$C$38*SIN(2*PI()*(A3)/Inputs!$C$39)*SIN(2*PI()*(Inputs!$C$6)/Inputs!$C$40)+-Inputs!$C$41*EXP(-(((Inputs!$C$6)-Inputs!$C$43)^2)/(2*Inputs!$C$44^2))*EXP(-(((A3)-Inputs!$C$42)^2)/(2*Inputs!$C$45^2))+Inputs!$C$48*(0.7*(0.45*SIN(2*PI()*(((A3)/Inputs!$C$49)+Inputs!$C$47*0.137))+0.35*COS(2*PI()*(((Inputs!$C$6)/Inputs!$C$50)+Inputs!$C$47*0.173))+0.2*SIN(2*PI()*(((A3)+(Inputs!$C$6))/(0.5*(Inputs!$C$49+Inputs!$C$50))+Inputs!$C$47*0.097)))+0.3*(2*((SIN(((A3)*12.9898+(Inputs!$C$6)*78.233+Inputs!$C$47*37.719))*43758.5453)-INT((SIN(((A3)*12.9898+(Inputs!$C$6)*78.233+Inputs!$C$47*37.719))*43758.5453)))-1))) | Z3: =B3-X3/1000 | AA3: =SQRT((Inputs!$C$52+B3)^2+(Inputs!$C$52+Y3/1000)^2-2*(Inputs!$C$52+B3)*(Inputs!$C$52+Y3/1000)*COS(SQRT(A3^2+Inputs!$C$6^2)/Inputs!$C$52)) | AB3: =(AA3-Z3)*1000 | AC3: =AB3/Inputs!$C$12 | AD3: =2*AB3/Inputs!$C$21*1000000 | AE3: =DEGREES(ATAN(H3/(B3-Y3/1000))) | AF3: =DEGREES((2*PI()/Inputs!$C$13)*Inputs!$C$15*SIN(RADIANS(AE3))) | AG3: =(Z3/AA3)^4 | AH3: =10*LOG10(AG3) | AI3: =AC3-F3 | AJ3: =AD3-G3 | AK3: =Y3-X3 | AL3: =1000*(AA4-AA2)/(A4-A2)*Inputs!$C$11 | AM3: =-2*AL3/Inputs!$C$13 | AN3: =-2*AL3/Inputs!$C$14 | AO3: =ABS(AM3) | AP3: =ABS(AN3) | AQ3: =IF(OR(Inputs!$C$27=TRUE,Inputs!$C$27="TRUE",Inputs!$C$27=1),Inputs!$C$46/Inputs!$C$12,0) | AR3: =AC3-AQ3 | AS3: =AC3+AQ3
A4: =Inputs!$C$7+2*(Inputs!$C$8-Inputs!$C$7)/240 | B4: =Inputs!$C$5+Inputs!$C$9*(A4/Inputs!$C$10)^2 | C4: =B4 | D4: =SQRT((Inputs!$C$52+B4)^2+Inputs!$C$52^2-2*(Inputs!$C$52+B4)*Inputs!$C$52*COS(SQRT(A4^2+Inputs!$C$6^2)/Inputs!$C$52)) | E4: =(D4-C4)*1000 | F4: =E4/Inputs!$C$12 | G4: =2*E4/Inputs!$C$21*1000000 | H4: =SQRT(A4^2+Inputs!$C$6^2) | I4: =DEGREES(ATAN(H4/B4)) | J4: =DEGREES((2*PI()/Inputs!$C$13)*Inputs!$C$15*SIN(RADIANS(I4))) | K4: =(C4/D4)^4 | L4: =10*LOG10(K4) | M4: =2*(Inputs!$C$9/(Inputs!$C$10^2))*A4 | N4: =M4*Inputs!$C$11 | O4: =1000*(D5-D3)/(A5-A3)*Inputs!$C$11 | P4: =-2*O4/Inputs!$C$13 | Q4: =-2*O4/Inputs!$C$14 | R4: =F4-Inputs!$C$16/2 | S4: =F4+Inputs!$C$16/2 | T4: =F4-Inputs!$C$17/2 | U4: =F4+Inputs!$C$17/2 | V4: =ABS(P4) | W4: =ABS(Q4) | X4: =IF(OR(Inputs!$C$27=TRUE,Inputs!$C$27="TRUE",Inputs!$C$27=1),1,0)*(Inputs!$C$51*(115*EXP(-(((0)-25)^2)/(4.5^2))+70*EXP(-(((0)+38)^2)/(7^2))*(0.55+0.45*SIN(2*PI()*(A4)/45))+24*SIN(2*PI()*(0)/9+(A4)/18)*EXP(-(((0)+5)^2)/(22^2))+18*SIN(2*PI()*(A4)/70))+Inputs!$C$28*EXP(-(((A4)-Inputs!$C$29)^2)/(2*Inputs!$C$31^2))*EXP(-(((0)-Inputs!$C$30)^2)/(2*Inputs!$C$32^2))+-Inputs!$C$33*EXP(-(((((A4)-Inputs!$C$34)^2)+(((0)-Inputs!$C$35)^2))/(2*Inputs!$C$36^2)))+Inputs!$C$37*(0.55*SIN(2*PI()*(A4)/Inputs!$C$39)+0.35*COS(2*PI()*(0)/Inputs!$C$40)+0.2*SIN(2*PI()*((A4)+(0))/(0.5*(Inputs!$C$39+Inputs!$C$40))))+Inputs!$C$38*SIN(2*PI()*(A4)/Inputs!$C$39)*SIN(2*PI()*(0)/Inputs!$C$40)+-Inputs!$C$41*EXP(-(((0)-Inputs!$C$43)^2)/(2*Inputs!$C$44^2))*EXP(-(((A4)-Inputs!$C$42)^2)/(2*Inputs!$C$45^2))+Inputs!$C$48*(0.7*(0.45*SIN(2*PI()*(((A4)/Inputs!$C$49)+Inputs!$C$47*0.137))+0.35*COS(2*PI()*(((0)/Inputs!$C$50)+Inputs!$C$47*0.173))+0.2*SIN(2*PI()*(((A4)+(0))/(0.5*(Inputs!$C$49+Inputs!$C$50))+Inputs!$C$47*0.097)))+0.3*(2*((SIN(((A4)*12.9898+(0)*78.233+Inputs!$C$47*37.719))*43758.5453)-INT((SIN(((A4)*12.9898+(0)*78.233+Inputs!$C$47*37.719))*43758.5453)))-1))) | Y4: =IF(OR(Inputs!$C$27=TRUE,Inputs!$C$27="TRUE",Inputs!$C$27=1),1,0)*(Inputs!$C$51*(115*EXP(-(((Inputs!$C$6)-25)^2)/(4.5^2))+70*EXP(-(((Inputs!$C$6)+38)^2)/(7^2))*(0.55+0.45*SIN(2*PI()*(A4)/45))+24*SIN(2*PI()*(Inputs!$C$6)/9+(A4)/18)*EXP(-(((Inputs!$C$6)+5)^2)/(22^2))+18*SIN(2*PI()*(A4)/70))+Inputs!$C$28*EXP(-(((A4)-Inputs!$C$29)^2)/(2*Inputs!$C$31^2))*EXP(-(((Inputs!$C$6)-Inputs!$C$30)^2)/(2*Inputs!$C$32^2))+-Inputs!$C$33*EXP(-(((((A4)-Inputs!$C$34)^2)+(((Inputs!$C$6)-Inputs!$C$35)^2))/(2*Inputs!$C$36^2)))+Inputs!$C$37*(0.55*SIN(2*PI()*(A4)/Inputs!$C$39)+0.35*COS(2*PI()*(Inputs!$C$6)/Inputs!$C$40)+0.2*SIN(2*PI()*((A4)+(Inputs!$C$6))/(0.5*(Inputs!$C$39+Inputs!$C$40))))+Inputs!$C$38*SIN(2*PI()*(A4)/Inputs!$C$39)*SIN(2*PI()*(Inputs!$C$6)/Inputs!$C$40)+-Inputs!$C$41*EXP(-(((Inputs!$C$6)-Inputs!$C$43)^2)/(2*Inputs!$C$44^2))*EXP(-(((A4)-Inputs!$C$42)^2)/(2*Inputs!$C$45^2))+Inputs!$C$48*(0.7*(0.45*SIN(2*PI()*(((A4)/Inputs!$C$49)+Inputs!$C$47*0.137))+0.35*COS(2*PI()*(((Inputs!$C$6)/Inputs!$C$50)+Inputs!$C$47*0.173))+0.2*SIN(2*PI()*(((A4)+(Inputs!$C$6))/(0.5*(Inputs!$C$49+Inputs!$C$50))+Inputs!$C$47*0.097)))+0.3*(2*((SIN(((A4)*12.9898+(Inputs!$C$6)*78.233+Inputs!$C$47*37.719))*43758.5453)-INT((SIN(((A4)*12.9898+(Inputs!$C$6)*78.233+Inputs!$C$47*37.719))*43758.5453)))-1))) | Z4: =B4-X4/1000 | AA4: =SQRT((Inputs!$C$52+B4)^2+(Inputs!$C$52+Y4/1000)^2-2*(Inputs!$C$52+B4)*(Inputs!$C$52+Y4/1000)*COS(SQRT(A4^2+Inputs!$C$6^2)/Inputs!$C$52)) | AB4: =(AA4-Z4)*1000 | AC4: =AB4/Inputs!$C$12 | AD4: =2*AB4/Inputs!$C$21*1000000 | AE4: =DEGREES(ATAN(H4/(B4-Y4/1000))) | AF4: =DEGREES((2*PI()/Inputs!$C$13)*Inputs!$C$15*SIN(RADIANS(AE4))) | AG4: =(Z4/AA4)^4 | AH4: =10*LOG10(AG4) | AI4: =AC4-F4 | AJ4: =AD4-G4 | AK4: =Y4-X4 | AL4: =1000*(AA5-AA3)/(A5-A3)*Inputs!$C$11 | AM4: =-2*AL4/Inputs!$C$13 | AN4: =-2*AL4/Inputs!$C$14 | AO4: =ABS(AM4) | AP4: =ABS(AN4) | AQ4: =IF(OR(Inputs!$C$27=TRUE,Inputs!$C$27="TRUE",Inputs!$C$27=1),Inputs!$C$46/Inputs!$C$12,0) | AR4: =AC4-AQ4 | AS4: =AC4+AQ4
A5: =Inputs!$C$7+3*(Inputs!$C$8-Inputs!$C$7)/240 | B5: =Inputs!$C$5+Inputs!$C$9*(A5/Inputs!$C$10)^2 | C5: =B5 | D5: =SQRT((Inputs!$C$52+B5)^2+Inputs!$C$52^2-2*(Inputs!$C$52+B5)*Inputs!$C$52*COS(SQRT(A5^2+Inputs!$C$6^2)/Inputs!$C$52)) | E5: =(D5-C5)*1000 | F5: =E5/Inputs!$C$12 | G5: =2*E5/Inputs!$C$21*1000000 | H5: =SQRT(A5^2+Inputs!$C$6^2) | I5: =DEGREES(ATAN(H5/B5)) | J5: =DEGREES((2*PI()/Inputs!$C$13)*Inputs!$C$15*SIN(RADIANS(I5))) | K5: =(C5/D5)^4 | L5: =10*LOG10(K5) | M5: =2*(Inputs!$C$9/(Inputs!$C$10^2))*A5 | N5: =M5*Inputs!$C$11 | O5: =1000*(D6-D4)/(A6-A4)*Inputs!$C$11 | P5: =-2*O5/Inputs!$C$13 | Q5: =-2*O5/Inputs!$C$14 | R5: =F5-Inputs!$C$16/2 | S5: =F5+Inputs!$C$16/2 | T5: =F5-Inputs!$C$17/2 | U5: =F5+Inputs!$C$17/2 | V5: =ABS(P5) | W5: =ABS(Q5) | X5: =IF(OR(Inputs!$C$27=TRUE,Inputs!$C$27="TRUE",Inputs!$C$27=1),1,0)*(Inputs!$C$51*(115*EXP(-(((0)-25)^2)/(4.5^2))+70*EXP(-(((0)+38)^2)/(7^2))*(0.55+0.45*SIN(2*PI()*(A5)/45))+24*SIN(2*PI()*(0)/9+(A5)/18)*EXP(-(((0)+5)^2)/(22^2))+18*SIN(2*PI()*(A5)/70))+Inputs!$C$28*EXP(-(((A5)-Inputs!$C$29)^2)/(2*Inputs!$C$31^2))*EXP(-(((0)-Inputs!$C$30)^2)/(2*Inputs!$C$32^2))+-Inputs!$C$33*EXP(-(((((A5)-Inputs!$C$34)^2)+(((0)-Inputs!$C$35)^2))/(2*Inputs!$C$36^2)))+Inputs!$C$37*(0.55*SIN(2*PI()*(A5)/Inputs!$C$39)+0.35*COS(2*PI()*(0)/Inputs!$C$40)+0.2*SIN(2*PI()*((A5)+(0))/(0.5*(Inputs!$C$39+Inputs!$C$40))))+Inputs!$C$38*SIN(2*PI()*(A5)/Inputs!$C$39)*SIN(2*PI()*(0)/Inputs!$C$40)+-Inputs!$C$41*EXP(-(((0)-Inputs!$C$43)^2)/(2*Inputs!$C$44^2))*EXP(-(((A5)-Inputs!$C$42)^2)/(2*Inputs!$C$45^2))+Inputs!$C$48*(0.7*(0.45*SIN(2*PI()*(((A5)/Inputs!$C$49)+Inputs!$C$47*0.137))+0.35*COS(2*PI()*(((0)/Inputs!$C$50)+Inputs!$C$47*0.173))+0.2*SIN(2*PI()*(((A5)+(0))/(0.5*(Inputs!$C$49+Inputs!$C$50))+Inputs!$C$47*0.097)))+0.3*(2*((SIN(((A5)*12.9898+(0)*78.233+Inputs!$C$47*37.719))*43758.5453)-INT((SIN(((A5)*12.9898+(0)*78.233+Inputs!$C$47*37.719))*43758.5453)))-1))) | Y5: =IF(OR(Inputs!$C$27=TRUE,Inputs!$C$27="TRUE",Inputs!$C$27=1),1,0)*(Inputs!$C$51*(115*EXP(-(((Inputs!$C$6)-25)^2)/(4.5^2))+70*EXP(-(((Inputs!$C$6)+38)^2)/(7^2))*(0.55+0.45*SIN(2*PI()*(A5)/45))+24*SIN(2*PI()*(Inputs!$C$6)/9+(A5)/18)*EXP(-(((Inputs!$C$6)+5)^2)/(22^2))+18*SIN(2*PI()*(A5)/70))+Inputs!$C$28*EXP(-(((A5)-Inputs!$C$29)^2)/(2*Inputs!$C$31^2))*EXP(-(((Inputs!$C$6)-Inputs!$C$30)^2)/(2*Inputs!$C$32^2))+-Inputs!$C$33*EXP(-(((((A5)-Inputs!$C$34)^2)+(((Inputs!$C$6)-Inputs!$C$35)^2))/(2*Inputs!$C$36^2)))+Inputs!$C$37*(0.55*SIN(2*PI()*(A5)/Inputs!$C$39)+0.35*COS(2*PI()*(Inputs!$C$6)/Inputs!$C$40)+0.2*SIN(2*PI()*((A5)+(Inputs!$C$6))/(0.5*(Inputs!$C$39+Inputs!$C$40))))+Inputs!$C$38*SIN(2*PI()*(A5)/Inputs!$C$39)*SIN(2*PI()*(Inputs!$C$6)/Inputs!$C$40)+-Inputs!$C$41*EXP(-(((Inputs!$C$6)-Inputs!$C$43)^2)/(2*Inputs!$C$44^2))*EXP(-(((A5)-Inputs!$C$42)^2)/(2*Inputs!$C$45^2))+Inputs!$C$48*(0.7*(0.45*SIN(2*PI()*(((A5)/Inputs!$C$49)+Inputs!$C$47*0.137))+0.35*COS(2*PI()*(((Inputs!$C$6)/Inputs!$C$50)+Inputs!$C$47*0.173))+0.2*SIN(2*PI()*(((A5)+(Inputs!$C$6))/(0.5*(Inputs!$C$49+Inputs!$C$50))+Inputs!$C$47*0.097)))+0.3*(2*((SIN(((A5)*12.9898+(Inputs!$C$6)*78.233+Inputs!$C$47*37.719))*43758.5453)-INT((SIN(((A5)*12.9898+(Inputs!$C$6)*78.233+Inputs!$C$47*37.719))*43758.5453)))-1))) | Z5: =B5-X5/1000 | AA5: =SQRT((Inputs!$C$52+B5)^2+(Inputs!$C$52+Y5/1000)^2-2*(Inputs!$C$52+B5)*(Inputs!$C$52+Y5/1000)*COS(SQRT(A5^2+Inputs!$C$6^2)/Inputs!$C$52)) | AB5: =(AA5-Z5)*1000 | AC5: =AB5/Inputs!$C$12 | AD5: =2*AB5/Inputs!$C$21*1000000 | AE5: =DEGREES(ATAN(H5/(B5-Y5/1000))) | AF5: =DEGREES((2*PI()/Inputs!$C$13)*Inputs!$C$15*SIN(RADIANS(AE5))) | AG5: =(Z5/AA5)^4 | AH5: =10*LOG10(AG5) | AI5: =AC5-F5 | AJ5: =AD5-G5 | AK5: =Y5-X5 | AL5: =1000*(AA6-AA4)/(A6-A4)*Inputs!$C$11 | AM5: =-2*AL5/Inputs!$C$13 | AN5: =-2*AL5/Inputs!$C$14 | AO5: =ABS(AM5) | AP5: =ABS(AN5) | AQ5: =IF(OR(Inputs!$C$27=TRUE,Inputs!$C$27="TRUE",Inputs!$C$27=1),Inputs!$C$46/Inputs!$C$12,0) | AR5: =AC5-AQ5 | AS5: =AC5+AQ5
A6: =Inputs!$C$7+4*(Inputs!$C$8-Inputs!$C$7)/240 | B6: =Inputs!$C$5+Inputs!$C$9*(A6/Inputs!$C$10)^2 | C6: =B6 | D6: =SQRT((Inputs!$C$52+B6)^2+Inputs!$C$52^2-2*(Inputs!$C$52+B6)*Inputs!$C$52*COS(SQRT(A6^2+Inputs!$C$6^2)/Inputs!$C$52)) | E6: =(D6-C6)*1000 | F6: =E6/Inputs!$C$12 | G6: =2*E6/Inputs!$C$21*1000000 | H6: =SQRT(A6^2+Inputs!$C$6^2) | I6: =DEGREES(ATAN(H6/B6)) | J6: =DEGREES((2*PI()/Inputs!$C$13)*Inputs!$C$15*SIN(RADIANS(I6))) | K6: =(C6/D6)^4 | L6: =10*LOG10(K6) | M6: =2*(Inputs!$C$9/(Inputs!$C$10^2))*A6 | N6: =M6*Inputs!$C$11 | O6: =1000*(D7-D5)/(A7-A5)*Inputs!$C$11 | P6: =-2*O6/Inputs!$C$13 | Q6: =-2*O6/Inputs!$C$14 | R6: =F6-Inputs!$C$16/2 | S6: =F6+Inputs!$C$16/2 | T6: =F6-Inputs!$C$17/2 | U6: =F6+Inputs!$C$17/2 | V6: =ABS(P6) | W6: =ABS(Q6) | X6: =IF(OR(Inputs!$C$27=TRUE,Inputs!$C$27="TRUE",Inputs!$C$27=1),1,0)*(Inputs!$C$51*(115*EXP(-(((0)-25)^2)/(4.5^2))+70*EXP(-(((0)+38)^2)/(7^2))*(0.55+0.45*SIN(2*PI()*(A6)/45))+24*SIN(2*PI()*(0)/9+(A6)/18)*EXP(-(((0)+5)^2)/(22^2))+18*SIN(2*PI()*(A6)/70))+Inputs!$C$28*EXP(-(((A6)-Inputs!$C$29)^2)/(2*Inputs!$C$31^2))*EXP(-(((0)-Inputs!$C$30)^2)/(2*Inputs!$C$32^2))+-Inputs!$C$33*EXP(-(((((A6)-Inputs!$C$34)^2)+(((0)-Inputs!$C$35)^2))/(2*Inputs!$C$36^2)))+Inputs!$C$37*(0.55*SIN(2*PI()*(A6)/Inputs!$C$39)+0.35*COS(2*PI()*(0)/Inputs!$C$40)+0.2*SIN(2*PI()*((A6)+(0))/(0.5*(Inputs!$C$39+Inputs!$C$40))))+Inputs!$C$38*SIN(2*PI()*(A6)/Inputs!$C$39)*SIN(2*PI()*(0)/Inputs!$C$40)+-Inputs!$C$41*EXP(-(((0)-Inputs!$C$43)^2)/(2*Inputs!$C$44^2))*EXP(-(((A6)-Inputs!$C$42)^2)/(2*Inputs!$C$45^2))+Inputs!$C$48*(0.7*(0.45*SIN(2*PI()*(((A6)/Inputs!$C$49)+Inputs!$C$47*0.137))+0.35*COS(2*PI()*(((0)/Inputs!$C$50)+Inputs!$C$47*0.173))+0.2*SIN(2*PI()*(((A6)+(0))/(0.5*(Inputs!$C$49+Inputs!$C$50))+Inputs!$C$47*0.097)))+0.3*(2*((SIN(((A6)*12.9898+(0)*78.233+Inputs!$C$47*37.719))*43758.5453)-INT((SIN(((A6)*12.9898+(0)*78.233+Inputs!$C$47*37.719))*43758.5453)))-1))) | Y6: =IF(OR(Inputs!$C$27=TRUE,Inputs!$C$27="TRUE",Inputs!$C$27=1),1,0)*(Inputs!$C$51*(115*EXP(-(((Inputs!$C$6)-25)^2)/(4.5^2))+70*EXP(-(((Inputs!$C$6)+38)^2)/(7^2))*(0.55+0.45*SIN(2*PI()*(A6)/45))+24*SIN(2*PI()*(Inputs!$C$6)/9+(A6)/18)*EXP(-(((Inputs!$C$6)+5)^2)/(22^2))+18*SIN(2*PI()*(A6)/70))+Inputs!$C$28*EXP(-(((A6)-Inputs!$C$29)^2)/(2*Inputs!$C$31^2))*EXP(-(((Inputs!$C$6)-Inputs!$C$30)^2)/(2*Inputs!$C$32^2))+-Inputs!$C$33*EXP(-(((((A6)-Inputs!$C$34)^2)+(((Inputs!$C$6)-Inputs!$C$35)^2))/(2*Inputs!$C$36^2)))+Inputs!$C$37*(0.55*SIN(2*PI()*(A6)/Inputs!$C$39)+0.35*COS(2*PI()*(Inputs!$C$6)/Inputs!$C$40)+0.2*SIN(2*PI()*((A6)+(Inputs!$C$6))/(0.5*(Inputs!$C$39+Inputs!$C$40))))+Inputs!$C$38*SIN(2*PI()*(A6)/Inputs!$C$39)*SIN(2*PI()*(Inputs!$C$6)/Inputs!$C$40)+-Inputs!$C$41*EXP(-(((Inputs!$C$6)-Inputs!$C$43)^2)/(2*Inputs!$C$44^2))*EXP(-(((A6)-Inputs!$C$42)^2)/(2*Inputs!$C$45^2))+Inputs!$C$48*(0.7*(0.45*SIN(2*PI()*(((A6)/Inputs!$C$49)+Inputs!$C$47*0.137))+0.35*COS(2*PI()*(((Inputs!$C$6)/Inputs!$C$50)+Inputs!$C$47*0.173))+0.2*SIN(2*PI()*(((A6)+(Inputs!$C$6))/(0.5*(Inputs!$C$49+Inputs!$C$50))+Inputs!$C$47*0.097)))+0.3*(2*((SIN(((A6)*12.9898+(Inputs!$C$6)*78.233+Inputs!$C$47*37.719))*43758.5453)-INT((SIN(((A6)*12.9898+(Inputs!$C$6)*78.233+Inputs!$C$47*37.719))*43758.5453)))-1))) | Z6: =B6-X6/1000 | AA6: =SQRT((Inputs!$C$52+B6)^2+(Inputs!$C$52+Y6/1000)^2-2*(Inputs!$C$52+B6)*(Inputs!$C$52+Y6/1000)*COS(SQRT(A6^2+Inputs!$C$6^2)/Inputs!$C$52)) | AB6: =(AA6-Z6)*1000 | AC6: =AB6/Inputs!$C$12 | AD6: =2*AB6/Inputs!$C$21*1000000 | AE6: =DEGREES(ATAN(H6/(B6-Y6/1000))) | AF6: =DEGREES((2*PI()/Inputs!$C$13)*Inputs!$C$15*SIN(RADIANS(AE6))) | AG6: =(Z6/AA6)^4 | AH6: =10*LOG10(AG6) | AI6: =AC6-F6 | AJ6: =AD6-G6 | AK6: =Y6-X6 | AL6: =1000*(AA7-AA5)/(A7-A5)*Inputs!$C$11 | AM6: =-2*AL6/Inputs!$C$13 | AN6: =-2*AL6/Inputs!$C$14 | AO6: =ABS(AM6) | AP6: =ABS(AN6) | AQ6: =IF(OR(Inputs!$C$27=TRUE,Inputs!$C$27="TRUE",Inputs!$C$27=1),Inputs!$C$46/Inputs!$C$12,0) | AR6: =AC6-AQ6 | AS6: =AC6+AQ6
A7: =Inputs!$C$7+5*(Inputs!$C$8-Inputs!$C$7)/240 | B7: =Inputs!$C$5+Inputs!$C$9*(A7/Inputs!$C$10)^2 | C7: =B7 | D7: =SQRT((Inputs!$C$52+B7)^2+Inputs!$C$52^2-2*(Inputs!$C$52+B7)*Inputs!$C$52*COS(SQRT(A7^2+Inputs!$C$6^2)/Inputs!$C$52)) | E7: =(D7-C7)*1000 | F7: =E7/Inputs!$C$12 | G7: =2*E7/Inputs!$C$21*1000000 | H7: =SQRT(A7^2+Inputs!$C$6^2) | I7: =DEGREES(ATAN(H7/B7)) | J7: =DEGREES((2*PI()/Inputs!$C$13)*Inputs!$C$15*SIN(RADIANS(I7))) | K7: =(C7/D7)^4 | L7: =10*LOG10(K7) | M7: =2*(Inputs!$C$9/(Inputs!$C$10^2))*A7 | N7: =M7*Inputs!$C$11 | O7: =1000*(D8-D6)/(A8-A6)*Inputs!$C$11 | P7: =-2*O7/Inputs!$C$13 | Q7: =-2*O7/Inputs!$C$14 | R7: =F7-Inputs!$C$16/2 | S7: =F7+Inputs!$C$16/2 | T7: =F7-Inputs!$C$17/2 | U7: =F7+Inputs!$C$17/2 | V7: =ABS(P7) | W7: =ABS(Q7) | X7: =IF(OR(Inputs!$C$27=TRUE,Inputs!$C$27="TRUE",Inputs!$C$27=1),1,0)*(Inputs!$C$51*(115*EXP(-(((0)-25)^2)/(4.5^2))+70*EXP(-(((0)+38)^2)/(7^2))*(0.55+0.45*SIN(2*PI()*(A7)/45))+24*SIN(2*PI()*(0)/9+(A7)/18)*EXP(-(((0)+5)^2)/(22^2))+18*SIN(2*PI()*(A7)/70))+Inputs!$C$28*EXP(-(((A7)-Inputs!$C$29)^2)/(2*Inputs!$C$31^2))*EXP(-(((0)-Inputs!$C$30)^2)/(2*Inputs!$C$32^2))+-Inputs!$C$33*EXP(-(((((A7)-Inputs!$C$34)^2)+(((0)-Inputs!$C$35)^2))/(2*Inputs!$C$36^2)))+Inputs!$C$37*(0.55*SIN(2*PI()*(A7)/Inputs!$C$39)+0.35*COS(2*PI()*(0)/Inputs!$C$40)+0.2*SIN(2*PI()*((A7)+(0))/(0.5*(Inputs!$C$39+Inputs!$C$40))))+Inputs!$C$38*SIN(2*PI()*(A7)/Inputs!$C$39)*SIN(2*PI()*(0)/Inputs!$C$40)+-Inputs!$C$41*EXP(-(((0)-Inputs!$C$43)^2)/(2*Inputs!$C$44^2))*EXP(-(((A7)-Inputs!$C$42)^2)/(2*Inputs!$C$45^2))+Inputs!$C$48*(0.7*(0.45*SIN(2*PI()*(((A7)/Inputs!$C$49)+Inputs!$C$47*0.137))+0.35*COS(2*PI()*(((0)/Inputs!$C$50)+Inputs!$C$47*0.173))+0.2*SIN(2*PI()*(((A7)+(0))/(0.5*(Inputs!$C$49+Inputs!$C$50))+Inputs!$C$47*0.097)))+0.3*(2*((SIN(((A7)*12.9898+(0)*78.233+Inputs!$C$47*37.719))*43758.5453)-INT((SIN(((A7)*12.9898+(0)*78.233+Inputs!$C$47*37.719))*43758.5453)))-1))) | Y7: =IF(OR(Inputs!$C$27=TRUE,Inputs!$C$27="TRUE",Inputs!$C$27=1),1,0)*(Inputs!$C$51*(115*EXP(-(((Inputs!$C$6)-25)^2)/(4.5^2))+70*EXP(-(((Inputs!$C$6)+38)^2)/(7^2))*(0.55+0.45*SIN(2*PI()*(A7)/45))+24*SIN(2*PI()*(Inputs!$C$6)/9+(A7)/18)*EXP(-(((Inputs!$C$6)+5)^2)/(22^2))+18*SIN(2*PI()*(A7)/70))+Inputs!$C$28*EXP(-(((A7)-Inputs!$C$29)^2)/(2*Inputs!$C$31^2))*EXP(-(((Inputs!$C$6)-Inputs!$C$30)^2)/(2*Inputs!$C$32^2))+-Inputs!$C$33*EXP(-(((((A7)-Inputs!$C$34)^2)+(((Inputs!$C$6)-Inputs!$C$35)^2))/(2*Inputs!$C$36^2)))+Inputs!$C$37*(0.55*SIN(2*PI()*(A7)/Inputs!$C$39)+0.35*COS(2*PI()*(Inputs!$C$6)/Inputs!$C$40)+0.2*SIN(2*PI()*((A7)+(Inputs!$C$6))/(0.5*(Inputs!$C$39+Inputs!$C$40))))+Inputs!$C$38*SIN(2*PI()*(A7)/Inputs!$C$39)*SIN(2*PI()*(Inputs!$C$6)/Inputs!$C$40)+-Inputs!$C$41*EXP(-(((Inputs!$C$6)-Inputs!$C$43)^2)/(2*Inputs!$C$44^2))*EXP(-(((A7)-Inputs!$C$42)^2)/(2*Inputs!$C$45^2))+Inputs!$C$48*(0.7*(0.45*SIN(2*PI()*(((A7)/Inputs!$C$49)+Inputs!$C$47*0.137))+0.35*COS(2*PI()*(((Inputs!$C$6)/Inputs!$C$50)+Inputs!$C$47*0.173))+0.2*SIN(2*PI()*(((A7)+(Inputs!$C$6))/(0.5*(Inputs!$C$49+Inputs!$C$50))+Inputs!$C$47*0.097)))+0.3*(2*((SIN(((A7)*12.9898+(Inputs!$C$6)*78.233+Inputs!$C$47*37.719))*43758.5453)-INT((SIN(((A7)*12.9898+(Inputs!$C$6)*78.233+Inputs!$C$47*37.719))*43758.5453)))-1))) | Z7: =B7-X7/1000 | AA7: =SQRT((Inputs!$C$52+B7)^2+(Inputs!$C$52+Y7/1000)^2-2*(Inputs!$C$52+B7)*(Inputs!$C$52+Y7/1000)*COS(SQRT(A7^2+Inputs!$C$6^2)/Inputs!$C$52)) | AB7: =(AA7-Z7)*1000 | AC7: =AB7/Inputs!$C$12 | AD7: =2*AB7/Inputs!$C$21*1000000 | AE7: =DEGREES(ATAN(H7/(B7-Y7/1000))) | AF7: =DEGREES((2*PI()/Inputs!$C$13)*Inputs!$C$15*SIN(RADIANS(AE7))) | AG7: =(Z7/AA7)^4 | AH7: =10*LOG10(AG7) | AI7: =AC7-F7 | AJ7: =AD7-G7 | AK7: =Y7-X7 | AL7: =1000*(AA8-AA6)/(A8-A6)*Inputs!$C$11 | AM7: =-2*AL7/Inputs!$C$13 | AN7: =-2*AL7/Inputs!$C$14 | AO7: =ABS(AM7) | AP7: =ABS(AN7) | AQ7: =IF(OR(Inputs!$C$27=TRUE,Inputs!$C$27="TRUE",Inputs!$C$27=1),Inputs!$C$46/Inputs!$C$12,0) | AR7: =AC7-AQ7 | AS7: =AC7+AQ7
A8: =Inputs!$C$7+6*(Inputs!$C$8-Inputs!$C$7)/240 | B8: =Inputs!$C$5+Inputs!$C$9*(A8/Inputs!$C$10)^2 | C8: =B8 | D8: =SQRT((Inputs!$C$52+B8)^2+Inputs!$C$52^2-2*(Inputs!$C$52+B8)*Inputs!$C$52*COS(SQRT(A8^2+Inputs!$C$6^2)/Inputs!$C$52)) | E8: =(D8-C8)*1000 | F8: =E8/Inputs!$C$12 | G8: =2*E8/Inputs!$C$21*1000000 | H8: =SQRT(A8^2+Inputs!$C$6^2) | I8: =DEGREES(ATAN(H8/B8)) | J8: =DEGREES((2*PI()/Inputs!$C$13)*Inputs!$C$15*SIN(RADIANS(I8))) | K8: =(C8/D8)^4 | L8: =10*LOG10(K8) | M8: =2*(Inputs!$C$9/(Inputs!$C$10^2))*A8 | N8: =M8*Inputs!$C$11 | O8: =1000*(D9-D7)/(A9-A7)*Inputs!$C$11 | P8: =-2*O8/Inputs!$C$13 | Q8: =-2*O8/Inputs!$C$14 | R8: =F8-Inputs!$C$16/2 | S8: =F8+Inputs!$C$16/2 | T8: =F8-Inputs!$C$17/2 | U8: =F8+Inputs!$C$17/2 | V8: =ABS(P8) | W8: =ABS(Q8) | X8: =IF(OR(Inputs!$C$27=TRUE,Inputs!$C$27="TRUE",Inputs!$C$27=1),1,0)*(Inputs!$C$51*(115*EXP(-(((0)-25)^2)/(4.5^2))+70*EXP(-(((0)+38)^2)/(7^2))*(0.55+0.45*SIN(2*PI()*(A8)/45))+24*SIN(2*PI()*(0)/9+(A8)/18)*EXP(-(((0)+5)^2)/(22^2))+18*SIN(2*PI()*(A8)/70))+Inputs!$C$28*EXP(-(((A8)-Inputs!$C$29)^2)/(2*Inputs!$C$31^2))*EXP(-(((0)-Inputs!$C$30)^2)/(2*Inputs!$C$32^2))+-Inputs!$C$33*EXP(-(((((A8)-Inputs!$C$34)^2)+(((0)-Inputs!$C$35)^2))/(2*Inputs!$C$36^2)))+Inputs!$C$37*(0.55*SIN(2*PI()*(A8)/Inputs!$C$39)+0.35*COS(2*PI()*(0)/Inputs!$C$40)+0.2*SIN(2*PI()*((A8)+(0))/(0.5*(Inputs!$C$39+Inputs!$C$40))))+Inputs!$C$38*SIN(2*PI()*(A8)/Inputs!$C$39)*SIN(2*PI()*(0)/Inputs!$C$40)+-Inputs!$C$41*EXP(-(((0)-Inputs!$C$43)^2)/(2*Inputs!$C$44^2))*EXP(-(((A8)-Inputs!$C$42)^2)/(2*Inputs!$C$45^2))+Inputs!$C$48*(0.7*(0.45*SIN(2*PI()*(((A8)/Inputs!$C$49)+Inputs!$C$47*0.137))+0.35*COS(2*PI()*(((0)/Inputs!$C$50)+Inputs!$C$47*0.173))+0.2*SIN(2*PI()*(((A8)+(0))/(0.5*(Inputs!$C$49+Inputs!$C$50))+Inputs!$C$47*0.097)))+0.3*(2*((SIN(((A8)*12.9898+(0)*78.233+Inputs!$C$47*37.719))*43758.5453)-INT((SIN(((A8)*12.9898+(0)*78.233+Inputs!$C$47*37.719))*43758.5453)))-1))) | Y8: =IF(OR(Inputs!$C$27=TRUE,Inputs!$C$27="TRUE",Inputs!$C$27=1),1,0)*(Inputs!$C$51*(115*EXP(-(((Inputs!$C$6)-25)^2)/(4.5^2))+70*EXP(-(((Inputs!$C$6)+38)^2)/(7^2))*(0.55+0.45*SIN(2*PI()*(A8)/45))+24*SIN(2*PI()*(Inputs!$C$6)/9+(A8)/18)*EXP(-(((Inputs!$C$6)+5)^2)/(22^2))+18*SIN(2*PI()*(A8)/70))+Inputs!$C$28*EXP(-(((A8)-Inputs!$C$29)^2)/(2*Inputs!$C$31^2))*EXP(-(((Inputs!$C$6)-Inputs!$C$30)^2)/(2*Inputs!$C$32^2))+-Inputs!$C$33*EXP(-(((((A8)-Inputs!$C$34)^2)+(((Inputs!$C$6)-Inputs!$C$35)^2))/(2*Inputs!$C$36^2)))+Inputs!$C$37*(0.55*SIN(2*PI()*(A8)/Inputs!$C$39)+0.35*COS(2*PI()*(Inputs!$C$6)/Inputs!$C$40)+0.2*SIN(2*PI()*((A8)+(Inputs!$C$6))/(0.5*(Inputs!$C$39+Inputs!$C$40))))+Inputs!$C$38*SIN(2*PI()*(A8)/Inputs!$C$39)*SIN(2*PI()*(Inputs!$C$6)/Inputs!$C$40)+-Inputs!$C$41*EXP(-(((Inputs!$C$6)-Inputs!$C$43)^2)/(2*Inputs!$C$44^2))*EXP(-(((A8)-Inputs!$C$42)^2)/(2*Inputs!$C$45^2))+Inputs!$C$48*(0.7*(0.45*SIN(2*PI()*(((A8)/Inputs!$C$49)+Inputs!$C$47*0.137))+0.35*COS(2*PI()*(((Inputs!$C$6)/Inputs!$C$50)+Inputs!$C$47*0.173))+0.2*SIN(2*PI()*(((A8)+(Inputs!$C$6))/(0.5*(Inputs!$C$49+Inputs!$C$50))+Inputs!$C$47*0.097)))+0.3*(2*((SIN(((A8)*12.9898+(Inputs!$C$6)*78.233+Inputs!$C$47*37.719))*43758.5453)-INT((SIN(((A8)*12.9898+(Inputs!$C$6)*78.233+Inputs!$C$47*37.719))*43758.5453)))-1))) | Z8: =B8-X8/1000 | AA8: =SQRT((Inputs!$C$52+B8)^2+(Inputs!$C$52+Y8/1000)^2-2*(Inputs!$C$52+B8)*(Inputs!$C$52+Y8/1000)*COS(SQRT(A8^2+Inputs!$C$6^2)/Inputs!$C$52)) | AB8: =(AA8-Z8)*1000 | AC8: =AB8/Inputs!$C$12 | AD8: =2*AB8/Inputs!$C$21*1000000 | AE8: =DEGREES(ATAN(H8/(B8-Y8/1000))) | AF8: =DEGREES((2*PI()/Inputs!$C$13)*Inputs!$C$15*SIN(RADIANS(AE8))) | AG8: =(Z8/AA8)^4 | AH8: =10*LOG10(AG8) | AI8: =AC8-F8 | AJ8: =AD8-G8 | AK8: =Y8-X8 | AL8: =1000*(AA9-AA7)/(A9-A7)*Inputs!$C$11 | AM8: =-2*AL8/Inputs!$C$13 | AN8: =-2*AL8/Inputs!$C$14 | AO8: =ABS(AM8) | AP8: =ABS(AN8) | AQ8: =IF(OR(Inputs!$C$27=TRUE,Inputs!$C$27="TRUE",Inputs!$C$27=1),Inputs!$C$46/Inputs!$C$12,0) | AR8: =AC8-AQ8 | AS8: =AC8+AQ8
A9: =Inputs!$C$7+7*(Inputs!$C$8-Inputs!$C$7)/240 | B9: =Inputs!$C$5+Inputs!$C$9*(A9/Inputs!$C$10)^2 | C9: =B9 | D9: =SQRT((Inputs!$C$52+B9)^2+Inputs!$C$52^2-2*(Inputs!$C$52+B9)*Inputs!$C$52*COS(SQRT(A9^2+Inputs!$C$6^2)/Inputs!$C$52)) | E9: =(D9-C9)*1000 | F9: =E9/Inputs!$C$12 | G9: =2*E9/Inputs!$C$21*1000000 | H9: =SQRT(A9^2+Inputs!$C$6^2) | I9: =DEGREES(ATAN(H9/B9)) | J9: =DEGREES((2*PI()/Inputs!$C$13)*Inputs!$C$15*SIN(RADIANS(I9))) | K9: =(C9/D9)^4 | L9: =10*LOG10(K9) | M9: =2*(Inputs!$C$9/(Inputs!$C$10^2))*A9 | N9: =M9*Inputs!$C$11 | O9: =1000*(D10-D8)/(A10-A8)*Inputs!$C$11 | P9: =-2*O9/Inputs!$C$13 | Q9: =-2*O9/Inputs!$C$14 | R9: =F9-Inputs!$C$16/2 | S9: =F9+Inputs!$C$16/2 | T9: =F9-Inputs!$C$17/2 | U9: =F9+Inputs!$C$17/2 | V9: =ABS(P9) | W9: =ABS(Q9) | X9: =IF(OR(Inputs!$C$27=TRUE,Inputs!$C$27="TRUE",Inputs!$C$27=1),1,0)*(Inputs!$C$51*(115*EXP(-(((0)-25)^2)/(4.5^2))+70*EXP(-(((0)+38)^2)/(7^2))*(0.55+0.45*SIN(2*PI()*(A9)/45))+24*SIN(2*PI()*(0)/9+(A9)/18)*EXP(-(((0)+5)^2)/(22^2))+18*SIN(2*PI()*(A9)/70))+Inputs!$C$28*EXP(-(((A9)-Inputs!$C$29)^2)/(2*Inputs!$C$31^2))*EXP(-(((0)-Inputs!$C$30)^2)/(2*Inputs!$C$32^2))+-Inputs!$C$33*EXP(-(((((A9)-Inputs!$C$34)^2)+(((0)-Inputs!$C$35)^2))/(2*Inputs!$C$36^2)))+Inputs!$C$37*(0.55*SIN(2*PI()*(A9)/Inputs!$C$39)+0.35*COS(2*PI()*(0)/Inputs!$C$40)+0.2*SIN(2*PI()*((A9)+(0))/(0.5*(Inputs!$C$39+Inputs!$C$40))))+Inputs!$C$38*SIN(2*PI()*(A9)/Inputs!$C$39)*SIN(2*PI()*(0)/Inputs!$C$40)+-Inputs!$C$41*EXP(-(((0)-Inputs!$C$43)^2)/(2*Inputs!$C$44^2))*EXP(-(((A9)-Inputs!$C$42)^2)/(2*Inputs!$C$45^2))+Inputs!$C$48*(0.7*(0.45*SIN(2*PI()*(((A9)/Inputs!$C$49)+Inputs!$C$47*0.137))+0.35*COS(2*PI()*(((0)/Inputs!$C$50)+Inputs!$C$47*0.173))+0.2*SIN(2*PI()*(((A9)+(0))/(0.5*(Inputs!$C$49+Inputs!$C$50))+Inputs!$C$47*0.097)))+0.3*(2*((SIN(((A9)*12.9898+(0)*78.233+Inputs!$C$47*37.719))*43758.5453)-INT((SIN(((A9)*12.9898+(0)*78.233+Inputs!$C$47*37.719))*43758.5453)))-1))) | Y9: =IF(OR(Inputs!$C$27=TRUE,Inputs!$C$27="TRUE",Inputs!$C$27=1),1,0)*(Inputs!$C$51*(115*EXP(-(((Inputs!$C$6)-25)^2)/(4.5^2))+70*EXP(-(((Inputs!$C$6)+38)^2)/(7^2))*(0.55+0.45*SIN(2*PI()*(A9)/45))+24*SIN(2*PI()*(Inputs!$C$6)/9+(A9)/18)*EXP(-(((Inputs!$C$6)+5)^2)/(22^2))+18*SIN(2*PI()*(A9)/70))+Inputs!$C$28*EXP(-(((A9)-Inputs!$C$29)^2)/(2*Inputs!$C$31^2))*EXP(-(((Inputs!$C$6)-Inputs!$C$30)^2)/(2*Inputs!$C$32^2))+-Inputs!$C$33*EXP(-(((((A9)-Inputs!$C$34)^2)+(((Inputs!$C$6)-Inputs!$C$35)^2))/(2*Inputs!$C$36^2)))+Inputs!$C$37*(0.55*SIN(2*PI()*(A9)/Inputs!$C$39)+0.35*COS(2*PI()*(Inputs!$C$6)/Inputs!$C$40)+0.2*SIN(2*PI()*((A9)+(Inputs!$C$6))/(0.5*(Inputs!$C$39+Inputs!$C$40))))+Inputs!$C$38*SIN(2*PI()*(A9)/Inputs!$C$39)*SIN(2*PI()*(Inputs!$C$6)/Inputs!$C$40)+-Inputs!$C$41*EXP(-(((Inputs!$C$6)-Inputs!$C$43)^2)/(2*Inputs!$C$44^2))*EXP(-(((A9)-Inputs!$C$42)^2)/(2*Inputs!$C$45^2))+Inputs!$C$48*(0.7*(0.45*SIN(2*PI()*(((A9)/Inputs!$C$49)+Inputs!$C$47*0.137))+0.35*COS(2*PI()*(((Inputs!$C$6)/Inputs!$C$50)+Inputs!$C$47*0.173))+0.2*SIN(2*PI()*(((A9)+(Inputs!$C$6))/(0.5*(Inputs!$C$49+Inputs!$C$50))+Inputs!$C$47*0.097)))+0.3*(2*((SIN(((A9)*12.9898+(Inputs!$C$6)*78.233+Inputs!$C$47*37.719))*43758.5453)-INT((SIN(((A9)*12.9898+(Inputs!$C$6)*78.233+Inputs!$C$47*37.719))*43758.5453)))-1))) | Z9: =B9-X9/1000 | AA9: =SQRT((Inputs!$C$52+B9)^2+(Inputs!$C$52+Y9/1000)^2-2*(Inputs!$C$52+B9)*(Inputs!$C$52+Y9/1000)*COS(SQRT(A9^2+Inputs!$C$6^2)/Inputs!$C$52)) | AB9: =(AA9-Z9)*1000 | AC9: =AB9/Inputs!$C$12 | AD9: =2*AB9/Inputs!$C$21*1000000 | AE9: =DEGREES(ATAN(H9/(B9-Y9/1000))) | AF9: =DEGREES((2*PI()/Inputs!$C$13)*Inputs!$C$15*SIN(RADIANS(AE9))) | AG9: =(Z9/AA9)^4 | AH9: =10*LOG10(AG9) | AI9: =AC9-F9 | AJ9: =AD9-G9 | AK9: =Y9-X9 | AL9: =1000*(AA10-AA8)/(A10-A8)*Inputs!$C$11 | AM9: =-2*AL9/Inputs!$C$13 | AN9: =-2*AL9/Inputs!$C$14 | AO9: =ABS(AM9) | AP9: =ABS(AN9) | AQ9: =IF(OR(Inputs!$C$27=TRUE,Inputs!$C$27="TRUE",Inputs!$C$27=1),Inputs!$C$46/Inputs!$C$12,0) | AR9: =AC9-AQ9 | AS9: =AC9+AQ9
A10: =Inputs!$C$7+8*(Inputs!$C$8-Inputs!$C$7)/240 | B10: =Inputs!$C$5+Inputs!$C$9*(A10/Inputs!$C$10)^2 | C10: =B10 | D10: =SQRT((Inputs!$C$52+B10)^2+Inputs!$C$52^2-2*(Inputs!$C$52+B10)*Inputs!$C$52*COS(SQRT(A10^2+Inputs!$C$6^2)/Inputs!$C$52)) | E10: =(D10-C10)*1000 | F10: =E10/Inputs!$C$12 | G10: =2*E10/Inputs!$C$21*1000000 | H10: =SQRT(A10^2+Inputs!$C$6^2) | I10: =DEGREES(ATAN(H10/B10)) | J10: =DEGREES((2*PI()/Inputs!$C$13)*Inputs!$C$15*SIN(RADIANS(I10))) | K10: =(C10/D10)^4 | L10: =10*LOG10(K10) | M10: =2*(Inputs!$C$9/(Inputs!$C$10^2))*A10 | N10: =M10*Inputs!$C$11 | O10: =1000*(D11-D9)/(A11-A9)*Inputs!$C$11 | P10: =-2*O10/Inputs!$C$13 | Q10: =-2*O10/Inputs!$C$14 | R10: =F10-Inputs!$C$16/2 | S10: =F10+Inputs!$C$16/2 | T10: =F10-Inputs!$C$17/2 | U10: =F10+Inputs!$C$17/2 | V10: =ABS(P10) | W10: =ABS(Q10) | X10: =IF(OR(Inputs!$C$27=TRUE,Inputs!$C$27="TRUE",Inputs!$C$27=1),1,0)*(Inputs!$C$51*(115*EXP(-(((0)-25)^2)/(4.5^2))+70*EXP(-(((0)+38)^2)/(7^2))*(0.55+0.45*SIN(2*PI()*(A10)/45))+24*SIN(2*PI()*(0)/9+(A10)/18)*EXP(-(((0)+5)^2)/(22^2))+18*SIN(2*PI()*(A10)/70))+Inputs!$C$28*EXP(-(((A10)-Inputs!$C$29)^2)/(2*Inputs!$C$31^2))*EXP(-(((0)-Inputs!$C$30)^2)/(2*Inputs!$C$32^2))+-Inputs!$C$33*EXP(-(((((A10)-Inputs!$C$34)^2)+(((0)-Inputs!$C$35)^2))/(2*Inputs!$C$36^2)))+Inputs!$C$37*(0.55*SIN(2*PI()*(A10)/Inputs!$C$39)+0.35*COS(2*PI()*(0)/Inputs!$C$40)+0.2*SIN(2*PI()*((A10)+(0))/(0.5*(Inputs!$C$39+Inputs!$C$40))))+Inputs!$C$38*SIN(2*PI()*(A10)/Inputs!$C$39)*SIN(2*PI()*(0)/Inputs!$C$40)+-Inputs!$C$41*EXP(-(((0)-Inputs!$C$43)^2)/(2*Inputs!$C$44^2))*EXP(-(((A10)-Inputs!$C$42)^2)/(2*Inputs!$C$45^2))+Inputs!$C$48*(0.7*(0.45*SIN(2*PI()*(((A10)/Inputs!$C$49)+Inputs!$C$47*0.137))+0.35*COS(2*PI()*(((0)/Inputs!$C$50)+Inputs!$C$47*0.173))+0.2*SIN(2*PI()*(((A10)+(0))/(0.5*(Inputs!$C$49+Inputs!$C$50))+Inputs!$C$47*0.097)))+0.3*(2*((SIN(((A10)*12.9898+(0)*78.233+Inputs!$C$47*37.719))*43758.5453)-INT((SIN(((A10)*12.9898+(0)*78.233+Inputs!$C$47*37.719))*43758.5453)))-1))) | Y10: =IF(OR(Inputs!$C$27=TRUE,Inputs!$C$27="TRUE",Inputs!$C$27=1),1,0)*(Inputs!$C$51*(115*EXP(-(((Inputs!$C$6)-25)^2)/(4.5^2))+70*EXP(-(((Inputs!$C$6)+38)^2)/(7^2))*(0.55+0.45*SIN(2*PI()*(A10)/45))+24*SIN(2*PI()*(Inputs!$C$6)/9+(A10)/18)*EXP(-(((Inputs!$C$6)+5)^2)/(22^2))+18*SIN(2*PI()*(A10)/70))+Inputs!$C$28*EXP(-(((A10)-Inputs!$C$29)^2)/(2*Inputs!$C$31^2))*EXP(-(((Inputs!$C$6)-Inputs!$C$30)^2)/(2*Inputs!$C$32^2))+-Inputs!$C$33*EXP(-(((((A10)-Inputs!$C$34)^2)+(((Inputs!$C$6)-Inputs!$C$35)^2))/(2*Inputs!$C$36^2)))+Inputs!$C$37*(0.55*SIN(2*PI()*(A10)/Inputs!$C$39)+0.35*COS(2*PI()*(Inputs!$C$6)/Inputs!$C$40)+0.2*SIN(2*PI()*((A10)+(Inputs!$C$6))/(0.5*(Inputs!$C$39+Inputs!$C$40))))+Inputs!$C$38*SIN(2*PI()*(A10)/Inputs!$C$39)*SIN(2*PI()*(Inputs!$C$6)/Inputs!$C$40)+-Inputs!$C$41*EXP(-(((Inputs!$C$6)-Inputs!$C$43)^2)/(2*Inputs!$C$44^2))*EXP(-(((A10)-Inputs!$C$42)^2)/(2*Inputs!$C$45^2))+Inputs!$C$48*(0.7*(0.45*SIN(2*PI()*(((A10)/Inputs!$C$49)+Inputs!$C$47*0.137))+0.35*COS(2*PI()*(((Inputs!$C$6)/Inputs!$C$50)+Inputs!$C$47*0.173))+0.2*SIN(2*PI()*(((A10)+(Inputs!$C$6))/(0.5*(Inputs!$C$49+Inputs!$C$50))+Inputs!$C$47*0.097)))+0.3*(2*((SIN(((A10)*12.9898+(Inputs!$C$6)*78.233+Inputs!$C$47*37.719))*43758.5453)-INT((SIN(((A10)*12.9898+(Inputs!$C$6)*78.233+Inputs!$C$47*37.719))*43758.5453)))-1))) | Z10: =B10-X10/1000 | AA10: =SQRT((Inputs!$C$52+B10)^2+(Inputs!$C$52+Y10/1000)^2-2*(Inputs!$C$52+B10)*(Inputs!$C$52+Y10/1000)*COS(SQRT(A10^2+Inputs!$C$6^2)/Inputs!$C$52)) | AB10: =(AA10-Z10)*1000 | AC10: =AB10/Inputs!$C$12 | AD10: =2*AB10/Inputs!$C$21*1000000 | AE10: =DEGREES(ATAN(H10/(B10-Y10/1000))) | AF10: =DEGREES((2*PI()/Inputs!$C$13)*Inputs!$C$15*SIN(RADIANS(AE10))) | AG10: =(Z10/AA10)^4 | AH10: =10*LOG10(AG10) | AI10: =AC10-F10 | AJ10: =AD10-G10 | AK10: =Y10-X10 | AL10: =1000*(AA11-AA9)/(A11-A9)*Inputs!$C$11 | AM10: =-2*AL10/Inputs!$C$13 | AN10: =-2*AL10/Inputs!$C$14 | AO10: =ABS(AM10) | AP10: =ABS(AN10) | AQ10: =IF(OR(Inputs!$C$27=TRUE,Inputs!$C$27="TRUE",Inputs!$C$27=1),Inputs!$C$46/Inputs!$C$12,0) | AR10: =AC10-AQ10 | AS10: =AC10+AQ10
A11: =Inputs!$C$7+9*(Inputs!$C$8-Inputs!$C$7)/240 | B11: =Inputs!$C$5+Inputs!$C$9*(A11/Inputs!$C$10)^2 | C11: =B11 | D11: =SQRT((Inputs!$C$52+B11)^2+Inputs!$C$52^2-2*(Inputs!$C$52+B11)*Inputs!$C$52*COS(SQRT(A11^2+Inputs!$C$6^2)/Inputs!$C$52)) | E11: =(D11-C11)*1000 | F11: =E11/Inputs!$C$12 | G11: =2*E11/Inputs!$C$21*1000000 | H11: =SQRT(A11^2+Inputs!$C$6^2) | I11: =DEGREES(ATAN(H11/B11)) | J11: =DEGREES((2*PI()/Inputs!$C$13)*Inputs!$C$15*SIN(RADIANS(I11))) | K11: =(C11/D11)^4 | L11: =10*LOG10(K11) | M11: =2*(Inputs!$C$9/(Inputs!$C$10^2))*A11 | N11: =M11*Inputs!$C$11 | O11: =1000*(D12-D10)/(A12-A10)*Inputs!$C$11 | P11: =-2*O11/Inputs!$C$13 | Q11: =-2*O11/Inputs!$C$14 | R11: =F11-Inputs!$C$16/2 | S11: =F11+Inputs!$C$16/2 | T11: =F11-Inputs!$C$17/2 | U11: =F11+Inputs!$C$17/2 | V11: =ABS(P11) | W11: =ABS(Q11) | X11: =IF(OR(Inputs!$C$27=TRUE,Inputs!$C$27="TRUE",Inputs!$C$27=1),1,0)*(Inputs!$C$51*(115*EXP(-(((0)-25)^2)/(4.5^2))+70*EXP(-(((0)+38)^2)/(7^2))*(0.55+0.45*SIN(2*PI()*(A11)/45))+24*SIN(2*PI()*(0)/9+(A11)/18)*EXP(-(((0)+5)^2)/(22^2))+18*SIN(2*PI()*(A11)/70))+Inputs!$C$28*EXP(-(((A11)-Inputs!$C$29)^2)/(2*Inputs!$C$31^2))*EXP(-(((0)-Inputs!$C$30)^2)/(2*Inputs!$C$32^2))+-Inputs!$C$33*EXP(-(((((A11)-Inputs!$C$34)^2)+(((0)-Inputs!$C$35)^2))/(2*Inputs!$C$36^2)))+Inputs!$C$37*(0.55*SIN(2*PI()*(A11)/Inputs!$C$39)+0.35*COS(2*PI()*(0)/Inputs!$C$40)+0.2*SIN(2*PI()*((A11)+(0))/(0.5*(Inputs!$C$39+Inputs!$C$40))))+Inputs!$C$38*SIN(2*PI()*(A11)/Inputs!$C$39)*SIN(2*PI()*(0)/Inputs!$C$40)+-Inputs!$C$41*EXP(-(((0)-Inputs!$C$43)^2)/(2*Inputs!$C$44^2))*EXP(-(((A11)-Inputs!$C$42)^2)/(2*Inputs!$C$45^2))+Inputs!$C$48*(0.7*(0.45*SIN(2*PI()*(((A11)/Inputs!$C$49)+Inputs!$C$47*0.137))+0.35*COS(2*PI()*(((0)/Inputs!$C$50)+Inputs!$C$47*0.173))+0.2*SIN(2*PI()*(((A11)+(0))/(0.5*(Inputs!$C$49+Inputs!$C$50))+Inputs!$C$47*0.097)))+0.3*(2*((SIN(((A11)*12.9898+(0)*78.233+Inputs!$C$47*37.719))*43758.5453)-INT((SIN(((A11)*12.9898+(0)*78.233+Inputs!$C$47*37.719))*43758.5453)))-1))) | Y11: =IF(OR(Inputs!$C$27=TRUE,Inputs!$C$27="TRUE",Inputs!$C$27=1),1,0)*(Inputs!$C$51*(115*EXP(-(((Inputs!$C$6)-25)^2)/(4.5^2))+70*EXP(-(((Inputs!$C$6)+38)^2)/(7^2))*(0.55+0.45*SIN(2*PI()*(A11)/45))+24*SIN(2*PI()*(Inputs!$C$6)/9+(A11)/18)*EXP(-(((Inputs!$C$6)+5)^2)/(22^2))+18*SIN(2*PI()*(A11)/70))+Inputs!$C$28*EXP(-(((A11)-Inputs!$C$29)^2)/(2*Inputs!$C$31^2))*EXP(-(((Inputs!$C$6)-Inputs!$C$30)^2)/(2*Inputs!$C$32^2))+-Inputs!$C$33*EXP(-(((((A11)-Inputs!$C$34)^2)+(((Inputs!$C$6)-Inputs!$C$35)^2))/(2*Inputs!$C$36^2)))+Inputs!$C$37*(0.55*SIN(2*PI()*(A11)/Inputs!$C$39)+0.35*COS(2*PI()*(Inputs!$C$6)/Inputs!$C$40)+0.2*SIN(2*PI()*((A11)+(Inputs!$C$6))/(0.5*(Inputs!$C$39+Inputs!$C$40))))+Inputs!$C$38*SIN(2*PI()*(A11)/Inputs!$C$39)*SIN(2*PI()*(Inputs!$C$6)/Inputs!$C$40)+-Inputs!$C$41*EXP(-(((Inputs!$C$6)-Inputs!$C$43)^2)/(2*Inputs!$C$44^2))*EXP(-(((A11)-Inputs!$C$42)^2)/(2*Inputs!$C$45^2))+Inputs!$C$48*(0.7*(0.45*SIN(2*PI()*(((A11)/Inputs!$C$49)+Inputs!$C$47*0.137))+0.35*COS(2*PI()*(((Inputs!$C$6)/Inputs!$C$50)+Inputs!$C$47*0.173))+0.2*SIN(2*PI()*(((A11)+(Inputs!$C$6))/(0.5*(Inputs!$C$49+Inputs!$C$50))+Inputs!$C$47*0.097)))+0.3*(2*((SIN(((A11)*12.9898+(Inputs!$C$6)*78.233+Inputs!$C$47*37.719))*43758.5453)-INT((SIN(((A11)*12.9898+(Inputs!$C$6)*78.233+Inputs!$C$47*37.719))*43758.5453)))-1))) | Z11: =B11-X11/1000 | AA11: =SQRT((Inputs!$C$52+B11)^2+(Inputs!$C$52+Y11/1000)^2-2*(Inputs!$C$52+B11)*(Inputs!$C$52+Y11/1000)*COS(SQRT(A11^2+Inputs!$C$6^2)/Inputs!$C$52)) | AB11: =(AA11-Z11)*1000 | AC11: =AB11/Inputs!$C$12 | AD11: =2*AB11/Inputs!$C$21*1000000 | AE11: =DEGREES(ATAN(H11/(B11-Y11/1000))) | AF11: =DEGREES((2*PI()/Inputs!$C$13)*Inputs!$C$15*SIN(RADIANS(AE11))) | AG11: =(Z11/AA11)^4 | AH11: =10*LOG10(AG11) | AI11: =AC11-F11 | AJ11: =AD11-G11 | AK11: =Y11-X11 | AL11: =1000*(AA12-AA10)/(A12-A10)*Inputs!$C$11 | AM11: =-2*AL11/Inputs!$C$13 | AN11: =-2*AL11/Inputs!$C$14 | AO11: =ABS(AM11) | AP11: =ABS(AN11) | AQ11: =IF(OR(Inputs!$C$27=TRUE,Inputs!$C$27="TRUE",Inputs!$C$27=1),Inputs!$C$46/Inputs!$C$12,0) | AR11: =AC11-AQ11 | AS11: =AC11+AQ11
A12: =Inputs!$C$7+10*(Inputs!$C$8-Inputs!$C$7)/240 | B12: =Inputs!$C$5+Inputs!$C$9*(A12/Inputs!$C$10)^2 | C12: =B12 | D12: =SQRT((Inputs!$C$52+B12)^2+Inputs!$C$52^2-2*(Inputs!$C$52+B12)*Inputs!$C$52*COS(SQRT(A12^2+Inputs!$C$6^2)/Inputs!$C$52)) | E12: =(D12-C12)*1000 | F12: =E12/Inputs!$C$12 | G12: =2*E12/Inputs!$C$21*1000000 | H12: =SQRT(A12^2+Inputs!$C$6^2) | I12: =DEGREES(ATAN(H12/B12)) | J12: =DEGREES((2*PI()/Inputs!$C$13)*Inputs!$C$15*SIN(RADIANS(I12))) | K12: =(C12/D12)^4 | L12: =10*LOG10(K12) | M12: =2*(Inputs!$C$9/(Inputs!$C$10^2))*A12 | N12: =M12*Inputs!$C$11 | O12: =1000*(D13-D11)/(A13-A11)*Inputs!$C$11 | P12: =-2*O12/Inputs!$C$13 | Q12: =-2*O12/Inputs!$C$14 | R12: =F12-Inputs!$C$16/2 | S12: =F12+Inputs!$C$16/2 | T12: =F12-Inputs!$C$17/2 | U12: =F12+Inputs!$C$17/2 | V12: =ABS(P12) | W12: =ABS(Q12) | X12: =IF(OR(Inputs!$C$27=TRUE,Inputs!$C$27="TRUE",Inputs!$C$27=1),1,0)*(Inputs!$C$51*(115*EXP(-(((0)-25)^2)/(4.5^2))+70*EXP(-(((0)+38)^2)/(7^2))*(0.55+0.45*SIN(2*PI()*(A12)/45))+24*SIN(2*PI()*(0)/9+(A12)/18)*EXP(-(((0)+5)^2)/(22^2))+18*SIN(2*PI()*(A12)/70))+Inputs!$C$28*EXP(-(((A12)-Inputs!$C$29)^2)/(2*Inputs!$C$31^2))*EXP(-(((0)-Inputs!$C$30)^2)/(2*Inputs!$C$32^2))+-Inputs!$C$33*EXP(-(((((A12)-Inputs!$C$34)^2)+(((0)-Inputs!$C$35)^2))/(2*Inputs!$C$36^2)))+Inputs!$C$37*(0.55*SIN(2*PI()*(A12)/Inputs!$C$39)+0.35*COS(2*PI()*(0)/Inputs!$C$40)+0.2*SIN(2*PI()*((A12)+(0))/(0.5*(Inputs!$C$39+Inputs!$C$40))))+Inputs!$C$38*SIN(2*PI()*(A12)/Inputs!$C$39)*SIN(2*PI()*(0)/Inputs!$C$40)+-Inputs!$C$41*EXP(-(((0)-Inputs!$C$43)^2)/(2*Inputs!$C$44^2))*EXP(-(((A12)-Inputs!$C$42)^2)/(2*Inputs!$C$45^2))+Inputs!$C$48*(0.7*(0.45*SIN(2*PI()*(((A12)/Inputs!$C$49)+Inputs!$C$47*0.137))+0.35*COS(2*PI()*(((0)/Inputs!$C$50)+Inputs!$C$47*0.173))+0.2*SIN(2*PI()*(((A12)+(0))/(0.5*(Inputs!$C$49+Inputs!$C$50))+Inputs!$C$47*0.097)))+0.3*(2*((SIN(((A12)*12.9898+(0)*78.233+Inputs!$C$47*37.719))*43758.5453)-INT((SIN(((A12)*12.9898+(0)*78.233+Inputs!$C$47*37.719))*43758.5453)))-1))) | Y12: =IF(OR(Inputs!$C$27=TRUE,Inputs!$C$27="TRUE",Inputs!$C$27=1),1,0)*(Inputs!$C$51*(115*EXP(-(((Inputs!$C$6)-25)^2)/(4.5^2))+70*EXP(-(((Inputs!$C$6)+38)^2)/(7^2))*(0.55+0.45*SIN(2*PI()*(A12)/45))+24*SIN(2*PI()*(Inputs!$C$6)/9+(A12)/18)*EXP(-(((Inputs!$C$6)+5)^2)/(22^2))+18*SIN(2*PI()*(A12)/70))+Inputs!$C$28*EXP(-(((A12)-Inputs!$C$29)^2)/(2*Inputs!$C$31^2))*EXP(-(((Inputs!$C$6)-Inputs!$C$30)^2)/(2*Inputs!$C$32^2))+-Inputs!$C$33*EXP(-(((((A12)-Inputs!$C$34)^2)+(((Inputs!$C$6)-Inputs!$C$35)^2))/(2*Inputs!$C$36^2)))+Inputs!$C$37*(0.55*SIN(2*PI()*(A12)/Inputs!$C$39)+0.35*COS(2*PI()*(Inputs!$C$6)/Inputs!$C$40)+0.2*SIN(2*PI()*((A12)+(Inputs!$C$6))/(0.5*(Inputs!$C$39+Inputs!$C$40))))+Inputs!$C$38*SIN(2*PI()*(A12)/Inputs!$C$39)*SIN(2*PI()*(Inputs!$C$6)/Inputs!$C$40)+-Inputs!$C$41*EXP(-(((Inputs!$C$6)-Inputs!$C$43)^2)/(2*Inputs!$C$44^2))*EXP(-(((A12)-Inputs!$C$42)^2)/(2*Inputs!$C$45^2))+Inputs!$C$48*(0.7*(0.45*SIN(2*PI()*(((A12)/Inputs!$C$49)+Inputs!$C$47*0.137))+0.35*COS(2*PI()*(((Inputs!$C$6)/Inputs!$C$50)+Inputs!$C$47*0.173))+0.2*SIN(2*PI()*(((A12)+(Inputs!$C$6))/(0.5*(Inputs!$C$49+Inputs!$C$50))+Inputs!$C$47*0.097)))+0.3*(2*((SIN(((A12)*12.9898+(Inputs!$C$6)*78.233+Inputs!$C$47*37.719))*43758.5453)-INT((SIN(((A12)*12.9898+(Inputs!$C$6)*78.233+Inputs!$C$47*37.719))*43758.5453)))-1))) | Z12: =B12-X12/1000 | AA12: =SQRT((Inputs!$C$52+B12)^2+(Inputs!$C$52+Y12/1000)^2-2*(Inputs!$C$52+B12)*(Inputs!$C$52+Y12/1000)*COS(SQRT(A12^2+Inputs!$C$6^2)/Inputs!$C$52)) | AB12: =(AA12-Z12)*1000 | AC12: =AB12/Inputs!$C$12 | AD12: =2*AB12/Inputs!$C$21*1000000 | AE12: =DEGREES(ATAN(H12/(B12-Y12/1000))) | AF12: =DEGREES((2*PI()/Inputs!$C$13)*Inputs!$C$15*SIN(RADIANS(AE12))) | AG12: =(Z12/AA12)^4 | AH12: =10*LOG10(AG12) | AI12: =AC12-F12 | AJ12: =AD12-G12 | AK12: =Y12-X12 | AL12: =1000*(AA13-AA11)/(A13-A11)*Inputs!$C$11 | AM12: =-2*AL12/Inputs!$C$13 | AN12: =-2*AL12/Inputs!$C$14 | AO12: =ABS(AM12) | AP12: =ABS(AN12) | AQ12: =IF(OR(Inputs!$C$27=TRUE,Inputs!$C$27="TRUE",Inputs!$C$27=1),Inputs!$C$46/Inputs!$C$12,0) | AR12: =AC12-AQ12 | AS12: =AC12+AQ12
A13: =Inputs!$C$7+11*(Inputs!$C$8-Inputs!$C$7)/240 | B13: =Inputs!$C$5+Inputs!$C$9*(A13/Inputs!$C$10)^2 | C13: =B13 | D13: =SQRT((Inputs!$C$52+B13)^2+Inputs!$C$52^2-2*(Inputs!$C$52+B13)*Inputs!$C$52*COS(SQRT(A13^2+Inputs!$C$6^2)/Inputs!$C$52)) | E13: =(D13-C13)*1000 | F13: =E13/Inputs!$C$12 | G13: =2*E13/Inputs!$C$21*1000000 | H13: =SQRT(A13^2+Inputs!$C$6^2) | I13: =DEGREES(ATAN(H13/B13)) | J13: =DEGREES((2*PI()/Inputs!$C$13)*Inputs!$C$15*SIN(RADIANS(I13))) | K13: =(C13/D13)^4 | L13: =10*LOG10(K13) | M13: =2*(Inputs!$C$9/(Inputs!$C$10^2))*A13 | N13: =M13*Inputs!$C$11 | O13: =1000*(D14-D12)/(A14-A12)*Inputs!$C$11 | P13: =-2*O13/Inputs!$C$13 | Q13: =-2*O13/Inputs!$C$14 | R13: =F13-Inputs!$C$16/2 | S13: =F13+Inputs!$C$16/2 | T13: =F13-Inputs!$C$17/2 | U13: =F13+Inputs!$C$17/2 | V13: =ABS(P13) | W13: =ABS(Q13) | X13: =IF(OR(Inputs!$C$27=TRUE,Inputs!$C$27="TRUE",Inputs!$C$27=1),1,0)*(Inputs!$C$51*(115*EXP(-(((0)-25)^2)/(4.5^2))+70*EXP(-(((0)+38)^2)/(7^2))*(0.55+0.45*SIN(2*PI()*(A13)/45))+24*SIN(2*PI()*(0)/9+(A13)/18)*EXP(-(((0)+5)^2)/(22^2))+18*SIN(2*PI()*(A13)/70))+Inputs!$C$28*EXP(-(((A13)-Inputs!$C$29)^2)/(2*Inputs!$C$31^2))*EXP(-(((0)-Inputs!$C$30)^2)/(2*Inputs!$C$32^2))+-Inputs!$C$33*EXP(-(((((A13)-Inputs!$C$34)^2)+(((0)-Inputs!$C$35)^2))/(2*Inputs!$C$36^2)))+Inputs!$C$37*(0.55*SIN(2*PI()*(A13)/Inputs!$C$39)+0.35*COS(2*PI()*(0)/Inputs!$C$40)+0.2*SIN(2*PI()*((A13)+(0))/(0.5*(Inputs!$C$39+Inputs!$C$40))))+Inputs!$C$38*SIN(2*PI()*(A13)/Inputs!$C$39)*SIN(2*PI()*(0)/Inputs!$C$40)+-Inputs!$C$41*EXP(-(((0)-Inputs!$C$43)^2)/(2*Inputs!$C$44^2))*EXP(-(((A13)-Inputs!$C$42)^2)/(2*Inputs!$C$45^2))+Inputs!$C$48*(0.7*(0.45*SIN(2*PI()*(((A13)/Inputs!$C$49)+Inputs!$C$47*0.137))+0.35*COS(2*PI()*(((0)/Inputs!$C$50)+Inputs!$C$47*0.173))+0.2*SIN(2*PI()*(((A13)+(0))/(0.5*(Inputs!$C$49+Inputs!$C$50))+Inputs!$C$47*0.097)))+0.3*(2*((SIN(((A13)*12.9898+(0)*78.233+Inputs!$C$47*37.719))*43758.5453)-INT((SIN(((A13)*12.9898+(0)*78.233+Inputs!$C$47*37.719))*43758.5453)))-1))) | Y13: =IF(OR(Inputs!$C$27=TRUE,Inputs!$C$27="TRUE",Inputs!$C$27=1),1,0)*(Inputs!$C$51*(115*EXP(-(((Inputs!$C$6)-25)^2)/(4.5^2))+70*EXP(-(((Inputs!$C$6)+38)^2)/(7^2))*(0.55+0.45*SIN(2*PI()*(A13)/45))+24*SIN(2*PI()*(Inputs!$C$6)/9+(A13)/18)*EXP(-(((Inputs!$C$6)+5)^2)/(22^2))+18*SIN(2*PI()*(A13)/70))+Inputs!$C$28*EXP(-(((A13)-Inputs!$C$29)^2)/(2*Inputs!$C$31^2))*EXP(-(((Inputs!$C$6)-Inputs!$C$30)^2)/(2*Inputs!$C$32^2))+-Inputs!$C$33*EXP(-(((((A13)-Inputs!$C$34)^2)+(((Inputs!$C$6)-Inputs!$C$35)^2))/(2*Inputs!$C$36^2)))+Inputs!$C$37*(0.55*SIN(2*PI()*(A13)/Inputs!$C$39)+0.35*COS(2*PI()*(Inputs!$C$6)/Inputs!$C$40)+0.2*SIN(2*PI()*((A13)+(Inputs!$C$6))/(0.5*(Inputs!$C$39+Inputs!$C$40))))+Inputs!$C$38*SIN(2*PI()*(A13)/Inputs!$C$39)*SIN(2*PI()*(Inputs!$C$6)/Inputs!$C$40)+-Inputs!$C$41*EXP(-(((Inputs!$C$6)-Inputs!$C$43)^2)/(2*Inputs!$C$44^2))*EXP(-(((A13)-Inputs!$C$42)^2)/(2*Inputs!$C$45^2))+Inputs!$C$48*(0.7*(0.45*SIN(2*PI()*(((A13)/Inputs!$C$49)+Inputs!$C$47*0.137))+0.35*COS(2*PI()*(((Inputs!$C$6)/Inputs!$C$50)+Inputs!$C$47*0.173))+0.2*SIN(2*PI()*(((A13)+(Inputs!$C$6))/(0.5*(Inputs!$C$49+Inputs!$C$50))+Inputs!$C$47*0.097)))+0.3*(2*((SIN(((A13)*12.9898+(Inputs!$C$6)*78.233+Inputs!$C$47*37.719))*43758.5453)-INT((SIN(((A13)*12.9898+(Inputs!$C$6)*78.233+Inputs!$C$47*37.719))*43758.5453)))-1))) | Z13: =B13-X13/1000 | AA13: =SQRT((Inputs!$C$52+B13)^2+(Inputs!$C$52+Y13/1000)^2-2*(Inputs!$C$52+B13)*(Inputs!$C$52+Y13/1000)*COS(SQRT(A13^2+Inputs!$C$6^2)/Inputs!$C$52)) | AB13: =(AA13-Z13)*1000 | AC13: =AB13/Inputs!$C$12 | AD13: =2*AB13/Inputs!$C$21*1000000 | AE13: =DEGREES(ATAN(H13/(B13-Y13/1000))) | AF13: =DEGREES((2*PI()/Inputs!$C$13)*Inputs!$C$15*SIN(RADIANS(AE13))) | AG13: =(Z13/AA13)^4 | AH13: =10*LOG10(AG13) | AI13: =AC13-F13 | AJ13: =AD13-G13 | AK13: =Y13-X13 | AL13: =1000*(AA14-AA12)/(A14-A12)*Inputs!$C$11 | AM13: =-2*AL13/Inputs!$C$13 | AN13: =-2*AL13/Inputs!$C$14 | AO13: =ABS(AM13) | AP13: =ABS(AN13) | AQ13: =IF(OR(Inputs!$C$27=TRUE,Inputs!$C$27="TRUE",Inputs!$C$27=1),Inputs!$C$46/Inputs!$C$12,0) | AR13: =AC13-AQ13 | AS13: =AC13+AQ13
A14: =Inputs!$C$7+12*(Inputs!$C$8-Inputs!$C$7)/240 | B14: =Inputs!$C$5+Inputs!$C$9*(A14/Inputs!$C$10)^2 | C14: =B14 | D14: =SQRT((Inputs!$C$52+B14)^2+Inputs!$C$52^2-2*(Inputs!$C$52+B14)*Inputs!$C$52*COS(SQRT(A14^2+Inputs!$C$6^2)/Inputs!$C$52)) | E14: =(D14-C14)*1000 | F14: =E14/Inputs!$C$12 | G14: =2*E14/Inputs!$C$21*1000000 | H14: =SQRT(A14^2+Inputs!$C$6^2) | I14: =DEGREES(ATAN(H14/B14)) | J14: =DEGREES((2*PI()/Inputs!$C$13)*Inputs!$C$15*SIN(RADIANS(I14))) | K14: =(C14/D14)^4 | L14: =10*LOG10(K14) | M14: =2*(Inputs!$C$9/(Inputs!$C$10^2))*A14 | N14: =M14*Inputs!$C$11 | O14: =1000*(D15-D13)/(A15-A13)*Inputs!$C$11 | P14: =-2*O14/Inputs!$C$13 | Q14: =-2*O14/Inputs!$C$14 | R14: =F14-Inputs!$C$16/2 | S14: =F14+Inputs!$C$16/2 | T14: =F14-Inputs!$C$17/2 | U14: =F14+Inputs!$C$17/2 | V14: =ABS(P14) | W14: =ABS(Q14) | X14: =IF(OR(Inputs!$C$27=TRUE,Inputs!$C$27="TRUE",Inputs!$C$27=1),1,0)*(Inputs!$C$51*(115*EXP(-(((0)-25)^2)/(4.5^2))+70*EXP(-(((0)+38)^2)/(7^2))*(0.55+0.45*SIN(2*PI()*(A14)/45))+24*SIN(2*PI()*(0)/9+(A14)/18)*EXP(-(((0)+5)^2)/(22^2))+18*SIN(2*PI()*(A14)/70))+Inputs!$C$28*EXP(-(((A14)-Inputs!$C$29)^2)/(2*Inputs!$C$31^2))*EXP(-(((0)-Inputs!$C$30)^2)/(2*Inputs!$C$32^2))+-Inputs!$C$33*EXP(-(((((A14)-Inputs!$C$34)^2)+(((0)-Inputs!$C$35)^2))/(2*Inputs!$C$36^2)))+Inputs!$C$37*(0.55*SIN(2*PI()*(A14)/Inputs!$C$39)+0.35*COS(2*PI()*(0)/Inputs!$C$40)+0.2*SIN(2*PI()*((A14)+(0))/(0.5*(Inputs!$C$39+Inputs!$C$40))))+Inputs!$C$38*SIN(2*PI()*(A14)/Inputs!$C$39)*SIN(2*PI()*(0)/Inputs!$C$40)+-Inputs!$C$41*EXP(-(((0)-Inputs!$C$43)^2)/(2*Inputs!$C$44^2))*EXP(-(((A14)-Inputs!$C$42)^2)/(2*Inputs!$C$45^2))+Inputs!$C$48*(0.7*(0.45*SIN(2*PI()*(((A14)/Inputs!$C$49)+Inputs!$C$47*0.137))+0.35*COS(2*PI()*(((0)/Inputs!$C$50)+Inputs!$C$47*0.173))+0.2*SIN(2*PI()*(((A14)+(0))/(0.5*(Inputs!$C$49+Inputs!$C$50))+Inputs!$C$47*0.097)))+0.3*(2*((SIN(((A14)*12.9898+(0)*78.233+Inputs!$C$47*37.719))*43758.5453)-INT((SIN(((A14)*12.9898+(0)*78.233+Inputs!$C$47*37.719))*43758.5453)))-1))) | Y14: =IF(OR(Inputs!$C$27=TRUE,Inputs!$C$27="TRUE",Inputs!$C$27=1),1,0)*(Inputs!$C$51*(115*EXP(-(((Inputs!$C$6)-25)^2)/(4.5^2))+70*EXP(-(((Inputs!$C$6)+38)^2)/(7^2))*(0.55+0.45*SIN(2*PI()*(A14)/45))+24*SIN(2*PI()*(Inputs!$C$6)/9+(A14)/18)*EXP(-(((Inputs!$C$6)+5)^2)/(22^2))+18*SIN(2*PI()*(A14)/70))+Inputs!$C$28*EXP(-(((A14)-Inputs!$C$29)^2)/(2*Inputs!$C$31^2))*EXP(-(((Inputs!$C$6)-Inputs!$C$30)^2)/(2*Inputs!$C$32^2))+-Inputs!$C$33*EXP(-(((((A14)-Inputs!$C$34)^2)+(((Inputs!$C$6)-Inputs!$C$35)^2))/(2*Inputs!$C$36^2)))+Inputs!$C$37*(0.55*SIN(2*PI()*(A14)/Inputs!$C$39)+0.35*COS(2*PI()*(Inputs!$C$6)/Inputs!$C$40)+0.2*SIN(2*PI()*((A14)+(Inputs!$C$6))/(0.5*(Inputs!$C$39+Inputs!$C$40))))+Inputs!$C$38*SIN(2*PI()*(A14)/Inputs!$C$39)*SIN(2*PI()*(Inputs!$C$6)/Inputs!$C$40)+-Inputs!$C$41*EXP(-(((Inputs!$C$6)-Inputs!$C$43)^2)/(2*Inputs!$C$44^2))*EXP(-(((A14)-Inputs!$C$42)^2)/(2*Inputs!$C$45^2))+Inputs!$C$48*(0.7*(0.45*SIN(2*PI()*(((A14)/Inputs!$C$49)+Inputs!$C$47*0.137))+0.35*COS(2*PI()*(((Inputs!$C$6)/Inputs!$C$50)+Inputs!$C$47*0.173))+0.2*SIN(2*PI()*(((A14)+(Inputs!$C$6))/(0.5*(Inputs!$C$49+Inputs!$C$50))+Inputs!$C$47*0.097)))+0.3*(2*((SIN(((A14)*12.9898+(Inputs!$C$6)*78.233+Inputs!$C$47*37.719))*43758.5453)-INT((SIN(((A14)*12.9898+(Inputs!$C$6)*78.233+Inputs!$C$47*37.719))*43758.5453)))-1))) | Z14: =B14-X14/1000 | AA14: =SQRT((Inputs!$C$52+B14)^2+(Inputs!$C$52+Y14/1000)^2-2*(Inputs!$C$52+B14)*(Inputs!$C$52+Y14/1000)*COS(SQRT(A14^2+Inputs!$C$6^2)/Inputs!$C$52)) | AB14: =(AA14-Z14)*1000 | AC14: =AB14/Inputs!$C$12 | AD14: =2*AB14/Inputs!$C$21*1000000 | AE14: =DEGREES(ATAN(H14/(B14-Y14/1000))) | AF14: =DEGREES((2*PI()/Inputs!$C$13)*Inputs!$C$15*SIN(RADIANS(AE14))) | AG14: =(Z14/AA14)^4 | AH14: =10*LOG10(AG14) | AI14: =AC14-F14 | AJ14: =AD14-G14 | AK14: =Y14-X14 | AL14: =1000*(AA15-AA13)/(A15-A13)*Inputs!$C$11 | AM14: =-2*AL14/Inputs!$C$13 | AN14: =-2*AL14/Inputs!$C$14 | AO14: =ABS(AM14) | AP14: =ABS(AN14) | AQ14: =IF(OR(Inputs!$C$27=TRUE,Inputs!$C$27="TRUE",Inputs!$C$27=1),Inputs!$C$46/Inputs!$C$12,0) | AR14: =AC14-AQ14 | AS14: =AC14+AQ14
A15: =Inputs!$C$7+13*(Inputs!$C$8-Inputs!$C$7)/240 | B15: =Inputs!$C$5+Inputs!$C$9*(A15/Inputs!$C$10)^2 | C15: =B15 | D15: =SQRT((Inputs!$C$52+B15)^2+Inputs!$C$52^2-2*(Inputs!$C$52+B15)*Inputs!$C$52*COS(SQRT(A15^2+Inputs!$C$6^2)/Inputs!$C$52)) | E15: =(D15-C15)*1000 | F15: =E15/Inputs!$C$12 | G15: =2*E15/Inputs!$C$21*1000000 | H15: =SQRT(A15^2+Inputs!$C$6^2) | I15: =DEGREES(ATAN(H15/B15)) | J15: =DEGREES((2*PI()/Inputs!$C$13)*Inputs!$C$15*SIN(RADIANS(I15))) | K15: =(C15/D15)^4 | L15: =10*LOG10(K15) | M15: =2*(Inputs!$C$9/(Inputs!$C$10^2))*A15 | N15: =M15*Inputs!$C$11 | O15: =1000*(D16-D14)/(A16-A14)*Inputs!$C$11 | P15: =-2*O15/Inputs!$C$13 | Q15: =-2*O15/Inputs!$C$14 | R15: =F15-Inputs!$C$16/2 | S15: =F15+Inputs!$C$16/2 | T15: =F15-Inputs!$C$17/2 | U15: =F15+Inputs!$C$17/2 | V15: =ABS(P15) | W15: =ABS(Q15) | X15: =IF(OR(Inputs!$C$27=TRUE,Inputs!$C$27="TRUE",Inputs!$C$27=1),1,0)*(Inputs!$C$51*(115*EXP(-(((0)-25)^2)/(4.5^2))+70*EXP(-(((0)+38)^2)/(7^2))*(0.55+0.45*SIN(2*PI()*(A15)/45))+24*SIN(2*PI()*(0)/9+(A15)/18)*EXP(-(((0)+5)^2)/(22^2))+18*SIN(2*PI()*(A15)/70))+Inputs!$C$28*EXP(-(((A15)-Inputs!$C$29)^2)/(2*Inputs!$C$31^2))*EXP(-(((0)-Inputs!$C$30)^2)/(2*Inputs!$C$32^2))+-Inputs!$C$33*EXP(-(((((A15)-Inputs!$C$34)^2)+(((0)-Inputs!$C$35)^2))/(2*Inputs!$C$36^2)))+Inputs!$C$37*(0.55*SIN(2*PI()*(A15)/Inputs!$C$39)+0.35*COS(2*PI()*(0)/Inputs!$C$40)+0.2*SIN(2*PI()*((A15)+(0))/(0.5*(Inputs!$C$39+Inputs!$C$40))))+Inputs!$C$38*SIN(2*PI()*(A15)/Inputs!$C$39)*SIN(2*PI()*(0)/Inputs!$C$40)+-Inputs!$C$41*EXP(-(((0)-Inputs!$C$43)^2)/(2*Inputs!$C$44^2))*EXP(-(((A15)-Inputs!$C$42)^2)/(2*Inputs!$C$45^2))+Inputs!$C$48*(0.7*(0.45*SIN(2*PI()*(((A15)/Inputs!$C$49)+Inputs!$C$47*0.137))+0.35*COS(2*PI()*(((0)/Inputs!$C$50)+Inputs!$C$47*0.173))+0.2*SIN(2*PI()*(((A15)+(0))/(0.5*(Inputs!$C$49+Inputs!$C$50))+Inputs!$C$47*0.097)))+0.3*(2*((SIN(((A15)*12.9898+(0)*78.233+Inputs!$C$47*37.719))*43758.5453)-INT((SIN(((A15)*12.9898+(0)*78.233+Inputs!$C$47*37.719))*43758.5453)))-1))) | Y15: =IF(OR(Inputs!$C$27=TRUE,Inputs!$C$27="TRUE",Inputs!$C$27=1),1,0)*(Inputs!$C$51*(115*EXP(-(((Inputs!$C$6)-25)^2)/(4.5^2))+70*EXP(-(((Inputs!$C$6)+38)^2)/(7^2))*(0.55+0.45*SIN(2*PI()*(A15)/45))+24*SIN(2*PI()*(Inputs!$C$6)/9+(A15)/18)*EXP(-(((Inputs!$C$6)+5)^2)/(22^2))+18*SIN(2*PI()*(A15)/70))+Inputs!$C$28*EXP(-(((A15)-Inputs!$C$29)^2)/(2*Inputs!$C$31^2))*EXP(-(((Inputs!$C$6)-Inputs!$C$30)^2)/(2*Inputs!$C$32^2))+-Inputs!$C$33*EXP(-(((((A15)-Inputs!$C$34)^2)+(((Inputs!$C$6)-Inputs!$C$35)^2))/(2*Inputs!$C$36^2)))+Inputs!$C$37*(0.55*SIN(2*PI()*(A15)/Inputs!$C$39)+0.35*COS(2*PI()*(Inputs!$C$6)/Inputs!$C$40)+0.2*SIN(2*PI()*((A15)+(Inputs!$C$6))/(0.5*(Inputs!$C$39+Inputs!$C$40))))+Inputs!$C$38*SIN(2*PI()*(A15)/Inputs!$C$39)*SIN(2*PI()*(Inputs!$C$6)/Inputs!$C$40)+-Inputs!$C$41*EXP(-(((Inputs!$C$6)-Inputs!$C$43)^2)/(2*Inputs!$C$44^2))*EXP(-(((A15)-Inputs!$C$42)^2)/(2*Inputs!$C$45^2))+Inputs!$C$48*(0.7*(0.45*SIN(2*PI()*(((A15)/Inputs!$C$49)+Inputs!$C$47*0.137))+0.35*COS(2*PI()*(((Inputs!$C$6)/Inputs!$C$50)+Inputs!$C$47*0.173))+0.2*SIN(2*PI()*(((A15)+(Inputs!$C$6))/(0.5*(Inputs!$C$49+Inputs!$C$50))+Inputs!$C$47*0.097)))+0.3*(2*((SIN(((A15)*12.9898+(Inputs!$C$6)*78.233+Inputs!$C$47*37.719))*43758.5453)-INT((SIN(((A15)*12.9898+(Inputs!$C$6)*78.233+Inputs!$C$47*37.719))*43758.5453)))-1))) | Z15: =B15-X15/1000 | AA15: =SQRT((Inputs!$C$52+B15)^2+(Inputs!$C$52+Y15/1000)^2-2*(Inputs!$C$52+B15)*(Inputs!$C$52+Y15/1000)*COS(SQRT(A15^2+Inputs!$C$6^2)/Inputs!$C$52)) | AB15: =(AA15-Z15)*1000 | AC15: =AB15/Inputs!$C$12 | AD15: =2*AB15/Inputs!$C$21*1000000 | AE15: =DEGREES(ATAN(H15/(B15-Y15/1000))) | AF15: =DEGREES((2*PI()/Inputs!$C$13)*Inputs!$C$15*SIN(RADIANS(AE15))) | AG15: =(Z15/AA15)^4 | AH15: =10*LOG10(AG15) | AI15: =AC15-F15 | AJ15: =AD15-G15 | AK15: =Y15-X15 | AL15: =1000*(AA16-AA14)/(A16-A14)*Inputs!$C$11 | AM15: =-2*AL15/Inputs!$C$13 | AN15: =-2*AL15/Inputs!$C$14 | AO15: =ABS(AM15) | AP15: =ABS(AN15) | AQ15: =IF(OR(Inputs!$C$27=TRUE,Inputs!$C$27="TRUE",Inputs!$C$27=1),Inputs!$C$46/Inputs!$C$12,0) | AR15: =AC15-AQ15 | AS15: =AC15+AQ15
A16: =Inputs!$C$7+14*(Inputs!$C$8-Inputs!$C$7)/240 | B16: =Inputs!$C$5+Inputs!$C$9*(A16/Inputs!$C$10)^2 | C16: =B16 | D16: =SQRT((Inputs!$C$52+B16)^2+Inputs!$C$52^2-2*(Inputs!$C$52+B16)*Inputs!$C$52*COS(SQRT(A16^2+Inputs!$C$6^2)/Inputs!$C$52)) | E16: =(D16-C16)*1000 | F16: =E16/Inputs!$C$12 | G16: =2*E16/Inputs!$C$21*1000000 | H16: =SQRT(A16^2+Inputs!$C$6^2) | I16: =DEGREES(ATAN(H16/B16)) | J16: =DEGREES((2*PI()/Inputs!$C$13)*Inputs!$C$15*SIN(RADIANS(I16))) | K16: =(C16/D16)^4 | L16: =10*LOG10(K16) | M16: =2*(Inputs!$C$9/(Inputs!$C$10^2))*A16 | N16: =M16*Inputs!$C$11 | O16: =1000*(D17-D15)/(A17-A15)*Inputs!$C$11 | P16: =-2*O16/Inputs!$C$13 | Q16: =-2*O16/Inputs!$C$14 | R16: =F16-Inputs!$C$16/2 | S16: =F16+Inputs!$C$16/2 | T16: =F16-Inputs!$C$17/2 | U16: =F16+Inputs!$C$17/2 | V16: =ABS(P16) | W16: =ABS(Q16) | X16: =IF(OR(Inputs!$C$27=TRUE,Inputs!$C$27="TRUE",Inputs!$C$27=1),1,0)*(Inputs!$C$51*(115*EXP(-(((0)-25)^2)/(4.5^2))+70*EXP(-(((0)+38)^2)/(7^2))*(0.55+0.45*SIN(2*PI()*(A16)/45))+24*SIN(2*PI()*(0)/9+(A16)/18)*EXP(-(((0)+5)^2)/(22^2))+18*SIN(2*PI()*(A16)/70))+Inputs!$C$28*EXP(-(((A16)-Inputs!$C$29)^2)/(2*Inputs!$C$31^2))*EXP(-(((0)-Inputs!$C$30)^2)/(2*Inputs!$C$32^2))+-Inputs!$C$33*EXP(-(((((A16)-Inputs!$C$34)^2)+(((0)-Inputs!$C$35)^2))/(2*Inputs!$C$36^2)))+Inputs!$C$37*(0.55*SIN(2*PI()*(A16)/Inputs!$C$39)+0.35*COS(2*PI()*(0)/Inputs!$C$40)+0.2*SIN(2*PI()*((A16)+(0))/(0.5*(Inputs!$C$39+Inputs!$C$40))))+Inputs!$C$38*SIN(2*PI()*(A16)/Inputs!$C$39)*SIN(2*PI()*(0)/Inputs!$C$40)+-Inputs!$C$41*EXP(-(((0)-Inputs!$C$43)^2)/(2*Inputs!$C$44^2))*EXP(-(((A16)-Inputs!$C$42)^2)/(2*Inputs!$C$45^2))+Inputs!$C$48*(0.7*(0.45*SIN(2*PI()*(((A16)/Inputs!$C$49)+Inputs!$C$47*0.137))+0.35*COS(2*PI()*(((0)/Inputs!$C$50)+Inputs!$C$47*0.173))+0.2*SIN(2*PI()*(((A16)+(0))/(0.5*(Inputs!$C$49+Inputs!$C$50))+Inputs!$C$47*0.097)))+0.3*(2*((SIN(((A16)*12.9898+(0)*78.233+Inputs!$C$47*37.719))*43758.5453)-INT((SIN(((A16)*12.9898+(0)*78.233+Inputs!$C$47*37.719))*43758.5453)))-1))) | Y16: =IF(OR(Inputs!$C$27=TRUE,Inputs!$C$27="TRUE",Inputs!$C$27=1),1,0)*(Inputs!$C$51*(115*EXP(-(((Inputs!$C$6)-25)^2)/(4.5^2))+70*EXP(-(((Inputs!$C$6)+38)^2)/(7^2))*(0.55+0.45*SIN(2*PI()*(A16)/45))+24*SIN(2*PI()*(Inputs!$C$6)/9+(A16)/18)*EXP(-(((Inputs!$C$6)+5)^2)/(22^2))+18*SIN(2*PI()*(A16)/70))+Inputs!$C$28*EXP(-(((A16)-Inputs!$C$29)^2)/(2*Inputs!$C$31^2))*EXP(-(((Inputs!$C$6)-Inputs!$C$30)^2)/(2*Inputs!$C$32^2))+-Inputs!$C$33*EXP(-(((((A16)-Inputs!$C$34)^2)+(((Inputs!$C$6)-Inputs!$C$35)^2))/(2*Inputs!$C$36^2)))+Inputs!$C$37*(0.55*SIN(2*PI()*(A16)/Inputs!$C$39)+0.35*COS(2*PI()*(Inputs!$C$6)/Inputs!$C$40)+0.2*SIN(2*PI()*((A16)+(Inputs!$C$6))/(0.5*(Inputs!$C$39+Inputs!$C$40))))+Inputs!$C$38*SIN(2*PI()*(A16)/Inputs!$C$39)*SIN(2*PI()*(Inputs!$C$6)/Inputs!$C$40)+-Inputs!$C$41*EXP(-(((Inputs!$C$6)-Inputs!$C$43)^2)/(2*Inputs!$C$44^2))*EXP(-(((A16)-Inputs!$C$42)^2)/(2*Inputs!$C$45^2))+Inputs!$C$48*(0.7*(0.45*SIN(2*PI()*(((A16)/Inputs!$C$49)+Inputs!$C$47*0.137))+0.35*COS(2*PI()*(((Inputs!$C$6)/Inputs!$C$50)+Inputs!$C$47*0.173))+0.2*SIN(2*PI()*(((A16)+(Inputs!$C$6))/(0.5*(Inputs!$C$49+Inputs!$C$50))+Inputs!$C$47*0.097)))+0.3*(2*((SIN(((A16)*12.9898+(Inputs!$C$6)*78.233+Inputs!$C$47*37.719))*43758.5453)-INT((SIN(((A16)*12.9898+(Inputs!$C$6)*78.233+Inputs!$C$47*37.719))*43758.5453)))-1))) | Z16: =B16-X16/1000 | AA16: =SQRT((Inputs!$C$52+B16)^2+(Inputs!$C$52+Y16/1000)^2-2*(Inputs!$C$52+B16)*(Inputs!$C$52+Y16/1000)*COS(SQRT(A16^2+Inputs!$C$6^2)/Inputs!$C$52)) | AB16: =(AA16-Z16)*1000 | AC16: =AB16/Inputs!$C$12 | AD16: =2*AB16/Inputs!$C$21*1000000 | AE16: =DEGREES(ATAN(H16/(B16-Y16/1000))) | AF16: =DEGREES((2*PI()/Inputs!$C$13)*Inputs!$C$15*SIN(RADIANS(AE16))) | AG16: =(Z16/AA16)^4 | AH16: =10*LOG10(AG16) | AI16: =AC16-F16 | AJ16: =AD16-G16 | AK16: =Y16-X16 | AL16: =1000*(AA17-AA15)/(A17-A15)*Inputs!$C$11 | AM16: =-2*AL16/Inputs!$C$13 | AN16: =-2*AL16/Inputs!$C$14 | AO16: =ABS(AM16) | AP16: =ABS(AN16) | AQ16: =IF(OR(Inputs!$C$27=TRUE,Inputs!$C$27="TRUE",Inputs!$C$27=1),Inputs!$C$46/Inputs!$C$12,0) | AR16: =AC16-AQ16 | AS16: =AC16+AQ16
A17: =Inputs!$C$7+15*(Inputs!$C$8-Inputs!$C$7)/240 | B17: =Inputs!$C$5+Inputs!$C$9*(A17/Inputs!$C$10)^2 | C17: =B17 | D17: =SQRT((Inputs!$C$52+B17)^2+Inputs!$C$52^2-2*(Inputs!$C$52+B17)*Inputs!$C$52*COS(SQRT(A17^2+Inputs!$C$6^2)/Inputs!$C$52)) | E17: =(D17-C17)*1000 | F17: =E17/Inputs!$C$12 | G17: =2*E17/Inputs!$C$21*1000000 | H17: =SQRT(A17^2+Inputs!$C$6^2) | I17: =DEGREES(ATAN(H17/B17)) | J17: =DEGREES((2*PI()/Inputs!$C$13)*Inputs!$C$15*SIN(RADIANS(I17))) | K17: =(C17/D17)^4 | L17: =10*LOG10(K17) | M17: =2*(Inputs!$C$9/(Inputs!$C$10^2))*A17 | N17: =M17*Inputs!$C$11 | O17: =1000*(D18-D16)/(A18-A16)*Inputs!$C$11 | P17: =-2*O17/Inputs!$C$13 | Q17: =-2*O17/Inputs!$C$14 | R17: =F17-Inputs!$C$16/2 | S17: =F17+Inputs!$C$16/2 | T17: =F17-Inputs!$C$17/2 | U17: =F17+Inputs!$C$17/2 | V17: =ABS(P17) | W17: =ABS(Q17) | X17: =IF(OR(Inputs!$C$27=TRUE,Inputs!$C$27="TRUE",Inputs!$C$27=1),1,0)*(Inputs!$C$51*(115*EXP(-(((0)-25)^2)/(4.5^2))+70*EXP(-(((0)+38)^2)/(7^2))*(0.55+0.45*SIN(2*PI()*(A17)/45))+24*SIN(2*PI()*(0)/9+(A17)/18)*EXP(-(((0)+5)^2)/(22^2))+18*SIN(2*PI()*(A17)/70))+Inputs!$C$28*EXP(-(((A17)-Inputs!$C$29)^2)/(2*Inputs!$C$31^2))*EXP(-(((0)-Inputs!$C$30)^2)/(2*Inputs!$C$32^2))+-Inputs!$C$33*EXP(-(((((A17)-Inputs!$C$34)^2)+(((0)-Inputs!$C$35)^2))/(2*Inputs!$C$36^2)))+Inputs!$C$37*(0.55*SIN(2*PI()*(A17)/Inputs!$C$39)+0.35*COS(2*PI()*(0)/Inputs!$C$40)+0.2*SIN(2*PI()*((A17)+(0))/(0.5*(Inputs!$C$39+Inputs!$C$40))))+Inputs!$C$38*SIN(2*PI()*(A17)/Inputs!$C$39)*SIN(2*PI()*(0)/Inputs!$C$40)+-Inputs!$C$41*EXP(-(((0)-Inputs!$C$43)^2)/(2*Inputs!$C$44^2))*EXP(-(((A17)-Inputs!$C$42)^2)/(2*Inputs!$C$45^2))+Inputs!$C$48*(0.7*(0.45*SIN(2*PI()*(((A17)/Inputs!$C$49)+Inputs!$C$47*0.137))+0.35*COS(2*PI()*(((0)/Inputs!$C$50)+Inputs!$C$47*0.173))+0.2*SIN(2*PI()*(((A17)+(0))/(0.5*(Inputs!$C$49+Inputs!$C$50))+Inputs!$C$47*0.097)))+0.3*(2*((SIN(((A17)*12.9898+(0)*78.233+Inputs!$C$47*37.719))*43758.5453)-INT((SIN(((A17)*12.9898+(0)*78.233+Inputs!$C$47*37.719))*43758.5453)))-1))) | Y17: =IF(OR(Inputs!$C$27=TRUE,Inputs!$C$27="TRUE",Inputs!$C$27=1),1,0)*(Inputs!$C$51*(115*EXP(-(((Inputs!$C$6)-25)^2)/(4.5^2))+70*EXP(-(((Inputs!$C$6)+38)^2)/(7^2))*(0.55+0.45*SIN(2*PI()*(A17)/45))+24*SIN(2*PI()*(Inputs!$C$6)/9+(A17)/18)*EXP(-(((Inputs!$C$6)+5)^2)/(22^2))+18*SIN(2*PI()*(A17)/70))+Inputs!$C$28*EXP(-(((A17)-Inputs!$C$29)^2)/(2*Inputs!$C$31^2))*EXP(-(((Inputs!$C$6)-Inputs!$C$30)^2)/(2*Inputs!$C$32^2))+-Inputs!$C$33*EXP(-(((((A17)-Inputs!$C$34)^2)+(((Inputs!$C$6)-Inputs!$C$35)^2))/(2*Inputs!$C$36^2)))+Inputs!$C$37*(0.55*SIN(2*PI()*(A17)/Inputs!$C$39)+0.35*COS(2*PI()*(Inputs!$C$6)/Inputs!$C$40)+0.2*SIN(2*PI()*((A17)+(Inputs!$C$6))/(0.5*(Inputs!$C$39+Inputs!$C$40))))+Inputs!$C$38*SIN(2*PI()*(A17)/Inputs!$C$39)*SIN(2*PI()*(Inputs!$C$6)/Inputs!$C$40)+-Inputs!$C$41*EXP(-(((Inputs!$C$6)-Inputs!$C$43)^2)/(2*Inputs!$C$44^2))*EXP(-(((A17)-Inputs!$C$42)^2)/(2*Inputs!$C$45^2))+Inputs!$C$48*(0.7*(0.45*SIN(2*PI()*(((A17)/Inputs!$C$49)+Inputs!$C$47*0.137))+0.35*COS(2*PI()*(((Inputs!$C$6)/Inputs!$C$50)+Inputs!$C$47*0.173))+0.2*SIN(2*PI()*(((A17)+(Inputs!$C$6))/(0.5*(Inputs!$C$49+Inputs!$C$50))+Inputs!$C$47*0.097)))+0.3*(2*((SIN(((A17)*12.9898+(Inputs!$C$6)*78.233+Inputs!$C$47*37.719))*43758.5453)-INT((SIN(((A17)*12.9898+(Inputs!$C$6)*78.233+Inputs!$C$47*37.719))*43758.5453)))-1))) | Z17: =B17-X17/1000 | AA17: =SQRT((Inputs!$C$52+B17)^2+(Inputs!$C$52+Y17/1000)^2-2*(Inputs!$C$52+B17)*(Inputs!$C$52+Y17/1000)*COS(SQRT(A17^2+Inputs!$C$6^2)/Inputs!$C$52)) | AB17: =(AA17-Z17)*1000 | AC17: =AB17/Inputs!$C$12 | AD17: =2*AB17/Inputs!$C$21*1000000 | AE17: =DEGREES(ATAN(H17/(B17-Y17/1000))) | AF17: =DEGREES((2*PI()/Inputs!$C$13)*Inputs!$C$15*SIN(RADIANS(AE17))) | AG17: =(Z17/AA17)^4 | AH17: =10*LOG10(AG17) | AI17: =AC17-F17 | AJ17: =AD17-G17 | AK17: =Y17-X17 | AL17: =1000*(AA18-AA16)/(A18-A16)*Inputs!$C$11 | AM17: =-2*AL17/Inputs!$C$13 | AN17: =-2*AL17/Inputs!$C$14 | AO17: =ABS(AM17) | AP17: =ABS(AN17) | AQ17: =IF(OR(Inputs!$C$27=TRUE,Inputs!$C$27="TRUE",Inputs!$C$27=1),Inputs!$C$46/Inputs!$C$12,0) | AR17: =AC17-AQ17 | AS17: =AC17+AQ17
A18: =Inputs!$C$7+16*(Inputs!$C$8-Inputs!$C$7)/240 | B18: =Inputs!$C$5+Inputs!$C$9*(A18/Inputs!$C$10)^2 | C18: =B18 | D18: =SQRT((Inputs!$C$52+B18)^2+Inputs!$C$52^2-2*(Inputs!$C$52+B18)*Inputs!$C$52*COS(SQRT(A18^2+Inputs!$C$6^2)/Inputs!$C$52)) | E18: =(D18-C18)*1000 | F18: =E18/Inputs!$C$12 | G18: =2*E18/Inputs!$C$21*1000000 | H18: =SQRT(A18^2+Inputs!$C$6^2) | I18: =DEGREES(ATAN(H18/B18)) | J18: =DEGREES((2*PI()/Inputs!$C$13)*Inputs!$C$15*SIN(RADIANS(I18))) | K18: =(C18/D18)^4 | L18: =10*LOG10(K18) | M18: =2*(Inputs!$C$9/(Inputs!$C$10^2))*A18 | N18: =M18*Inputs!$C$11 | O18: =1000*(D19-D17)/(A19-A17)*Inputs!$C$11 | P18: =-2*O18/Inputs!$C$13 | Q18: =-2*O18/Inputs!$C$14 | R18: =F18-Inputs!$C$16/2 | S18: =F18+Inputs!$C$16/2 | T18: =F18-Inputs!$C$17/2 | U18: =F18+Inputs!$C$17/2 | V18: =ABS(P18) | W18: =ABS(Q18) | X18: =IF(OR(Inputs!$C$27=TRUE,Inputs!$C$27="TRUE",Inputs!$C$27=1),1,0)*(Inputs!$C$51*(115*EXP(-(((0)-25)^2)/(4.5^2))+70*EXP(-(((0)+38)^2)/(7^2))*(0.55+0.45*SIN(2*PI()*(A18)/45))+24*SIN(2*PI()*(0)/9+(A18)/18)*EXP(-(((0)+5)^2)/(22^2))+18*SIN(2*PI()*(A18)/70))+Inputs!$C$28*EXP(-(((A18)-Inputs!$C$29)^2)/(2*Inputs!$C$31^2))*EXP(-(((0)-Inputs!$C$30)^2)/(2*Inputs!$C$32^2))+-Inputs!$C$33*EXP(-(((((A18)-Inputs!$C$34)^2)+(((0)-Inputs!$C$35)^2))/(2*Inputs!$C$36^2)))+Inputs!$C$37*(0.55*SIN(2*PI()*(A18)/Inputs!$C$39)+0.35*COS(2*PI()*(0)/Inputs!$C$40)+0.2*SIN(2*PI()*((A18)+(0))/(0.5*(Inputs!$C$39+Inputs!$C$40))))+Inputs!$C$38*SIN(2*PI()*(A18)/Inputs!$C$39)*SIN(2*PI()*(0)/Inputs!$C$40)+-Inputs!$C$41*EXP(-(((0)-Inputs!$C$43)^2)/(2*Inputs!$C$44^2))*EXP(-(((A18)-Inputs!$C$42)^2)/(2*Inputs!$C$45^2))+Inputs!$C$48*(0.7*(0.45*SIN(2*PI()*(((A18)/Inputs!$C$49)+Inputs!$C$47*0.137))+0.35*COS(2*PI()*(((0)/Inputs!$C$50)+Inputs!$C$47*0.173))+0.2*SIN(2*PI()*(((A18)+(0))/(0.5*(Inputs!$C$49+Inputs!$C$50))+Inputs!$C$47*0.097)))+0.3*(2*((SIN(((A18)*12.9898+(0)*78.233+Inputs!$C$47*37.719))*43758.5453)-INT((SIN(((A18)*12.9898+(0)*78.233+Inputs!$C$47*37.719))*43758.5453)))-1))) | Y18: =IF(OR(Inputs!$C$27=TRUE,Inputs!$C$27="TRUE",Inputs!$C$27=1),1,0)*(Inputs!$C$51*(115*EXP(-(((Inputs!$C$6)-25)^2)/(4.5^2))+70*EXP(-(((Inputs!$C$6)+38)^2)/(7^2))*(0.55+0.45*SIN(2*PI()*(A18)/45))+24*SIN(2*PI()*(Inputs!$C$6)/9+(A18)/18)*EXP(-(((Inputs!$C$6)+5)^2)/(22^2))+18*SIN(2*PI()*(A18)/70))+Inputs!$C$28*EXP(-(((A18)-Inputs!$C$29)^2)/(2*Inputs!$C$31^2))*EXP(-(((Inputs!$C$6)-Inputs!$C$30)^2)/(2*Inputs!$C$32^2))+-Inputs!$C$33*EXP(-(((((A18)-Inputs!$C$34)^2)+(((Inputs!$C$6)-Inputs!$C$35)^2))/(2*Inputs!$C$36^2)))+Inputs!$C$37*(0.55*SIN(2*PI()*(A18)/Inputs!$C$39)+0.35*COS(2*PI()*(Inputs!$C$6)/Inputs!$C$40)+0.2*SIN(2*PI()*((A18)+(Inputs!$C$6))/(0.5*(Inputs!$C$39+Inputs!$C$40))))+Inputs!$C$38*SIN(2*PI()*(A18)/Inputs!$C$39)*SIN(2*PI()*(Inputs!$C$6)/Inputs!$C$40)+-Inputs!$C$41*EXP(-(((Inputs!$C$6)-Inputs!$C$43)^2)/(2*Inputs!$C$44^2))*EXP(-(((A18)-Inputs!$C$42)^2)/(2*Inputs!$C$45^2))+Inputs!$C$48*(0.7*(0.45*SIN(2*PI()*(((A18)/Inputs!$C$49)+Inputs!$C$47*0.137))+0.35*COS(2*PI()*(((Inputs!$C$6)/Inputs!$C$50)+Inputs!$C$47*0.173))+0.2*SIN(2*PI()*(((A18)+(Inputs!$C$6))/(0.5*(Inputs!$C$49+Inputs!$C$50))+Inputs!$C$47*0.097)))+0.3*(2*((SIN(((A18)*12.9898+(Inputs!$C$6)*78.233+Inputs!$C$47*37.719))*43758.5453)-INT((SIN(((A18)*12.9898+(Inputs!$C$6)*78.233+Inputs!$C$47*37.719))*43758.5453)))-1))) | Z18: =B18-X18/1000 | AA18: =SQRT((Inputs!$C$52+B18)^2+(Inputs!$C$52+Y18/1000)^2-2*(Inputs!$C$52+B18)*(Inputs!$C$52+Y18/1000)*COS(SQRT(A18^2+Inputs!$C$6^2)/Inputs!$C$52)) | AB18: =(AA18-Z18)*1000 | AC18: =AB18/Inputs!$C$12 | AD18: =2*AB18/Inputs!$C$21*1000000 | AE18: =DEGREES(ATAN(H18/(B18-Y18/1000))) | AF18: =DEGREES((2*PI()/Inputs!$C$13)*Inputs!$C$15*SIN(RADIANS(AE18))) | AG18: =(Z18/AA18)^4 | AH18: =10*LOG10(AG18) | AI18: =AC18-F18 | AJ18: =AD18-G18 | AK18: =Y18-X18 | AL18: =1000*(AA19-AA17)/(A19-A17)*Inputs!$C$11 | AM18: =-2*AL18/Inputs!$C$13 | AN18: =-2*AL18/Inputs!$C$14 | AO18: =ABS(AM18) | AP18: =ABS(AN18) | AQ18: =IF(OR(Inputs!$C$27=TRUE,Inputs!$C$27="TRUE",Inputs!$C$27=1),Inputs!$C$46/Inputs!$C$12,0) | AR18: =AC18-AQ18 | AS18: =AC18+AQ18
A19: =Inputs!$C$7+17*(Inputs!$C$8-Inputs!$C$7)/240 | B19: =Inputs!$C$5+Inputs!$C$9*(A19/Inputs!$C$10)^2 | C19: =B19 | D19: =SQRT((Inputs!$C$52+B19)^2+Inputs!$C$52^2-2*(Inputs!$C$52+B19)*Inputs!$C$52*COS(SQRT(A19^2+Inputs!$C$6^2)/Inputs!$C$52)) | E19: =(D19-C19)*1000 | F19: =E19/Inputs!$C$12 | G19: =2*E19/Inputs!$C$21*1000000 | H19: =SQRT(A19^2+Inputs!$C$6^2) | I19: =DEGREES(ATAN(H19/B19)) | J19: =DEGREES((2*PI()/Inputs!$C$13)*Inputs!$C$15*SIN(RADIANS(I19))) | K19: =(C19/D19)^4 | L19: =10*LOG10(K19) | M19: =2*(Inputs!$C$9/(Inputs!$C$10^2))*A19 | N19: =M19*Inputs!$C$11 | O19: =1000*(D20-D18)/(A20-A18)*Inputs!$C$11 | P19: =-2*O19/Inputs!$C$13 | Q19: =-2*O19/Inputs!$C$14 | R19: =F19-Inputs!$C$16/2 | S19: =F19+Inputs!$C$16/2 | T19: =F19-Inputs!$C$17/2 | U19: =F19+Inputs!$C$17/2 | V19: =ABS(P19) | W19: =ABS(Q19) | X19: =IF(OR(Inputs!$C$27=TRUE,Inputs!$C$27="TRUE",Inputs!$C$27=1),1,0)*(Inputs!$C$51*(115*EXP(-(((0)-25)^2)/(4.5^2))+70*EXP(-(((0)+38)^2)/(7^2))*(0.55+0.45*SIN(2*PI()*(A19)/45))+24*SIN(2*PI()*(0)/9+(A19)/18)*EXP(-(((0)+5)^2)/(22^2))+18*SIN(2*PI()*(A19)/70))+Inputs!$C$28*EXP(-(((A19)-Inputs!$C$29)^2)/(2*Inputs!$C$31^2))*EXP(-(((0)-Inputs!$C$30)^2)/(2*Inputs!$C$32^2))+-Inputs!$C$33*EXP(-(((((A19)-Inputs!$C$34)^2)+(((0)-Inputs!$C$35)^2))/(2*Inputs!$C$36^2)))+Inputs!$C$37*(0.55*SIN(2*PI()*(A19)/Inputs!$C$39)+0.35*COS(2*PI()*(0)/Inputs!$C$40)+0.2*SIN(2*PI()*((A19)+(0))/(0.5*(Inputs!$C$39+Inputs!$C$40))))+Inputs!$C$38*SIN(2*PI()*(A19)/Inputs!$C$39)*SIN(2*PI()*(0)/Inputs!$C$40)+-Inputs!$C$41*EXP(-(((0)-Inputs!$C$43)^2)/(2*Inputs!$C$44^2))*EXP(-(((A19)-Inputs!$C$42)^2)/(2*Inputs!$C$45^2))+Inputs!$C$48*(0.7*(0.45*SIN(2*PI()*(((A19)/Inputs!$C$49)+Inputs!$C$47*0.137))+0.35*COS(2*PI()*(((0)/Inputs!$C$50)+Inputs!$C$47*0.173))+0.2*SIN(2*PI()*(((A19)+(0))/(0.5*(Inputs!$C$49+Inputs!$C$50))+Inputs!$C$47*0.097)))+0.3*(2*((SIN(((A19)*12.9898+(0)*78.233+Inputs!$C$47*37.719))*43758.5453)-INT((SIN(((A19)*12.9898+(0)*78.233+Inputs!$C$47*37.719))*43758.5453)))-1))) | Y19: =IF(OR(Inputs!$C$27=TRUE,Inputs!$C$27="TRUE",Inputs!$C$27=1),1,0)*(Inputs!$C$51*(115*EXP(-(((Inputs!$C$6)-25)^2)/(4.5^2))+70*EXP(-(((Inputs!$C$6)+38)^2)/(7^2))*(0.55+0.45*SIN(2*PI()*(A19)/45))+24*SIN(2*PI()*(Inputs!$C$6)/9+(A19)/18)*EXP(-(((Inputs!$C$6)+5)^2)/(22^2))+18*SIN(2*PI()*(A19)/70))+Inputs!$C$28*EXP(-(((A19)-Inputs!$C$29)^2)/(2*Inputs!$C$31^2))*EXP(-(((Inputs!$C$6)-Inputs!$C$30)^2)/(2*Inputs!$C$32^2))+-Inputs!$C$33*EXP(-(((((A19)-Inputs!$C$34)^2)+(((Inputs!$C$6)-Inputs!$C$35)^2))/(2*Inputs!$C$36^2)))+Inputs!$C$37*(0.55*SIN(2*PI()*(A19)/Inputs!$C$39)+0.35*COS(2*PI()*(Inputs!$C$6)/Inputs!$C$40)+0.2*SIN(2*PI()*((A19)+(Inputs!$C$6))/(0.5*(Inputs!$C$39+Inputs!$C$40))))+Inputs!$C$38*SIN(2*PI()*(A19)/Inputs!$C$39)*SIN(2*PI()*(Inputs!$C$6)/Inputs!$C$40)+-Inputs!$C$41*EXP(-(((Inputs!$C$6)-Inputs!$C$43)^2)/(2*Inputs!$C$44^2))*EXP(-(((A19)-Inputs!$C$42)^2)/(2*Inputs!$C$45^2))+Inputs!$C$48*(0.7*(0.45*SIN(2*PI()*(((A19)/Inputs!$C$49)+Inputs!$C$47*0.137))+0.35*COS(2*PI()*(((Inputs!$C$6)/Inputs!$C$50)+Inputs!$C$47*0.173))+0.2*SIN(2*PI()*(((A19)+(Inputs!$C$6))/(0.5*(Inputs!$C$49+Inputs!$C$50))+Inputs!$C$47*0.097)))+0.3*(2*((SIN(((A19)*12.9898+(Inputs!$C$6)*78.233+Inputs!$C$47*37.719))*43758.5453)-INT((SIN(((A19)*12.9898+(Inputs!$C$6)*78.233+Inputs!$C$47*37.719))*43758.5453)))-1))) | Z19: =B19-X19/1000 | AA19: =SQRT((Inputs!$C$52+B19)^2+(Inputs!$C$52+Y19/1000)^2-2*(Inputs!$C$52+B19)*(Inputs!$C$52+Y19/1000)*COS(SQRT(A19^2+Inputs!$C$6^2)/Inputs!$C$52)) | AB19: =(AA19-Z19)*1000 | AC19: =AB19/Inputs!$C$12 | AD19: =2*AB19/Inputs!$C$21*1000000 | AE19: =DEGREES(ATAN(H19/(B19-Y19/1000))) | AF19: =DEGREES((2*PI()/Inputs!$C$13)*Inputs!$C$15*SIN(RADIANS(AE19))) | AG19: =(Z19/AA19)^4 | AH19: =10*LOG10(AG19) | AI19: =AC19-F19 | AJ19: =AD19-G19 | AK19: =Y19-X19 | AL19: =1000*(AA20-AA18)/(A20-A18)*Inputs!$C$11 | AM19: =-2*AL19/Inputs!$C$13 | AN19: =-2*AL19/Inputs!$C$14 | AO19: =ABS(AM19) | AP19: =ABS(AN19) | AQ19: =IF(OR(Inputs!$C$27=TRUE,Inputs!$C$27="TRUE",Inputs!$C$27=1),Inputs!$C$46/Inputs!$C$12,0) | AR19: =AC19-AQ19 | AS19: =AC19+AQ19
A20: =Inputs!$C$7+18*(Inputs!$C$8-Inputs!$C$7)/240 | B20: =Inputs!$C$5+Inputs!$C$9*(A20/Inputs!$C$10)^2 | C20: =B20 | D20: =SQRT((Inputs!$C$52+B20)^2+Inputs!$C$52^2-2*(Inputs!$C$52+B20)*Inputs!$C$52*COS(SQRT(A20^2+Inputs!$C$6^2)/Inputs!$C$52)) | E20: =(D20-C20)*1000 | F20: =E20/Inputs!$C$12 | G20: =2*E20/Inputs!$C$21*1000000 | H20: =SQRT(A20^2+Inputs!$C$6^2) | I20: =DEGREES(ATAN(H20/B20)) | J20: =DEGREES((2*PI()/Inputs!$C$13)*Inputs!$C$15*SIN(RADIANS(I20))) | K20: =(C20/D20)^4 | L20: =10*LOG10(K20) | M20: =2*(Inputs!$C$9/(Inputs!$C$10^2))*A20 | N20: =M20*Inputs!$C$11 | O20: =1000*(D21-D19)/(A21-A19)*Inputs!$C$11 | P20: =-2*O20/Inputs!$C$13 | Q20: =-2*O20/Inputs!$C$14 | R20: =F20-Inputs!$C$16/2 | S20: =F20+Inputs!$C$16/2 | T20: =F20-Inputs!$C$17/2 | U20: =F20+Inputs!$C$17/2 | V20: =ABS(P20) | W20: =ABS(Q20) | X20: =IF(OR(Inputs!$C$27=TRUE,Inputs!$C$27="TRUE",Inputs!$C$27=1),1,0)*(Inputs!$C$51*(115*EXP(-(((0)-25)^2)/(4.5^2))+70*EXP(-(((0)+38)^2)/(7^2))*(0.55+0.45*SIN(2*PI()*(A20)/45))+24*SIN(2*PI()*(0)/9+(A20)/18)*EXP(-(((0)+5)^2)/(22^2))+18*SIN(2*PI()*(A20)/70))+Inputs!$C$28*EXP(-(((A20)-Inputs!$C$29)^2)/(2*Inputs!$C$31^2))*EXP(-(((0)-Inputs!$C$30)^2)/(2*Inputs!$C$32^2))+-Inputs!$C$33*EXP(-(((((A20)-Inputs!$C$34)^2)+(((0)-Inputs!$C$35)^2))/(2*Inputs!$C$36^2)))+Inputs!$C$37*(0.55*SIN(2*PI()*(A20)/Inputs!$C$39)+0.35*COS(2*PI()*(0)/Inputs!$C$40)+0.2*SIN(2*PI()*((A20)+(0))/(0.5*(Inputs!$C$39+Inputs!$C$40))))+Inputs!$C$38*SIN(2*PI()*(A20)/Inputs!$C$39)*SIN(2*PI()*(0)/Inputs!$C$40)+-Inputs!$C$41*EXP(-(((0)-Inputs!$C$43)^2)/(2*Inputs!$C$44^2))*EXP(-(((A20)-Inputs!$C$42)^2)/(2*Inputs!$C$45^2))+Inputs!$C$48*(0.7*(0.45*SIN(2*PI()*(((A20)/Inputs!$C$49)+Inputs!$C$47*0.137))+0.35*COS(2*PI()*(((0)/Inputs!$C$50)+Inputs!$C$47*0.173))+0.2*SIN(2*PI()*(((A20)+(0))/(0.5*(Inputs!$C$49+Inputs!$C$50))+Inputs!$C$47*0.097)))+0.3*(2*((SIN(((A20)*12.9898+(0)*78.233+Inputs!$C$47*37.719))*43758.5453)-INT((SIN(((A20)*12.9898+(0)*78.233+Inputs!$C$47*37.719))*43758.5453)))-1))) | Y20: =IF(OR(Inputs!$C$27=TRUE,Inputs!$C$27="TRUE",Inputs!$C$27=1),1,0)*(Inputs!$C$51*(115*EXP(-(((Inputs!$C$6)-25)^2)/(4.5^2))+70*EXP(-(((Inputs!$C$6)+38)^2)/(7^2))*(0.55+0.45*SIN(2*PI()*(A20)/45))+24*SIN(2*PI()*(Inputs!$C$6)/9+(A20)/18)*EXP(-(((Inputs!$C$6)+5)^2)/(22^2))+18*SIN(2*PI()*(A20)/70))+Inputs!$C$28*EXP(-(((A20)-Inputs!$C$29)^2)/(2*Inputs!$C$31^2))*EXP(-(((Inputs!$C$6)-Inputs!$C$30)^2)/(2*Inputs!$C$32^2))+-Inputs!$C$33*EXP(-(((((A20)-Inputs!$C$34)^2)+(((Inputs!$C$6)-Inputs!$C$35)^2))/(2*Inputs!$C$36^2)))+Inputs!$C$37*(0.55*SIN(2*PI()*(A20)/Inputs!$C$39)+0.35*COS(2*PI()*(Inputs!$C$6)/Inputs!$C$40)+0.2*SIN(2*PI()*((A20)+(Inputs!$C$6))/(0.5*(Inputs!$C$39+Inputs!$C$40))))+Inputs!$C$38*SIN(2*PI()*(A20)/Inputs!$C$39)*SIN(2*PI()*(Inputs!$C$6)/Inputs!$C$40)+-Inputs!$C$41*EXP(-(((Inputs!$C$6)-Inputs!$C$43)^2)/(2*Inputs!$C$44^2))*EXP(-(((A20)-Inputs!$C$42)^2)/(2*Inputs!$C$45^2))+Inputs!$C$48*(0.7*(0.45*SIN(2*PI()*(((A20)/Inputs!$C$49)+Inputs!$C$47*0.137))+0.35*COS(2*PI()*(((Inputs!$C$6)/Inputs!$C$50)+Inputs!$C$47*0.173))+0.2*SIN(2*PI()*(((A20)+(Inputs!$C$6))/(0.5*(Inputs!$C$49+Inputs!$C$50))+Inputs!$C$47*0.097)))+0.3*(2*((SIN(((A20)*12.9898+(Inputs!$C$6)*78.233+Inputs!$C$47*37.719))*43758.5453)-INT((SIN(((A20)*12.9898+(Inputs!$C$6)*78.233+Inputs!$C$47*37.719))*43758.5453)))-1))) | Z20: =B20-X20/1000 | AA20: =SQRT((Inputs!$C$52+B20)^2+(Inputs!$C$52+Y20/1000)^2-2*(Inputs!$C$52+B20)*(Inputs!$C$52+Y20/1000)*COS(SQRT(A20^2+Inputs!$C$6^2)/Inputs!$C$52)) | AB20: =(AA20-Z20)*1000 | AC20: =AB20/Inputs!$C$12 | AD20: =2*AB20/Inputs!$C$21*1000000 | AE20: =DEGREES(ATAN(H20/(B20-Y20/1000))) | AF20: =DEGREES((2*PI()/Inputs!$C$13)*Inputs!$C$15*SIN(RADIANS(AE20))) | AG20: =(Z20/AA20)^4 | AH20: =10*LOG10(AG20) | AI20: =AC20-F20 | AJ20: =AD20-G20 | AK20: =Y20-X20 | AL20: =1000*(AA21-AA19)/(A21-A19)*Inputs!$C$11 | AM20: =-2*AL20/Inputs!$C$13 | AN20: =-2*AL20/Inputs!$C$14 | AO20: =ABS(AM20) | AP20: =ABS(AN20) | AQ20: =IF(OR(Inputs!$C$27=TRUE,Inputs!$C$27="TRUE",Inputs!$C$27=1),Inputs!$C$46/Inputs!$C$12,0) | AR20: =AC20-AQ20 | AS20: =AC20+AQ20
A21: =Inputs!$C$7+19*(Inputs!$C$8-Inputs!$C$7)/240 | B21: =Inputs!$C$5+Inputs!$C$9*(A21/Inputs!$C$10)^2 | C21: =B21 | D21: =SQRT((Inputs!$C$52+B21)^2+Inputs!$C$52^2-2*(Inputs!$C$52+B21)*Inputs!$C$52*COS(SQRT(A21^2+Inputs!$C$6^2)/Inputs!$C$52)) | E21: =(D21-C21)*1000 | F21: =E21/Inputs!$C$12 | G21: =2*E21/Inputs!$C$21*1000000 | H21: =SQRT(A21^2+Inputs!$C$6^2) | I21: =DEGREES(ATAN(H21/B21)) | J21: =DEGREES((2*PI()/Inputs!$C$13)*Inputs!$C$15*SIN(RADIANS(I21))) | K21: =(C21/D21)^4 | L21: =10*LOG10(K21) | M21: =2*(Inputs!$C$9/(Inputs!$C$10^2))*A21 | N21: =M21*Inputs!$C$11 | O21: =1000*(D22-D20)/(A22-A20)*Inputs!$C$11 | P21: =-2*O21/Inputs!$C$13 | Q21: =-2*O21/Inputs!$C$14 | R21: =F21-Inputs!$C$16/2 | S21: =F21+Inputs!$C$16/2 | T21: =F21-Inputs!$C$17/2 | U21: =F21+Inputs!$C$17/2 | V21: =ABS(P21) | W21: =ABS(Q21) | X21: =IF(OR(Inputs!$C$27=TRUE,Inputs!$C$27="TRUE",Inputs!$C$27=1),1,0)*(Inputs!$C$51*(115*EXP(-(((0)-25)^2)/(4.5^2))+70*EXP(-(((0)+38)^2)/(7^2))*(0.55+0.45*SIN(2*PI()*(A21)/45))+24*SIN(2*PI()*(0)/9+(A21)/18)*EXP(-(((0)+5)^2)/(22^2))+18*SIN(2*PI()*(A21)/70))+Inputs!$C$28*EXP(-(((A21)-Inputs!$C$29)^2)/(2*Inputs!$C$31^2))*EXP(-(((0)-Inputs!$C$30)^2)/(2*Inputs!$C$32^2))+-Inputs!$C$33*EXP(-(((((A21)-Inputs!$C$34)^2)+(((0)-Inputs!$C$35)^2))/(2*Inputs!$C$36^2)))+Inputs!$C$37*(0.55*SIN(2*PI()*(A21)/Inputs!$C$39)+0.35*COS(2*PI()*(0)/Inputs!$C$40)+0.2*SIN(2*PI()*((A21)+(0))/(0.5*(Inputs!$C$39+Inputs!$C$40))))+Inputs!$C$38*SIN(2*PI()*(A21)/Inputs!$C$39)*SIN(2*PI()*(0)/Inputs!$C$40)+-Inputs!$C$41*EXP(-(((0)-Inputs!$C$43)^2)/(2*Inputs!$C$44^2))*EXP(-(((A21)-Inputs!$C$42)^2)/(2*Inputs!$C$45^2))+Inputs!$C$48*(0.7*(0.45*SIN(2*PI()*(((A21)/Inputs!$C$49)+Inputs!$C$47*0.137))+0.35*COS(2*PI()*(((0)/Inputs!$C$50)+Inputs!$C$47*0.173))+0.2*SIN(2*PI()*(((A21)+(0))/(0.5*(Inputs!$C$49+Inputs!$C$50))+Inputs!$C$47*0.097)))+0.3*(2*((SIN(((A21)*12.9898+(0)*78.233+Inputs!$C$47*37.719))*43758.5453)-INT((SIN(((A21)*12.9898+(0)*78.233+Inputs!$C$47*37.719))*43758.5453)))-1))) | Y21: =IF(OR(Inputs!$C$27=TRUE,Inputs!$C$27="TRUE",Inputs!$C$27=1),1,0)*(Inputs!$C$51*(115*EXP(-(((Inputs!$C$6)-25)^2)/(4.5^2))+70*EXP(-(((Inputs!$C$6)+38)^2)/(7^2))*(0.55+0.45*SIN(2*PI()*(A21)/45))+24*SIN(2*PI()*(Inputs!$C$6)/9+(A21)/18)*EXP(-(((Inputs!$C$6)+5)^2)/(22^2))+18*SIN(2*PI()*(A21)/70))+Inputs!$C$28*EXP(-(((A21)-Inputs!$C$29)^2)/(2*Inputs!$C$31^2))*EXP(-(((Inputs!$C$6)-Inputs!$C$30)^2)/(2*Inputs!$C$32^2))+-Inputs!$C$33*EXP(-(((((A21)-Inputs!$C$34)^2)+(((Inputs!$C$6)-Inputs!$C$35)^2))/(2*Inputs!$C$36^2)))+Inputs!$C$37*(0.55*SIN(2*PI()*(A21)/Inputs!$C$39)+0.35*COS(2*PI()*(Inputs!$C$6)/Inputs!$C$40)+0.2*SIN(2*PI()*((A21)+(Inputs!$C$6))/(0.5*(Inputs!$C$39+Inputs!$C$40))))+Inputs!$C$38*SIN(2*PI()*(A21)/Inputs!$C$39)*SIN(2*PI()*(Inputs!$C$6)/Inputs!$C$40)+-Inputs!$C$41*EXP(-(((Inputs!$C$6)-Inputs!$C$43)^2)/(2*Inputs!$C$44^2))*EXP(-(((A21)-Inputs!$C$42)^2)/(2*Inputs!$C$45^2))+Inputs!$C$48*(0.7*(0.45*SIN(2*PI()*(((A21)/Inputs!$C$49)+Inputs!$C$47*0.137))+0.35*COS(2*PI()*(((Inputs!$C$6)/Inputs!$C$50)+Inputs!$C$47*0.173))+0.2*SIN(2*PI()*(((A21)+(Inputs!$C$6))/(0.5*(Inputs!$C$49+Inputs!$C$50))+Inputs!$C$47*0.097)))+0.3*(2*((SIN(((A21)*12.9898+(Inputs!$C$6)*78.233+Inputs!$C$47*37.719))*43758.5453)-INT((SIN(((A21)*12.9898+(Inputs!$C$6)*78.233+Inputs!$C$47*37.719))*43758.5453)))-1))) | Z21: =B21-X21/1000 | AA21: =SQRT((Inputs!$C$52+B21)^2+(Inputs!$C$52+Y21/1000)^2-2*(Inputs!$C$52+B21)*(Inputs!$C$52+Y21/1000)*COS(SQRT(A21^2+Inputs!$C$6^2)/Inputs!$C$52)) | AB21: =(AA21-Z21)*1000 | AC21: =AB21/Inputs!$C$12 | AD21: =2*AB21/Inputs!$C$21*1000000 | AE21: =DEGREES(ATAN(H21/(B21-Y21/1000))) | AF21: =DEGREES((2*PI()/Inputs!$C$13)*Inputs!$C$15*SIN(RADIANS(AE21))) | AG21: =(Z21/AA21)^4 | AH21: =10*LOG10(AG21) | AI21: =AC21-F21 | AJ21: =AD21-G21 | AK21: =Y21-X21 | AL21: =1000*(AA22-AA20)/(A22-A20)*Inputs!$C$11 | AM21: =-2*AL21/Inputs!$C$13 | AN21: =-2*AL21/Inputs!$C$14 | AO21: =ABS(AM21) | AP21: =ABS(AN21) | AQ21: =IF(OR(Inputs!$C$27=TRUE,Inputs!$C$27="TRUE",Inputs!$C$27=1),Inputs!$C$46/Inputs!$C$12,0) | AR21: =AC21-AQ21 | AS21: =AC21+AQ21
A22: =Inputs!$C$7+20*(Inputs!$C$8-Inputs!$C$7)/240 | B22: =Inputs!$C$5+Inputs!$C$9*(A22/Inputs!$C$10)^2 | C22: =B22 | D22: =SQRT((Inputs!$C$52+B22)^2+Inputs!$C$52^2-2*(Inputs!$C$52+B22)*Inputs!$C$52*COS(SQRT(A22^2+Inputs!$C$6^2)/Inputs!$C$52)) | E22: =(D22-C22)*1000 | F22: =E22/Inputs!$C$12 | G22: =2*E22/Inputs!$C$21*1000000 | H22: =SQRT(A22^2+Inputs!$C$6^2) | I22: =DEGREES(ATAN(H22/B22)) | J22: =DEGREES((2*PI()/Inputs!$C$13)*Inputs!$C$15*SIN(RADIANS(I22))) | K22: =(C22/D22)^4 | L22: =10*LOG10(K22) | M22: =2*(Inputs!$C$9/(Inputs!$C$10^2))*A22 | N22: =M22*Inputs!$C$11 | O22: =1000*(D23-D21)/(A23-A21)*Inputs!$C$11 | P22: =-2*O22/Inputs!$C$13 | Q22: =-2*O22/Inputs!$C$14 | R22: =F22-Inputs!$C$16/2 | S22: =F22+Inputs!$C$16/2 | T22: =F22-Inputs!$C$17/2 | U22: =F22+Inputs!$C$17/2 | V22: =ABS(P22) | W22: =ABS(Q22) | X22: =IF(OR(Inputs!$C$27=TRUE,Inputs!$C$27="TRUE",Inputs!$C$27=1),1,0)*(Inputs!$C$51*(115*EXP(-(((0)-25)^2)/(4.5^2))+70*EXP(-(((0)+38)^2)/(7^2))*(0.55+0.45*SIN(2*PI()*(A22)/45))+24*SIN(2*PI()*(0)/9+(A22)/18)*EXP(-(((0)+5)^2)/(22^2))+18*SIN(2*PI()*(A22)/70))+Inputs!$C$28*EXP(-(((A22)-Inputs!$C$29)^2)/(2*Inputs!$C$31^2))*EXP(-(((0)-Inputs!$C$30)^2)/(2*Inputs!$C$32^2))+-Inputs!$C$33*EXP(-(((((A22)-Inputs!$C$34)^2)+(((0)-Inputs!$C$35)^2))/(2*Inputs!$C$36^2)))+Inputs!$C$37*(0.55*SIN(2*PI()*(A22)/Inputs!$C$39)+0.35*COS(2*PI()*(0)/Inputs!$C$40)+0.2*SIN(2*PI()*((A22)+(0))/(0.5*(Inputs!$C$39+Inputs!$C$40))))+Inputs!$C$38*SIN(2*PI()*(A22)/Inputs!$C$39)*SIN(2*PI()*(0)/Inputs!$C$40)+-Inputs!$C$41*EXP(-(((0)-Inputs!$C$43)^2)/(2*Inputs!$C$44^2))*EXP(-(((A22)-Inputs!$C$42)^2)/(2*Inputs!$C$45^2))+Inputs!$C$48*(0.7*(0.45*SIN(2*PI()*(((A22)/Inputs!$C$49)+Inputs!$C$47*0.137))+0.35*COS(2*PI()*(((0)/Inputs!$C$50)+Inputs!$C$47*0.173))+0.2*SIN(2*PI()*(((A22)+(0))/(0.5*(Inputs!$C$49+Inputs!$C$50))+Inputs!$C$47*0.097)))+0.3*(2*((SIN(((A22)*12.9898+(0)*78.233+Inputs!$C$47*37.719))*43758.5453)-INT((SIN(((A22)*12.9898+(0)*78.233+Inputs!$C$47*37.719))*43758.5453)))-1))) | Y22: =IF(OR(Inputs!$C$27=TRUE,Inputs!$C$27="TRUE",Inputs!$C$27=1),1,0)*(Inputs!$C$51*(115*EXP(-(((Inputs!$C$6)-25)^2)/(4.5^2))+70*EXP(-(((Inputs!$C$6)+38)^2)/(7^2))*(0.55+0.45*SIN(2*PI()*(A22)/45))+24*SIN(2*PI()*(Inputs!$C$6)/9+(A22)/18)*EXP(-(((Inputs!$C$6)+5)^2)/(22^2))+18*SIN(2*PI()*(A22)/70))+Inputs!$C$28*EXP(-(((A22)-Inputs!$C$29)^2)/(2*Inputs!$C$31^2))*EXP(-(((Inputs!$C$6)-Inputs!$C$30)^2)/(2*Inputs!$C$32^2))+-Inputs!$C$33*EXP(-(((((A22)-Inputs!$C$34)^2)+(((Inputs!$C$6)-Inputs!$C$35)^2))/(2*Inputs!$C$36^2)))+Inputs!$C$37*(0.55*SIN(2*PI()*(A22)/Inputs!$C$39)+0.35*COS(2*PI()*(Inputs!$C$6)/Inputs!$C$40)+0.2*SIN(2*PI()*((A22)+(Inputs!$C$6))/(0.5*(Inputs!$C$39+Inputs!$C$40))))+Inputs!$C$38*SIN(2*PI()*(A22)/Inputs!$C$39)*SIN(2*PI()*(Inputs!$C$6)/Inputs!$C$40)+-Inputs!$C$41*EXP(-(((Inputs!$C$6)-Inputs!$C$43)^2)/(2*Inputs!$C$44^2))*EXP(-(((A22)-Inputs!$C$42)^2)/(2*Inputs!$C$45^2))+Inputs!$C$48*(0.7*(0.45*SIN(2*PI()*(((A22)/Inputs!$C$49)+Inputs!$C$47*0.137))+0.35*COS(2*PI()*(((Inputs!$C$6)/Inputs!$C$50)+Inputs!$C$47*0.173))+0.2*SIN(2*PI()*(((A22)+(Inputs!$C$6))/(0.5*(Inputs!$C$49+Inputs!$C$50))+Inputs!$C$47*0.097)))+0.3*(2*((SIN(((A22)*12.9898+(Inputs!$C$6)*78.233+Inputs!$C$47*37.719))*43758.5453)-INT((SIN(((A22)*12.9898+(Inputs!$C$6)*78.233+Inputs!$C$47*37.719))*43758.5453)))-1))) | Z22: =B22-X22/1000 | AA22: =SQRT((Inputs!$C$52+B22)^2+(Inputs!$C$52+Y22/1000)^2-2*(Inputs!$C$52+B22)*(Inputs!$C$52+Y22/1000)*COS(SQRT(A22^2+Inputs!$C$6^2)/Inputs!$C$52)) | AB22: =(AA22-Z22)*1000 | AC22: =AB22/Inputs!$C$12 | AD22: =2*AB22/Inputs!$C$21*1000000 | AE22: =DEGREES(ATAN(H22/(B22-Y22/1000))) | AF22: =DEGREES((2*PI()/Inputs!$C$13)*Inputs!$C$15*SIN(RADIANS(AE22))) | AG22: =(Z22/AA22)^4 | AH22: =10*LOG10(AG22) | AI22: =AC22-F22 | AJ22: =AD22-G22 | AK22: =Y22-X22 | AL22: =1000*(AA23-AA21)/(A23-A21)*Inputs!$C$11 | AM22: =-2*AL22/Inputs!$C$13 | AN22: =-2*AL22/Inputs!$C$14 | AO22: =ABS(AM22) | AP22: =ABS(AN22) | AQ22: =IF(OR(Inputs!$C$27=TRUE,Inputs!$C$27="TRUE",Inputs!$C$27=1),Inputs!$C$46/Inputs!$C$12,0) | AR22: =AC22-AQ22 | AS22: =AC22+AQ22
A23: =Inputs!$C$7+21*(Inputs!$C$8-Inputs!$C$7)/240 | B23: =Inputs!$C$5+Inputs!$C$9*(A23/Inputs!$C$10)^2 | C23: =B23 | D23: =SQRT((Inputs!$C$52+B23)^2+Inputs!$C$52^2-2*(Inputs!$C$52+B23)*Inputs!$C$52*COS(SQRT(A23^2+Inputs!$C$6^2)/Inputs!$C$52)) | E23: =(D23-C23)*1000 | F23: =E23/Inputs!$C$12 | G23: =2*E23/Inputs!$C$21*1000000 | H23: =SQRT(A23^2+Inputs!$C$6^2) | I23: =DEGREES(ATAN(H23/B23)) | J23: =DEGREES((2*PI()/Inputs!$C$13)*Inputs!$C$15*SIN(RADIANS(I23))) | K23: =(C23/D23)^4 | L23: =10*LOG10(K23) | M23: =2*(Inputs!$C$9/(Inputs!$C$10^2))*A23 | N23: =M23*Inputs!$C$11 | O23: =1000*(D24-D22)/(A24-A22)*Inputs!$C$11 | P23: =-2*O23/Inputs!$C$13 | Q23: =-2*O23/Inputs!$C$14 | R23: =F23-Inputs!$C$16/2 | S23: =F23+Inputs!$C$16/2 | T23: =F23-Inputs!$C$17/2 | U23: =F23+Inputs!$C$17/2 | V23: =ABS(P23) | W23: =ABS(Q23) | X23: =IF(OR(Inputs!$C$27=TRUE,Inputs!$C$27="TRUE",Inputs!$C$27=1),1,0)*(Inputs!$C$51*(115*EXP(-(((0)-25)^2)/(4.5^2))+70*EXP(-(((0)+38)^2)/(7^2))*(0.55+0.45*SIN(2*PI()*(A23)/45))+24*SIN(2*PI()*(0)/9+(A23)/18)*EXP(-(((0)+5)^2)/(22^2))+18*SIN(2*PI()*(A23)/70))+Inputs!$C$28*EXP(-(((A23)-Inputs!$C$29)^2)/(2*Inputs!$C$31^2))*EXP(-(((0)-Inputs!$C$30)^2)/(2*Inputs!$C$32^2))+-Inputs!$C$33*EXP(-(((((A23)-Inputs!$C$34)^2)+(((0)-Inputs!$C$35)^2))/(2*Inputs!$C$36^2)))+Inputs!$C$37*(0.55*SIN(2*PI()*(A23)/Inputs!$C$39)+0.35*COS(2*PI()*(0)/Inputs!$C$40)+0.2*SIN(2*PI()*((A23)+(0))/(0.5*(Inputs!$C$39+Inputs!$C$40))))+Inputs!$C$38*SIN(2*PI()*(A23)/Inputs!$C$39)*SIN(2*PI()*(0)/Inputs!$C$40)+-Inputs!$C$41*EXP(-(((0)-Inputs!$C$43)^2)/(2*Inputs!$C$44^2))*EXP(-(((A23)-Inputs!$C$42)^2)/(2*Inputs!$C$45^2))+Inputs!$C$48*(0.7*(0.45*SIN(2*PI()*(((A23)/Inputs!$C$49)+Inputs!$C$47*0.137))+0.35*COS(2*PI()*(((0)/Inputs!$C$50)+Inputs!$C$47*0.173))+0.2*SIN(2*PI()*(((A23)+(0))/(0.5*(Inputs!$C$49+Inputs!$C$50))+Inputs!$C$47*0.097)))+0.3*(2*((SIN(((A23)*12.9898+(0)*78.233+Inputs!$C$47*37.719))*43758.5453)-INT((SIN(((A23)*12.9898+(0)*78.233+Inputs!$C$47*37.719))*43758.5453)))-1))) | Y23: =IF(OR(Inputs!$C$27=TRUE,Inputs!$C$27="TRUE",Inputs!$C$27=1),1,0)*(Inputs!$C$51*(115*EXP(-(((Inputs!$C$6)-25)^2)/(4.5^2))+70*EXP(-(((Inputs!$C$6)+38)^2)/(7^2))*(0.55+0.45*SIN(2*PI()*(A23)/45))+24*SIN(2*PI()*(Inputs!$C$6)/9+(A23)/18)*EXP(-(((Inputs!$C$6)+5)^2)/(22^2))+18*SIN(2*PI()*(A23)/70))+Inputs!$C$28*EXP(-(((A23)-Inputs!$C$29)^2)/(2*Inputs!$C$31^2))*EXP(-(((Inputs!$C$6)-Inputs!$C$30)^2)/(2*Inputs!$C$32^2))+-Inputs!$C$33*EXP(-(((((A23)-Inputs!$C$34)^2)+(((Inputs!$C$6)-Inputs!$C$35)^2))/(2*Inputs!$C$36^2)))+Inputs!$C$37*(0.55*SIN(2*PI()*(A23)/Inputs!$C$39)+0.35*COS(2*PI()*(Inputs!$C$6)/Inputs!$C$40)+0.2*SIN(2*PI()*((A23)+(Inputs!$C$6))/(0.5*(Inputs!$C$39+Inputs!$C$40))))+Inputs!$C$38*SIN(2*PI()*(A23)/Inputs!$C$39)*SIN(2*PI()*(Inputs!$C$6)/Inputs!$C$40)+-Inputs!$C$41*EXP(-(((Inputs!$C$6)-Inputs!$C$43)^2)/(2*Inputs!$C$44^2))*EXP(-(((A23)-Inputs!$C$42)^2)/(2*Inputs!$C$45^2))+Inputs!$C$48*(0.7*(0.45*SIN(2*PI()*(((A23)/Inputs!$C$49)+Inputs!$C$47*0.137))+0.35*COS(2*PI()*(((Inputs!$C$6)/Inputs!$C$50)+Inputs!$C$47*0.173))+0.2*SIN(2*PI()*(((A23)+(Inputs!$C$6))/(0.5*(Inputs!$C$49+Inputs!$C$50))+Inputs!$C$47*0.097)))+0.3*(2*((SIN(((A23)*12.9898+(Inputs!$C$6)*78.233+Inputs!$C$47*37.719))*43758.5453)-INT((SIN(((A23)*12.9898+(Inputs!$C$6)*78.233+Inputs!$C$47*37.719))*43758.5453)))-1))) | Z23: =B23-X23/1000 | AA23: =SQRT((Inputs!$C$52+B23)^2+(Inputs!$C$52+Y23/1000)^2-2*(Inputs!$C$52+B23)*(Inputs!$C$52+Y23/1000)*COS(SQRT(A23^2+Inputs!$C$6^2)/Inputs!$C$52)) | AB23: =(AA23-Z23)*1000 | AC23: =AB23/Inputs!$C$12 | AD23: =2*AB23/Inputs!$C$21*1000000 | AE23: =DEGREES(ATAN(H23/(B23-Y23/1000))) | AF23: =DEGREES((2*PI()/Inputs!$C$13)*Inputs!$C$15*SIN(RADIANS(AE23))) | AG23: =(Z23/AA23)^4 | AH23: =10*LOG10(AG23) | AI23: =AC23-F23 | AJ23: =AD23-G23 | AK23: =Y23-X23 | AL23: =1000*(AA24-AA22)/(A24-A22)*Inputs!$C$11 | AM23: =-2*AL23/Inputs!$C$13 | AN23: =-2*AL23/Inputs!$C$14 | AO23: =ABS(AM23) | AP23: =ABS(AN23) | AQ23: =IF(OR(Inputs!$C$27=TRUE,Inputs!$C$27="TRUE",Inputs!$C$27=1),Inputs!$C$46/Inputs!$C$12,0) | AR23: =AC23-AQ23 | AS23: =AC23+AQ23
A24: =Inputs!$C$7+22*(Inputs!$C$8-Inputs!$C$7)/240 | B24: =Inputs!$C$5+Inputs!$C$9*(A24/Inputs!$C$10)^2 | C24: =B24 | D24: =SQRT((Inputs!$C$52+B24)^2+Inputs!$C$52^2-2*(Inputs!$C$52+B24)*Inputs!$C$52*COS(SQRT(A24^2+Inputs!$C$6^2)/Inputs!$C$52)) | E24: =(D24-C24)*1000 | F24: =E24/Inputs!$C$12 | G24: =2*E24/Inputs!$C$21*1000000 | H24: =SQRT(A24^2+Inputs!$C$6^2) | I24: =DEGREES(ATAN(H24/B24)) | J24: =DEGREES((2*PI()/Inputs!$C$13)*Inputs!$C$15*SIN(RADIANS(I24))) | K24: =(C24/D24)^4 | L24: =10*LOG10(K24) | M24: =2*(Inputs!$C$9/(Inputs!$C$10^2))*A24 | N24: =M24*Inputs!$C$11 | O24: =1000*(D25-D23)/(A25-A23)*Inputs!$C$11 | P24: =-2*O24/Inputs!$C$13 | Q24: =-2*O24/Inputs!$C$14 | R24: =F24-Inputs!$C$16/2 | S24: =F24+Inputs!$C$16/2 | T24: =F24-Inputs!$C$17/2 | U24: =F24+Inputs!$C$17/2 | V24: =ABS(P24) | W24: =ABS(Q24) | X24: =IF(OR(Inputs!$C$27=TRUE,Inputs!$C$27="TRUE",Inputs!$C$27=1),1,0)*(Inputs!$C$51*(115*EXP(-(((0)-25)^2)/(4.5^2))+70*EXP(-(((0)+38)^2)/(7^2))*(0.55+0.45*SIN(2*PI()*(A24)/45))+24*SIN(2*PI()*(0)/9+(A24)/18)*EXP(-(((0)+5)^2)/(22^2))+18*SIN(2*PI()*(A24)/70))+Inputs!$C$28*EXP(-(((A24)-Inputs!$C$29)^2)/(2*Inputs!$C$31^2))*EXP(-(((0)-Inputs!$C$30)^2)/(2*Inputs!$C$32^2))+-Inputs!$C$33*EXP(-(((((A24)-Inputs!$C$34)^2)+(((0)-Inputs!$C$35)^2))/(2*Inputs!$C$36^2)))+Inputs!$C$37*(0.55*SIN(2*PI()*(A24)/Inputs!$C$39)+0.35*COS(2*PI()*(0)/Inputs!$C$40)+0.2*SIN(2*PI()*((A24)+(0))/(0.5*(Inputs!$C$39+Inputs!$C$40))))+Inputs!$C$38*SIN(2*PI()*(A24)/Inputs!$C$39)*SIN(2*PI()*(0)/Inputs!$C$40)+-Inputs!$C$41*EXP(-(((0)-Inputs!$C$43)^2)/(2*Inputs!$C$44^2))*EXP(-(((A24)-Inputs!$C$42)^2)/(2*Inputs!$C$45^2))+Inputs!$C$48*(0.7*(0.45*SIN(2*PI()*(((A24)/Inputs!$C$49)+Inputs!$C$47*0.137))+0.35*COS(2*PI()*(((0)/Inputs!$C$50)+Inputs!$C$47*0.173))+0.2*SIN(2*PI()*(((A24)+(0))/(0.5*(Inputs!$C$49+Inputs!$C$50))+Inputs!$C$47*0.097)))+0.3*(2*((SIN(((A24)*12.9898+(0)*78.233+Inputs!$C$47*37.719))*43758.5453)-INT((SIN(((A24)*12.9898+(0)*78.233+Inputs!$C$47*37.719))*43758.5453)))-1))) | Y24: =IF(OR(Inputs!$C$27=TRUE,Inputs!$C$27="TRUE",Inputs!$C$27=1),1,0)*(Inputs!$C$51*(115*EXP(-(((Inputs!$C$6)-25)^2)/(4.5^2))+70*EXP(-(((Inputs!$C$6)+38)^2)/(7^2))*(0.55+0.45*SIN(2*PI()*(A24)/45))+24*SIN(2*PI()*(Inputs!$C$6)/9+(A24)/18)*EXP(-(((Inputs!$C$6)+5)^2)/(22^2))+18*SIN(2*PI()*(A24)/70))+Inputs!$C$28*EXP(-(((A24)-Inputs!$C$29)^2)/(2*Inputs!$C$31^2))*EXP(-(((Inputs!$C$6)-Inputs!$C$30)^2)/(2*Inputs!$C$32^2))+-Inputs!$C$33*EXP(-(((((A24)-Inputs!$C$34)^2)+(((Inputs!$C$6)-Inputs!$C$35)^2))/(2*Inputs!$C$36^2)))+Inputs!$C$37*(0.55*SIN(2*PI()*(A24)/Inputs!$C$39)+0.35*COS(2*PI()*(Inputs!$C$6)/Inputs!$C$40)+0.2*SIN(2*PI()*((A24)+(Inputs!$C$6))/(0.5*(Inputs!$C$39+Inputs!$C$40))))+Inputs!$C$38*SIN(2*PI()*(A24)/Inputs!$C$39)*SIN(2*PI()*(Inputs!$C$6)/Inputs!$C$40)+-Inputs!$C$41*EXP(-(((Inputs!$C$6)-Inputs!$C$43)^2)/(2*Inputs!$C$44^2))*EXP(-(((A24)-Inputs!$C$42)^2)/(2*Inputs!$C$45^2))+Inputs!$C$48*(0.7*(0.45*SIN(2*PI()*(((A24)/Inputs!$C$49)+Inputs!$C$47*0.137))+0.35*COS(2*PI()*(((Inputs!$C$6)/Inputs!$C$50)+Inputs!$C$47*0.173))+0.2*SIN(2*PI()*(((A24)+(Inputs!$C$6))/(0.5*(Inputs!$C$49+Inputs!$C$50))+Inputs!$C$47*0.097)))+0.3*(2*((SIN(((A24)*12.9898+(Inputs!$C$6)*78.233+Inputs!$C$47*37.719))*43758.5453)-INT((SIN(((A24)*12.9898+(Inputs!$C$6)*78.233+Inputs!$C$47*37.719))*43758.5453)))-1))) | Z24: =B24-X24/1000 | AA24: =SQRT((Inputs!$C$52+B24)^2+(Inputs!$C$52+Y24/1000)^2-2*(Inputs!$C$52+B24)*(Inputs!$C$52+Y24/1000)*COS(SQRT(A24^2+Inputs!$C$6^2)/Inputs!$C$52)) | AB24: =(AA24-Z24)*1000 | AC24: =AB24/Inputs!$C$12 | AD24: =2*AB24/Inputs!$C$21*1000000 | AE24: =DEGREES(ATAN(H24/(B24-Y24/1000))) | AF24: =DEGREES((2*PI()/Inputs!$C$13)*Inputs!$C$15*SIN(RADIANS(AE24))) | AG24: =(Z24/AA24)^4 | AH24: =10*LOG10(AG24) | AI24: =AC24-F24 | AJ24: =AD24-G24 | AK24: =Y24-X24 | AL24: =1000*(AA25-AA23)/(A25-A23)*Inputs!$C$11 | AM24: =-2*AL24/Inputs!$C$13 | AN24: =-2*AL24/Inputs!$C$14 | AO24: =ABS(AM24) | AP24: =ABS(AN24) | AQ24: =IF(OR(Inputs!$C$27=TRUE,Inputs!$C$27="TRUE",Inputs!$C$27=1),Inputs!$C$46/Inputs!$C$12,0) | AR24: =AC24-AQ24 | AS24: =AC24+AQ24
A25: =Inputs!$C$7+23*(Inputs!$C$8-Inputs!$C$7)/240 | B25: =Inputs!$C$5+Inputs!$C$9*(A25/Inputs!$C$10)^2 | C25: =B25 | D25: =SQRT((Inputs!$C$52+B25)^2+Inputs!$C$52^2-2*(Inputs!$C$52+B25)*Inputs!$C$52*COS(SQRT(A25^2+Inputs!$C$6^2)/Inputs!$C$52)) | E25: =(D25-C25)*1000 | F25: =E25/Inputs!$C$12 | G25: =2*E25/Inputs!$C$21*1000000 | H25: =SQRT(A25^2+Inputs!$C$6^2) | I25: =DEGREES(ATAN(H25/B25)) | J25: =DEGREES((2*PI()/Inputs!$C$13)*Inputs!$C$15*SIN(RADIANS(I25))) | K25: =(C25/D25)^4 | L25: =10*LOG10(K25) | M25: =2*(Inputs!$C$9/(Inputs!$C$10^2))*A25 | N25: =M25*Inputs!$C$11 | O25: =1000*(D26-D24)/(A26-A24)*Inputs!$C$11 | P25: =-2*O25/Inputs!$C$13 | Q25: =-2*O25/Inputs!$C$14 | R25: =F25-Inputs!$C$16/2 | S25: =F25+Inputs!$C$16/2 | T25: =F25-Inputs!$C$17/2 | U25: =F25+Inputs!$C$17/2 | V25: =ABS(P25) | W25: =ABS(Q25) | X25: =IF(OR(Inputs!$C$27=TRUE,Inputs!$C$27="TRUE",Inputs!$C$27=1),1,0)*(Inputs!$C$51*(115*EXP(-(((0)-25)^2)/(4.5^2))+70*EXP(-(((0)+38)^2)/(7^2))*(0.55+0.45*SIN(2*PI()*(A25)/45))+24*SIN(2*PI()*(0)/9+(A25)/18)*EXP(-(((0)+5)^2)/(22^2))+18*SIN(2*PI()*(A25)/70))+Inputs!$C$28*EXP(-(((A25)-Inputs!$C$29)^2)/(2*Inputs!$C$31^2))*EXP(-(((0)-Inputs!$C$30)^2)/(2*Inputs!$C$32^2))+-Inputs!$C$33*EXP(-(((((A25)-Inputs!$C$34)^2)+(((0)-Inputs!$C$35)^2))/(2*Inputs!$C$36^2)))+Inputs!$C$37*(0.55*SIN(2*PI()*(A25)/Inputs!$C$39)+0.35*COS(2*PI()*(0)/Inputs!$C$40)+0.2*SIN(2*PI()*((A25)+(0))/(0.5*(Inputs!$C$39+Inputs!$C$40))))+Inputs!$C$38*SIN(2*PI()*(A25)/Inputs!$C$39)*SIN(2*PI()*(0)/Inputs!$C$40)+-Inputs!$C$41*EXP(-(((0)-Inputs!$C$43)^2)/(2*Inputs!$C$44^2))*EXP(-(((A25)-Inputs!$C$42)^2)/(2*Inputs!$C$45^2))+Inputs!$C$48*(0.7*(0.45*SIN(2*PI()*(((A25)/Inputs!$C$49)+Inputs!$C$47*0.137))+0.35*COS(2*PI()*(((0)/Inputs!$C$50)+Inputs!$C$47*0.173))+0.2*SIN(2*PI()*(((A25)+(0))/(0.5*(Inputs!$C$49+Inputs!$C$50))+Inputs!$C$47*0.097)))+0.3*(2*((SIN(((A25)*12.9898+(0)*78.233+Inputs!$C$47*37.719))*43758.5453)-INT((SIN(((A25)*12.9898+(0)*78.233+Inputs!$C$47*37.719))*43758.5453)))-1))) | Y25: =IF(OR(Inputs!$C$27=TRUE,Inputs!$C$27="TRUE",Inputs!$C$27=1),1,0)*(Inputs!$C$51*(115*EXP(-(((Inputs!$C$6)-25)^2)/(4.5^2))+70*EXP(-(((Inputs!$C$6)+38)^2)/(7^2))*(0.55+0.45*SIN(2*PI()*(A25)/45))+24*SIN(2*PI()*(Inputs!$C$6)/9+(A25)/18)*EXP(-(((Inputs!$C$6)+5)^2)/(22^2))+18*SIN(2*PI()*(A25)/70))+Inputs!$C$28*EXP(-(((A25)-Inputs!$C$29)^2)/(2*Inputs!$C$31^2))*EXP(-(((Inputs!$C$6)-Inputs!$C$30)^2)/(2*Inputs!$C$32^2))+-Inputs!$C$33*EXP(-(((((A25)-Inputs!$C$34)^2)+(((Inputs!$C$6)-Inputs!$C$35)^2))/(2*Inputs!$C$36^2)))+Inputs!$C$37*(0.55*SIN(2*PI()*(A25)/Inputs!$C$39)+0.35*COS(2*PI()*(Inputs!$C$6)/Inputs!$C$40)+0.2*SIN(2*PI()*((A25)+(Inputs!$C$6))/(0.5*(Inputs!$C$39+Inputs!$C$40))))+Inputs!$C$38*SIN(2*PI()*(A25)/Inputs!$C$39)*SIN(2*PI()*(Inputs!$C$6)/Inputs!$C$40)+-Inputs!$C$41*EXP(-(((Inputs!$C$6)-Inputs!$C$43)^2)/(2*Inputs!$C$44^2))*EXP(-(((A25)-Inputs!$C$42)^2)/(2*Inputs!$C$45^2))+Inputs!$C$48*(0.7*(0.45*SIN(2*PI()*(((A25)/Inputs!$C$49)+Inputs!$C$47*0.137))+0.35*COS(2*PI()*(((Inputs!$C$6)/Inputs!$C$50)+Inputs!$C$47*0.173))+0.2*SIN(2*PI()*(((A25)+(Inputs!$C$6))/(0.5*(Inputs!$C$49+Inputs!$C$50))+Inputs!$C$47*0.097)))+0.3*(2*((SIN(((A25)*12.9898+(Inputs!$C$6)*78.233+Inputs!$C$47*37.719))*43758.5453)-INT((SIN(((A25)*12.9898+(Inputs!$C$6)*78.233+Inputs!$C$47*37.719))*43758.5453)))-1))) | Z25: =B25-X25/1000 | AA25: =SQRT((Inputs!$C$52+B25)^2+(Inputs!$C$52+Y25/1000)^2-2*(Inputs!$C$52+B25)*(Inputs!$C$52+Y25/1000)*COS(SQRT(A25^2+Inputs!$C$6^2)/Inputs!$C$52)) | AB25: =(AA25-Z25)*1000 | AC25: =AB25/Inputs!$C$12 | AD25: =2*AB25/Inputs!$C$21*1000000 | AE25: =DEGREES(ATAN(H25/(B25-Y25/1000))) | AF25: =DEGREES((2*PI()/Inputs!$C$13)*Inputs!$C$15*SIN(RADIANS(AE25))) | AG25: =(Z25/AA25)^4 | AH25: =10*LOG10(AG25) | AI25: =AC25-F25 | AJ25: =AD25-G25 | AK25: =Y25-X25 | AL25: =1000*(AA26-AA24)/(A26-A24)*Inputs!$C$11 | AM25: =-2*AL25/Inputs!$C$13 | AN25: =-2*AL25/Inputs!$C$14 | AO25: =ABS(AM25) | AP25: =ABS(AN25) | AQ25: =IF(OR(Inputs!$C$27=TRUE,Inputs!$C$27="TRUE",Inputs!$C$27=1),Inputs!$C$46/Inputs!$C$12,0) | AR25: =AC25-AQ25 | AS25: =AC25+AQ25
A26: =Inputs!$C$7+24*(Inputs!$C$8-Inputs!$C$7)/240 | B26: =Inputs!$C$5+Inputs!$C$9*(A26/Inputs!$C$10)^2 | C26: =B26 | D26: =SQRT((Inputs!$C$52+B26)^2+Inputs!$C$52^2-2*(Inputs!$C$52+B26)*Inputs!$C$52*COS(SQRT(A26^2+Inputs!$C$6^2)/Inputs!$C$52)) | E26: =(D26-C26)*1000 | F26: =E26/Inputs!$C$12 | G26: =2*E26/Inputs!$C$21*1000000 | H26: =SQRT(A26^2+Inputs!$C$6^2) | I26: =DEGREES(ATAN(H26/B26)) | J26: =DEGREES((2*PI()/Inputs!$C$13)*Inputs!$C$15*SIN(RADIANS(I26))) | K26: =(C26/D26)^4 | L26: =10*LOG10(K26) | M26: =2*(Inputs!$C$9/(Inputs!$C$10^2))*A26 | N26: =M26*Inputs!$C$11 | O26: =1000*(D27-D25)/(A27-A25)*Inputs!$C$11 | P26: =-2*O26/Inputs!$C$13 | Q26: =-2*O26/Inputs!$C$14 | R26: =F26-Inputs!$C$16/2 | S26: =F26+Inputs!$C$16/2 | T26: =F26-Inputs!$C$17/2 | U26: =F26+Inputs!$C$17/2 | V26: =ABS(P26) | W26: =ABS(Q26) | X26: =IF(OR(Inputs!$C$27=TRUE,Inputs!$C$27="TRUE",Inputs!$C$27=1),1,0)*(Inputs!$C$51*(115*EXP(-(((0)-25)^2)/(4.5^2))+70*EXP(-(((0)+38)^2)/(7^2))*(0.55+0.45*SIN(2*PI()*(A26)/45))+24*SIN(2*PI()*(0)/9+(A26)/18)*EXP(-(((0)+5)^2)/(22^2))+18*SIN(2*PI()*(A26)/70))+Inputs!$C$28*EXP(-(((A26)-Inputs!$C$29)^2)/(2*Inputs!$C$31^2))*EXP(-(((0)-Inputs!$C$30)^2)/(2*Inputs!$C$32^2))+-Inputs!$C$33*EXP(-(((((A26)-Inputs!$C$34)^2)+(((0)-Inputs!$C$35)^2))/(2*Inputs!$C$36^2)))+Inputs!$C$37*(0.55*SIN(2*PI()*(A26)/Inputs!$C$39)+0.35*COS(2*PI()*(0)/Inputs!$C$40)+0.2*SIN(2*PI()*((A26)+(0))/(0.5*(Inputs!$C$39+Inputs!$C$40))))+Inputs!$C$38*SIN(2*PI()*(A26)/Inputs!$C$39)*SIN(2*PI()*(0)/Inputs!$C$40)+-Inputs!$C$41*EXP(-(((0)-Inputs!$C$43)^2)/(2*Inputs!$C$44^2))*EXP(-(((A26)-Inputs!$C$42)^2)/(2*Inputs!$C$45^2))+Inputs!$C$48*(0.7*(0.45*SIN(2*PI()*(((A26)/Inputs!$C$49)+Inputs!$C$47*0.137))+0.35*COS(2*PI()*(((0)/Inputs!$C$50)+Inputs!$C$47*0.173))+0.2*SIN(2*PI()*(((A26)+(0))/(0.5*(Inputs!$C$49+Inputs!$C$50))+Inputs!$C$47*0.097)))+0.3*(2*((SIN(((A26)*12.9898+(0)*78.233+Inputs!$C$47*37.719))*43758.5453)-INT((SIN(((A26)*12.9898+(0)*78.233+Inputs!$C$47*37.719))*43758.5453)))-1))) | Y26: =IF(OR(Inputs!$C$27=TRUE,Inputs!$C$27="TRUE",Inputs!$C$27=1),1,0)*(Inputs!$C$51*(115*EXP(-(((Inputs!$C$6)-25)^2)/(4.5^2))+70*EXP(-(((Inputs!$C$6)+38)^2)/(7^2))*(0.55+0.45*SIN(2*PI()*(A26)/45))+24*SIN(2*PI()*(Inputs!$C$6)/9+(A26)/18)*EXP(-(((Inputs!$C$6)+5)^2)/(22^2))+18*SIN(2*PI()*(A26)/70))+Inputs!$C$28*EXP(-(((A26)-Inputs!$C$29)^2)/(2*Inputs!$C$31^2))*EXP(-(((Inputs!$C$6)-Inputs!$C$30)^2)/(2*Inputs!$C$32^2))+-Inputs!$C$33*EXP(-(((((A26)-Inputs!$C$34)^2)+(((Inputs!$C$6)-Inputs!$C$35)^2))/(2*Inputs!$C$36^2)))+Inputs!$C$37*(0.55*SIN(2*PI()*(A26)/Inputs!$C$39)+0.35*COS(2*PI()*(Inputs!$C$6)/Inputs!$C$40)+0.2*SIN(2*PI()*((A26)+(Inputs!$C$6))/(0.5*(Inputs!$C$39+Inputs!$C$40))))+Inputs!$C$38*SIN(2*PI()*(A26)/Inputs!$C$39)*SIN(2*PI()*(Inputs!$C$6)/Inputs!$C$40)+-Inputs!$C$41*EXP(-(((Inputs!$C$6)-Inputs!$C$43)^2)/(2*Inputs!$C$44^2))*EXP(-(((A26)-Inputs!$C$42)^2)/(2*Inputs!$C$45^2))+Inputs!$C$48*(0.7*(0.45*SIN(2*PI()*(((A26)/Inputs!$C$49)+Inputs!$C$47*0.137))+0.35*COS(2*PI()*(((Inputs!$C$6)/Inputs!$C$50)+Inputs!$C$47*0.173))+0.2*SIN(2*PI()*(((A26)+(Inputs!$C$6))/(0.5*(Inputs!$C$49+Inputs!$C$50))+Inputs!$C$47*0.097)))+0.3*(2*((SIN(((A26)*12.9898+(Inputs!$C$6)*78.233+Inputs!$C$47*37.719))*43758.5453)-INT((SIN(((A26)*12.9898+(Inputs!$C$6)*78.233+Inputs!$C$47*37.719))*43758.5453)))-1))) | Z26: =B26-X26/1000 | AA26: =SQRT((Inputs!$C$52+B26)^2+(Inputs!$C$52+Y26/1000)^2-2*(Inputs!$C$52+B26)*(Inputs!$C$52+Y26/1000)*COS(SQRT(A26^2+Inputs!$C$6^2)/Inputs!$C$52)) | AB26: =(AA26-Z26)*1000 | AC26: =AB26/Inputs!$C$12 | AD26: =2*AB26/Inputs!$C$21*1000000 | AE26: =DEGREES(ATAN(H26/(B26-Y26/1000))) | AF26: =DEGREES((2*PI()/Inputs!$C$13)*Inputs!$C$15*SIN(RADIANS(AE26))) | AG26: =(Z26/AA26)^4 | AH26: =10*LOG10(AG26) | AI26: =AC26-F26 | AJ26: =AD26-G26 | AK26: =Y26-X26 | AL26: =1000*(AA27-AA25)/(A27-A25)*Inputs!$C$11 | AM26: =-2*AL26/Inputs!$C$13 | AN26: =-2*AL26/Inputs!$C$14 | AO26: =ABS(AM26) | AP26: =ABS(AN26) | AQ26: =IF(OR(Inputs!$C$27=TRUE,Inputs!$C$27="TRUE",Inputs!$C$27=1),Inputs!$C$46/Inputs!$C$12,0) | AR26: =AC26-AQ26 | AS26: =AC26+AQ26
A27: =Inputs!$C$7+25*(Inputs!$C$8-Inputs!$C$7)/240 | B27: =Inputs!$C$5+Inputs!$C$9*(A27/Inputs!$C$10)^2 | C27: =B27 | D27: =SQRT((Inputs!$C$52+B27)^2+Inputs!$C$52^2-2*(Inputs!$C$52+B27)*Inputs!$C$52*COS(SQRT(A27^2+Inputs!$C$6^2)/Inputs!$C$52)) | E27: =(D27-C27)*1000 | F27: =E27/Inputs!$C$12 | G27: =2*E27/Inputs!$C$21*1000000 | H27: =SQRT(A27^2+Inputs!$C$6^2) | I27: =DEGREES(ATAN(H27/B27)) | J27: =DEGREES((2*PI()/Inputs!$C$13)*Inputs!$C$15*SIN(RADIANS(I27))) | K27: =(C27/D27)^4 | L27: =10*LOG10(K27) | M27: =2*(Inputs!$C$9/(Inputs!$C$10^2))*A27 | N27: =M27*Inputs!$C$11 | O27: =1000*(D28-D26)/(A28-A26)*Inputs!$C$11 | P27: =-2*O27/Inputs!$C$13 | Q27: =-2*O27/Inputs!$C$14 | R27: =F27-Inputs!$C$16/2 | S27: =F27+Inputs!$C$16/2 | T27: =F27-Inputs!$C$17/2 | U27: =F27+Inputs!$C$17/2 | V27: =ABS(P27) | W27: =ABS(Q27) | X27: =IF(OR(Inputs!$C$27=TRUE,Inputs!$C$27="TRUE",Inputs!$C$27=1),1,0)*(Inputs!$C$51*(115*EXP(-(((0)-25)^2)/(4.5^2))+70*EXP(-(((0)+38)^2)/(7^2))*(0.55+0.45*SIN(2*PI()*(A27)/45))+24*SIN(2*PI()*(0)/9+(A27)/18)*EXP(-(((0)+5)^2)/(22^2))+18*SIN(2*PI()*(A27)/70))+Inputs!$C$28*EXP(-(((A27)-Inputs!$C$29)^2)/(2*Inputs!$C$31^2))*EXP(-(((0)-Inputs!$C$30)^2)/(2*Inputs!$C$32^2))+-Inputs!$C$33*EXP(-(((((A27)-Inputs!$C$34)^2)+(((0)-Inputs!$C$35)^2))/(2*Inputs!$C$36^2)))+Inputs!$C$37*(0.55*SIN(2*PI()*(A27)/Inputs!$C$39)+0.35*COS(2*PI()*(0)/Inputs!$C$40)+0.2*SIN(2*PI()*((A27)+(0))/(0.5*(Inputs!$C$39+Inputs!$C$40))))+Inputs!$C$38*SIN(2*PI()*(A27)/Inputs!$C$39)*SIN(2*PI()*(0)/Inputs!$C$40)+-Inputs!$C$41*EXP(-(((0)-Inputs!$C$43)^2)/(2*Inputs!$C$44^2))*EXP(-(((A27)-Inputs!$C$42)^2)/(2*Inputs!$C$45^2))+Inputs!$C$48*(0.7*(0.45*SIN(2*PI()*(((A27)/Inputs!$C$49)+Inputs!$C$47*0.137))+0.35*COS(2*PI()*(((0)/Inputs!$C$50)+Inputs!$C$47*0.173))+0.2*SIN(2*PI()*(((A27)+(0))/(0.5*(Inputs!$C$49+Inputs!$C$50))+Inputs!$C$47*0.097)))+0.3*(2*((SIN(((A27)*12.9898+(0)*78.233+Inputs!$C$47*37.719))*43758.5453)-INT((SIN(((A27)*12.9898+(0)*78.233+Inputs!$C$47*37.719))*43758.5453)))-1))) | Y27: =IF(OR(Inputs!$C$27=TRUE,Inputs!$C$27="TRUE",Inputs!$C$27=1),1,0)*(Inputs!$C$51*(115*EXP(-(((Inputs!$C$6)-25)^2)/(4.5^2))+70*EXP(-(((Inputs!$C$6)+38)^2)/(7^2))*(0.55+0.45*SIN(2*PI()*(A27)/45))+24*SIN(2*PI()*(Inputs!$C$6)/9+(A27)/18)*EXP(-(((Inputs!$C$6)+5)^2)/(22^2))+18*SIN(2*PI()*(A27)/70))+Inputs!$C$28*EXP(-(((A27)-Inputs!$C$29)^2)/(2*Inputs!$C$31^2))*EXP(-(((Inputs!$C$6)-Inputs!$C$30)^2)/(2*Inputs!$C$32^2))+-Inputs!$C$33*EXP(-(((((A27)-Inputs!$C$34)^2)+(((Inputs!$C$6)-Inputs!$C$35)^2))/(2*Inputs!$C$36^2)))+Inputs!$C$37*(0.55*SIN(2*PI()*(A27)/Inputs!$C$39)+0.35*COS(2*PI()*(Inputs!$C$6)/Inputs!$C$40)+0.2*SIN(2*PI()*((A27)+(Inputs!$C$6))/(0.5*(Inputs!$C$39+Inputs!$C$40))))+Inputs!$C$38*SIN(2*PI()*(A27)/Inputs!$C$39)*SIN(2*PI()*(Inputs!$C$6)/Inputs!$C$40)+-Inputs!$C$41*EXP(-(((Inputs!$C$6)-Inputs!$C$43)^2)/(2*Inputs!$C$44^2))*EXP(-(((A27)-Inputs!$C$42)^2)/(2*Inputs!$C$45^2))+Inputs!$C$48*(0.7*(0.45*SIN(2*PI()*(((A27)/Inputs!$C$49)+Inputs!$C$47*0.137))+0.35*COS(2*PI()*(((Inputs!$C$6)/Inputs!$C$50)+Inputs!$C$47*0.173))+0.2*SIN(2*PI()*(((A27)+(Inputs!$C$6))/(0.5*(Inputs!$C$49+Inputs!$C$50))+Inputs!$C$47*0.097)))+0.3*(2*((SIN(((A27)*12.9898+(Inputs!$C$6)*78.233+Inputs!$C$47*37.719))*43758.5453)-INT((SIN(((A27)*12.9898+(Inputs!$C$6)*78.233+Inputs!$C$47*37.719))*43758.5453)))-1))) | Z27: =B27-X27/1000 | AA27: =SQRT((Inputs!$C$52+B27)^2+(Inputs!$C$52+Y27/1000)^2-2*(Inputs!$C$52+B27)*(Inputs!$C$52+Y27/1000)*COS(SQRT(A27^2+Inputs!$C$6^2)/Inputs!$C$52)) | AB27: =(AA27-Z27)*1000 | AC27: =AB27/Inputs!$C$12 | AD27: =2*AB27/Inputs!$C$21*1000000 | AE27: =DEGREES(ATAN(H27/(B27-Y27/1000))) | AF27: =DEGREES((2*PI()/Inputs!$C$13)*Inputs!$C$15*SIN(RADIANS(AE27))) | AG27: =(Z27/AA27)^4 | AH27: =10*LOG10(AG27) | AI27: =AC27-F27 | AJ27: =AD27-G27 | AK27: =Y27-X27 | AL27: =1000*(AA28-AA26)/(A28-A26)*Inputs!$C$11 | AM27: =-2*AL27/Inputs!$C$13 | AN27: =-2*AL27/Inputs!$C$14 | AO27: =ABS(AM27) | AP27: =ABS(AN27) | AQ27: =IF(OR(Inputs!$C$27=TRUE,Inputs!$C$27="TRUE",Inputs!$C$27=1),Inputs!$C$46/Inputs!$C$12,0) | AR27: =AC27-AQ27 | AS27: =AC27+AQ27
A28: =Inputs!$C$7+26*(Inputs!$C$8-Inputs!$C$7)/240 | B28: =Inputs!$C$5+Inputs!$C$9*(A28/Inputs!$C$10)^2 | C28: =B28 | D28: =SQRT((Inputs!$C$52+B28)^2+Inputs!$C$52^2-2*(Inputs!$C$52+B28)*Inputs!$C$52*COS(SQRT(A28^2+Inputs!$C$6^2)/Inputs!$C$52)) | E28: =(D28-C28)*1000 | F28: =E28/Inputs!$C$12 | G28: =2*E28/Inputs!$C$21*1000000 | H28: =SQRT(A28^2+Inputs!$C$6^2) | I28: =DEGREES(ATAN(H28/B28)) | J28: =DEGREES((2*PI()/Inputs!$C$13)*Inputs!$C$15*SIN(RADIANS(I28))) | K28: =(C28/D28)^4 | L28: =10*LOG10(K28) | M28: =2*(Inputs!$C$9/(Inputs!$C$10^2))*A28 | N28: =M28*Inputs!$C$11 | O28: =1000*(D29-D27)/(A29-A27)*Inputs!$C$11 | P28: =-2*O28/Inputs!$C$13 | Q28: =-2*O28/Inputs!$C$14 | R28: =F28-Inputs!$C$16/2 | S28: =F28+Inputs!$C$16/2 | T28: =F28-Inputs!$C$17/2 | U28: =F28+Inputs!$C$17/2 | V28: =ABS(P28) | W28: =ABS(Q28) | X28: =IF(OR(Inputs!$C$27=TRUE,Inputs!$C$27="TRUE",Inputs!$C$27=1),1,0)*(Inputs!$C$51*(115*EXP(-(((0)-25)^2)/(4.5^2))+70*EXP(-(((0)+38)^2)/(7^2))*(0.55+0.45*SIN(2*PI()*(A28)/45))+24*SIN(2*PI()*(0)/9+(A28)/18)*EXP(-(((0)+5)^2)/(22^2))+18*SIN(2*PI()*(A28)/70))+Inputs!$C$28*EXP(-(((A28)-Inputs!$C$29)^2)/(2*Inputs!$C$31^2))*EXP(-(((0)-Inputs!$C$30)^2)/(2*Inputs!$C$32^2))+-Inputs!$C$33*EXP(-(((((A28)-Inputs!$C$34)^2)+(((0)-Inputs!$C$35)^2))/(2*Inputs!$C$36^2)))+Inputs!$C$37*(0.55*SIN(2*PI()*(A28)/Inputs!$C$39)+0.35*COS(2*PI()*(0)/Inputs!$C$40)+0.2*SIN(2*PI()*((A28)+(0))/(0.5*(Inputs!$C$39+Inputs!$C$40))))+Inputs!$C$38*SIN(2*PI()*(A28)/Inputs!$C$39)*SIN(2*PI()*(0)/Inputs!$C$40)+-Inputs!$C$41*EXP(-(((0)-Inputs!$C$43)^2)/(2*Inputs!$C$44^2))*EXP(-(((A28)-Inputs!$C$42)^2)/(2*Inputs!$C$45^2))+Inputs!$C$48*(0.7*(0.45*SIN(2*PI()*(((A28)/Inputs!$C$49)+Inputs!$C$47*0.137))+0.35*COS(2*PI()*(((0)/Inputs!$C$50)+Inputs!$C$47*0.173))+0.2*SIN(2*PI()*(((A28)+(0))/(0.5*(Inputs!$C$49+Inputs!$C$50))+Inputs!$C$47*0.097)))+0.3*(2*((SIN(((A28)*12.9898+(0)*78.233+Inputs!$C$47*37.719))*43758.5453)-INT((SIN(((A28)*12.9898+(0)*78.233+Inputs!$C$47*37.719))*43758.5453)))-1))) | Y28: =IF(OR(Inputs!$C$27=TRUE,Inputs!$C$27="TRUE",Inputs!$C$27=1),1,0)*(Inputs!$C$51*(115*EXP(-(((Inputs!$C$6)-25)^2)/(4.5^2))+70*EXP(-(((Inputs!$C$6)+38)^2)/(7^2))*(0.55+0.45*SIN(2*PI()*(A28)/45))+24*SIN(2*PI()*(Inputs!$C$6)/9+(A28)/18)*EXP(-(((Inputs!$C$6)+5)^2)/(22^2))+18*SIN(2*PI()*(A28)/70))+Inputs!$C$28*EXP(-(((A28)-Inputs!$C$29)^2)/(2*Inputs!$C$31^2))*EXP(-(((Inputs!$C$6)-Inputs!$C$30)^2)/(2*Inputs!$C$32^2))+-Inputs!$C$33*EXP(-(((((A28)-Inputs!$C$34)^2)+(((Inputs!$C$6)-Inputs!$C$35)^2))/(2*Inputs!$C$36^2)))+Inputs!$C$37*(0.55*SIN(2*PI()*(A28)/Inputs!$C$39)+0.35*COS(2*PI()*(Inputs!$C$6)/Inputs!$C$40)+0.2*SIN(2*PI()*((A28)+(Inputs!$C$6))/(0.5*(Inputs!$C$39+Inputs!$C$40))))+Inputs!$C$38*SIN(2*PI()*(A28)/Inputs!$C$39)*SIN(2*PI()*(Inputs!$C$6)/Inputs!$C$40)+-Inputs!$C$41*EXP(-(((Inputs!$C$6)-Inputs!$C$43)^2)/(2*Inputs!$C$44^2))*EXP(-(((A28)-Inputs!$C$42)^2)/(2*Inputs!$C$45^2))+Inputs!$C$48*(0.7*(0.45*SIN(2*PI()*(((A28)/Inputs!$C$49)+Inputs!$C$47*0.137))+0.35*COS(2*PI()*(((Inputs!$C$6)/Inputs!$C$50)+Inputs!$C$47*0.173))+0.2*SIN(2*PI()*(((A28)+(Inputs!$C$6))/(0.5*(Inputs!$C$49+Inputs!$C$50))+Inputs!$C$47*0.097)))+0.3*(2*((SIN(((A28)*12.9898+(Inputs!$C$6)*78.233+Inputs!$C$47*37.719))*43758.5453)-INT((SIN(((A28)*12.9898+(Inputs!$C$6)*78.233+Inputs!$C$47*37.719))*43758.5453)))-1))) | Z28: =B28-X28/1000 | AA28: =SQRT((Inputs!$C$52+B28)^2+(Inputs!$C$52+Y28/1000)^2-2*(Inputs!$C$52+B28)*(Inputs!$C$52+Y28/1000)*COS(SQRT(A28^2+Inputs!$C$6^2)/Inputs!$C$52)) | AB28: =(AA28-Z28)*1000 | AC28: =AB28/Inputs!$C$12 | AD28: =2*AB28/Inputs!$C$21*1000000 | AE28: =DEGREES(ATAN(H28/(B28-Y28/1000))) | AF28: =DEGREES((2*PI()/Inputs!$C$13)*Inputs!$C$15*SIN(RADIANS(AE28))) | AG28: =(Z28/AA28)^4 | AH28: =10*LOG10(AG28) | AI28: =AC28-F28 | AJ28: =AD28-G28 | AK28: =Y28-X28 | AL28: =1000*(AA29-AA27)/(A29-A27)*Inputs!$C$11 | AM28: =-2*AL28/Inputs!$C$13 | AN28: =-2*AL28/Inputs!$C$14 | AO28: =ABS(AM28) | AP28: =ABS(AN28) | AQ28: =IF(OR(Inputs!$C$27=TRUE,Inputs!$C$27="TRUE",Inputs!$C$27=1),Inputs!$C$46/Inputs!$C$12,0) | AR28: =AC28-AQ28 | AS28: =AC28+AQ28
A29: =Inputs!$C$7+27*(Inputs!$C$8-Inputs!$C$7)/240 | B29: =Inputs!$C$5+Inputs!$C$9*(A29/Inputs!$C$10)^2 | C29: =B29 | D29: =SQRT((Inputs!$C$52+B29)^2+Inputs!$C$52^2-2*(Inputs!$C$52+B29)*Inputs!$C$52*COS(SQRT(A29^2+Inputs!$C$6^2)/Inputs!$C$52)) | E29: =(D29-C29)*1000 | F29: =E29/Inputs!$C$12 | G29: =2*E29/Inputs!$C$21*1000000 | H29: =SQRT(A29^2+Inputs!$C$6^2) | I29: =DEGREES(ATAN(H29/B29)) | J29: =DEGREES((2*PI()/Inputs!$C$13)*Inputs!$C$15*SIN(RADIANS(I29))) | K29: =(C29/D29)^4 | L29: =10*LOG10(K29) | M29: =2*(Inputs!$C$9/(Inputs!$C$10^2))*A29 | N29: =M29*Inputs!$C$11 | O29: =1000*(D30-D28)/(A30-A28)*Inputs!$C$11 | P29: =-2*O29/Inputs!$C$13 | Q29: =-2*O29/Inputs!$C$14 | R29: =F29-Inputs!$C$16/2 | S29: =F29+Inputs!$C$16/2 | T29: =F29-Inputs!$C$17/2 | U29: =F29+Inputs!$C$17/2 | V29: =ABS(P29) | W29: =ABS(Q29) | X29: =IF(OR(Inputs!$C$27=TRUE,Inputs!$C$27="TRUE",Inputs!$C$27=1),1,0)*(Inputs!$C$51*(115*EXP(-(((0)-25)^2)/(4.5^2))+70*EXP(-(((0)+38)^2)/(7^2))*(0.55+0.45*SIN(2*PI()*(A29)/45))+24*SIN(2*PI()*(0)/9+(A29)/18)*EXP(-(((0)+5)^2)/(22^2))+18*SIN(2*PI()*(A29)/70))+Inputs!$C$28*EXP(-(((A29)-Inputs!$C$29)^2)/(2*Inputs!$C$31^2))*EXP(-(((0)-Inputs!$C$30)^2)/(2*Inputs!$C$32^2))+-Inputs!$C$33*EXP(-(((((A29)-Inputs!$C$34)^2)+(((0)-Inputs!$C$35)^2))/(2*Inputs!$C$36^2)))+Inputs!$C$37*(0.55*SIN(2*PI()*(A29)/Inputs!$C$39)+0.35*COS(2*PI()*(0)/Inputs!$C$40)+0.2*SIN(2*PI()*((A29)+(0))/(0.5*(Inputs!$C$39+Inputs!$C$40))))+Inputs!$C$38*SIN(2*PI()*(A29)/Inputs!$C$39)*SIN(2*PI()*(0)/Inputs!$C$40)+-Inputs!$C$41*EXP(-(((0)-Inputs!$C$43)^2)/(2*Inputs!$C$44^2))*EXP(-(((A29)-Inputs!$C$42)^2)/(2*Inputs!$C$45^2))+Inputs!$C$48*(0.7*(0.45*SIN(2*PI()*(((A29)/Inputs!$C$49)+Inputs!$C$47*0.137))+0.35*COS(2*PI()*(((0)/Inputs!$C$50)+Inputs!$C$47*0.173))+0.2*SIN(2*PI()*(((A29)+(0))/(0.5*(Inputs!$C$49+Inputs!$C$50))+Inputs!$C$47*0.097)))+0.3*(2*((SIN(((A29)*12.9898+(0)*78.233+Inputs!$C$47*37.719))*43758.5453)-INT((SIN(((A29)*12.9898+(0)*78.233+Inputs!$C$47*37.719))*43758.5453)))-1))) | Y29: =IF(OR(Inputs!$C$27=TRUE,Inputs!$C$27="TRUE",Inputs!$C$27=1),1,0)*(Inputs!$C$51*(115*EXP(-(((Inputs!$C$6)-25)^2)/(4.5^2))+70*EXP(-(((Inputs!$C$6)+38)^2)/(7^2))*(0.55+0.45*SIN(2*PI()*(A29)/45))+24*SIN(2*PI()*(Inputs!$C$6)/9+(A29)/18)*EXP(-(((Inputs!$C$6)+5)^2)/(22^2))+18*SIN(2*PI()*(A29)/70))+Inputs!$C$28*EXP(-(((A29)-Inputs!$C$29)^2)/(2*Inputs!$C$31^2))*EXP(-(((Inputs!$C$6)-Inputs!$C$30)^2)/(2*Inputs!$C$32^2))+-Inputs!$C$33*EXP(-(((((A29)-Inputs!$C$34)^2)+(((Inputs!$C$6)-Inputs!$C$35)^2))/(2*Inputs!$C$36^2)))+Inputs!$C$37*(0.55*SIN(2*PI()*(A29)/Inputs!$C$39)+0.35*COS(2*PI()*(Inputs!$C$6)/Inputs!$C$40)+0.2*SIN(2*PI()*((A29)+(Inputs!$C$6))/(0.5*(Inputs!$C$39+Inputs!$C$40))))+Inputs!$C$38*SIN(2*PI()*(A29)/Inputs!$C$39)*SIN(2*PI()*(Inputs!$C$6)/Inputs!$C$40)+-Inputs!$C$41*EXP(-(((Inputs!$C$6)-Inputs!$C$43)^2)/(2*Inputs!$C$44^2))*EXP(-(((A29)-Inputs!$C$42)^2)/(2*Inputs!$C$45^2))+Inputs!$C$48*(0.7*(0.45*SIN(2*PI()*(((A29)/Inputs!$C$49)+Inputs!$C$47*0.137))+0.35*COS(2*PI()*(((Inputs!$C$6)/Inputs!$C$50)+Inputs!$C$47*0.173))+0.2*SIN(2*PI()*(((A29)+(Inputs!$C$6))/(0.5*(Inputs!$C$49+Inputs!$C$50))+Inputs!$C$47*0.097)))+0.3*(2*((SIN(((A29)*12.9898+(Inputs!$C$6)*78.233+Inputs!$C$47*37.719))*43758.5453)-INT((SIN(((A29)*12.9898+(Inputs!$C$6)*78.233+Inputs!$C$47*37.719))*43758.5453)))-1))) | Z29: =B29-X29/1000 | AA29: =SQRT((Inputs!$C$52+B29)^2+(Inputs!$C$52+Y29/1000)^2-2*(Inputs!$C$52+B29)*(Inputs!$C$52+Y29/1000)*COS(SQRT(A29^2+Inputs!$C$6^2)/Inputs!$C$52)) | AB29: =(AA29-Z29)*1000 | AC29: =AB29/Inputs!$C$12 | AD29: =2*AB29/Inputs!$C$21*1000000 | AE29: =DEGREES(ATAN(H29/(B29-Y29/1000))) | AF29: =DEGREES((2*PI()/Inputs!$C$13)*Inputs!$C$15*SIN(RADIANS(AE29))) | AG29: =(Z29/AA29)^4 | AH29: =10*LOG10(AG29) | AI29: =AC29-F29 | AJ29: =AD29-G29 | AK29: =Y29-X29 | AL29: =1000*(AA30-AA28)/(A30-A28)*Inputs!$C$11 | AM29: =-2*AL29/Inputs!$C$13 | AN29: =-2*AL29/Inputs!$C$14 | AO29: =ABS(AM29) | AP29: =ABS(AN29) | AQ29: =IF(OR(Inputs!$C$27=TRUE,Inputs!$C$27="TRUE",Inputs!$C$27=1),Inputs!$C$46/Inputs!$C$12,0) | AR29: =AC29-AQ29 | AS29: =AC29+AQ29
A30: =Inputs!$C$7+28*(Inputs!$C$8-Inputs!$C$7)/240 | B30: =Inputs!$C$5+Inputs!$C$9*(A30/Inputs!$C$10)^2 | C30: =B30 | D30: =SQRT((Inputs!$C$52+B30)^2+Inputs!$C$52^2-2*(Inputs!$C$52+B30)*Inputs!$C$52*COS(SQRT(A30^2+Inputs!$C$6^2)/Inputs!$C$52)) | E30: =(D30-C30)*1000 | F30: =E30/Inputs!$C$12 | G30: =2*E30/Inputs!$C$21*1000000 | H30: =SQRT(A30^2+Inputs!$C$6^2) | I30: =DEGREES(ATAN(H30/B30)) | J30: =DEGREES((2*PI()/Inputs!$C$13)*Inputs!$C$15*SIN(RADIANS(I30))) | K30: =(C30/D30)^4 | L30: =10*LOG10(K30) | M30: =2*(Inputs!$C$9/(Inputs!$C$10^2))*A30 | N30: =M30*Inputs!$C$11 | O30: =1000*(D31-D29)/(A31-A29)*Inputs!$C$11 | P30: =-2*O30/Inputs!$C$13 | Q30: =-2*O30/Inputs!$C$14 | R30: =F30-Inputs!$C$16/2 | S30: =F30+Inputs!$C$16/2 | T30: =F30-Inputs!$C$17/2 | U30: =F30+Inputs!$C$17/2 | V30: =ABS(P30) | W30: =ABS(Q30) | X30: =IF(OR(Inputs!$C$27=TRUE,Inputs!$C$27="TRUE",Inputs!$C$27=1),1,0)*(Inputs!$C$51*(115*EXP(-(((0)-25)^2)/(4.5^2))+70*EXP(-(((0)+38)^2)/(7^2))*(0.55+0.45*SIN(2*PI()*(A30)/45))+24*SIN(2*PI()*(0)/9+(A30)/18)*EXP(-(((0)+5)^2)/(22^2))+18*SIN(2*PI()*(A30)/70))+Inputs!$C$28*EXP(-(((A30)-Inputs!$C$29)^2)/(2*Inputs!$C$31^2))*EXP(-(((0)-Inputs!$C$30)^2)/(2*Inputs!$C$32^2))+-Inputs!$C$33*EXP(-(((((A30)-Inputs!$C$34)^2)+(((0)-Inputs!$C$35)^2))/(2*Inputs!$C$36^2)))+Inputs!$C$37*(0.55*SIN(2*PI()*(A30)/Inputs!$C$39)+0.35*COS(2*PI()*(0)/Inputs!$C$40)+0.2*SIN(2*PI()*((A30)+(0))/(0.5*(Inputs!$C$39+Inputs!$C$40))))+Inputs!$C$38*SIN(2*PI()*(A30)/Inputs!$C$39)*SIN(2*PI()*(0)/Inputs!$C$40)+-Inputs!$C$41*EXP(-(((0)-Inputs!$C$43)^2)/(2*Inputs!$C$44^2))*EXP(-(((A30)-Inputs!$C$42)^2)/(2*Inputs!$C$45^2))+Inputs!$C$48*(0.7*(0.45*SIN(2*PI()*(((A30)/Inputs!$C$49)+Inputs!$C$47*0.137))+0.35*COS(2*PI()*(((0)/Inputs!$C$50)+Inputs!$C$47*0.173))+0.2*SIN(2*PI()*(((A30)+(0))/(0.5*(Inputs!$C$49+Inputs!$C$50))+Inputs!$C$47*0.097)))+0.3*(2*((SIN(((A30)*12.9898+(0)*78.233+Inputs!$C$47*37.719))*43758.5453)-INT((SIN(((A30)*12.9898+(0)*78.233+Inputs!$C$47*37.719))*43758.5453)))-1))) | Y30: =IF(OR(Inputs!$C$27=TRUE,Inputs!$C$27="TRUE",Inputs!$C$27=1),1,0)*(Inputs!$C$51*(115*EXP(-(((Inputs!$C$6)-25)^2)/(4.5^2))+70*EXP(-(((Inputs!$C$6)+38)^2)/(7^2))*(0.55+0.45*SIN(2*PI()*(A30)/45))+24*SIN(2*PI()*(Inputs!$C$6)/9+(A30)/18)*EXP(-(((Inputs!$C$6)+5)^2)/(22^2))+18*SIN(2*PI()*(A30)/70))+Inputs!$C$28*EXP(-(((A30)-Inputs!$C$29)^2)/(2*Inputs!$C$31^2))*EXP(-(((Inputs!$C$6)-Inputs!$C$30)^2)/(2*Inputs!$C$32^2))+-Inputs!$C$33*EXP(-(((((A30)-Inputs!$C$34)^2)+(((Inputs!$C$6)-Inputs!$C$35)^2))/(2*Inputs!$C$36^2)))+Inputs!$C$37*(0.55*SIN(2*PI()*(A30)/Inputs!$C$39)+0.35*COS(2*PI()*(Inputs!$C$6)/Inputs!$C$40)+0.2*SIN(2*PI()*((A30)+(Inputs!$C$6))/(0.5*(Inputs!$C$39+Inputs!$C$40))))+Inputs!$C$38*SIN(2*PI()*(A30)/Inputs!$C$39)*SIN(2*PI()*(Inputs!$C$6)/Inputs!$C$40)+-Inputs!$C$41*EXP(-(((Inputs!$C$6)-Inputs!$C$43)^2)/(2*Inputs!$C$44^2))*EXP(-(((A30)-Inputs!$C$42)^2)/(2*Inputs!$C$45^2))+Inputs!$C$48*(0.7*(0.45*SIN(2*PI()*(((A30)/Inputs!$C$49)+Inputs!$C$47*0.137))+0.35*COS(2*PI()*(((Inputs!$C$6)/Inputs!$C$50)+Inputs!$C$47*0.173))+0.2*SIN(2*PI()*(((A30)+(Inputs!$C$6))/(0.5*(Inputs!$C$49+Inputs!$C$50))+Inputs!$C$47*0.097)))+0.3*(2*((SIN(((A30)*12.9898+(Inputs!$C$6)*78.233+Inputs!$C$47*37.719))*43758.5453)-INT((SIN(((A30)*12.9898+(Inputs!$C$6)*78.233+Inputs!$C$47*37.719))*43758.5453)))-1))) | Z30: =B30-X30/1000 | AA30: =SQRT((Inputs!$C$52+B30)^2+(Inputs!$C$52+Y30/1000)^2-2*(Inputs!$C$52+B30)*(Inputs!$C$52+Y30/1000)*COS(SQRT(A30^2+Inputs!$C$6^2)/Inputs!$C$52)) | AB30: =(AA30-Z30)*1000 | AC30: =AB30/Inputs!$C$12 | AD30: =2*AB30/Inputs!$C$21*1000000 | AE30: =DEGREES(ATAN(H30/(B30-Y30/1000))) | AF30: =DEGREES((2*PI()/Inputs!$C$13)*Inputs!$C$15*SIN(RADIANS(AE30))) | AG30: =(Z30/AA30)^4 | AH30: =10*LOG10(AG30) | AI30: =AC30-F30 | AJ30: =AD30-G30 | AK30: =Y30-X30 | AL30: =1000*(AA31-AA29)/(A31-A29)*Inputs!$C$11 | AM30: =-2*AL30/Inputs!$C$13 | AN30: =-2*AL30/Inputs!$C$14 | AO30: =ABS(AM30) | AP30: =ABS(AN30) | AQ30: =IF(OR(Inputs!$C$27=TRUE,Inputs!$C$27="TRUE",Inputs!$C$27=1),Inputs!$C$46/Inputs!$C$12,0) | AR30: =AC30-AQ30 | AS30: =AC30+AQ30
A31: =Inputs!$C$7+29*(Inputs!$C$8-Inputs!$C$7)/240 | B31: =Inputs!$C$5+Inputs!$C$9*(A31/Inputs!$C$10)^2 | C31: =B31 | D31: =SQRT((Inputs!$C$52+B31)^2+Inputs!$C$52^2-2*(Inputs!$C$52+B31)*Inputs!$C$52*COS(SQRT(A31^2+Inputs!$C$6^2)/Inputs!$C$52)) | E31: =(D31-C31)*1000 | F31: =E31/Inputs!$C$12 | G31: =2*E31/Inputs!$C$21*1000000 | H31: =SQRT(A31^2+Inputs!$C$6^2) | I31: =DEGREES(ATAN(H31/B31)) | J31: =DEGREES((2*PI()/Inputs!$C$13)*Inputs!$C$15*SIN(RADIANS(I31))) | K31: =(C31/D31)^4 | L31: =10*LOG10(K31) | M31: =2*(Inputs!$C$9/(Inputs!$C$10^2))*A31 | N31: =M31*Inputs!$C$11 | O31: =1000*(D32-D30)/(A32-A30)*Inputs!$C$11 | P31: =-2*O31/Inputs!$C$13 | Q31: =-2*O31/Inputs!$C$14 | R31: =F31-Inputs!$C$16/2 | S31: =F31+Inputs!$C$16/2 | T31: =F31-Inputs!$C$17/2 | U31: =F31+Inputs!$C$17/2 | V31: =ABS(P31) | W31: =ABS(Q31) | X31: =IF(OR(Inputs!$C$27=TRUE,Inputs!$C$27="TRUE",Inputs!$C$27=1),1,0)*(Inputs!$C$51*(115*EXP(-(((0)-25)^2)/(4.5^2))+70*EXP(-(((0)+38)^2)/(7^2))*(0.55+0.45*SIN(2*PI()*(A31)/45))+24*SIN(2*PI()*(0)/9+(A31)/18)*EXP(-(((0)+5)^2)/(22^2))+18*SIN(2*PI()*(A31)/70))+Inputs!$C$28*EXP(-(((A31)-Inputs!$C$29)^2)/(2*Inputs!$C$31^2))*EXP(-(((0)-Inputs!$C$30)^2)/(2*Inputs!$C$32^2))+-Inputs!$C$33*EXP(-(((((A31)-Inputs!$C$34)^2)+(((0)-Inputs!$C$35)^2))/(2*Inputs!$C$36^2)))+Inputs!$C$37*(0.55*SIN(2*PI()*(A31)/Inputs!$C$39)+0.35*COS(2*PI()*(0)/Inputs!$C$40)+0.2*SIN(2*PI()*((A31)+(0))/(0.5*(Inputs!$C$39+Inputs!$C$40))))+Inputs!$C$38*SIN(2*PI()*(A31)/Inputs!$C$39)*SIN(2*PI()*(0)/Inputs!$C$40)+-Inputs!$C$41*EXP(-(((0)-Inputs!$C$43)^2)/(2*Inputs!$C$44^2))*EXP(-(((A31)-Inputs!$C$42)^2)/(2*Inputs!$C$45^2))+Inputs!$C$48*(0.7*(0.45*SIN(2*PI()*(((A31)/Inputs!$C$49)+Inputs!$C$47*0.137))+0.35*COS(2*PI()*(((0)/Inputs!$C$50)+Inputs!$C$47*0.173))+0.2*SIN(2*PI()*(((A31)+(0))/(0.5*(Inputs!$C$49+Inputs!$C$50))+Inputs!$C$47*0.097)))+0.3*(2*((SIN(((A31)*12.9898+(0)*78.233+Inputs!$C$47*37.719))*43758.5453)-INT((SIN(((A31)*12.9898+(0)*78.233+Inputs!$C$47*37.719))*43758.5453)))-1))) | Y31: =IF(OR(Inputs!$C$27=TRUE,Inputs!$C$27="TRUE",Inputs!$C$27=1),1,0)*(Inputs!$C$51*(115*EXP(-(((Inputs!$C$6)-25)^2)/(4.5^2))+70*EXP(-(((Inputs!$C$6)+38)^2)/(7^2))*(0.55+0.45*SIN(2*PI()*(A31)/45))+24*SIN(2*PI()*(Inputs!$C$6)/9+(A31)/18)*EXP(-(((Inputs!$C$6)+5)^2)/(22^2))+18*SIN(2*PI()*(A31)/70))+Inputs!$C$28*EXP(-(((A31)-Inputs!$C$29)^2)/(2*Inputs!$C$31^2))*EXP(-(((Inputs!$C$6)-Inputs!$C$30)^2)/(2*Inputs!$C$32^2))+-Inputs!$C$33*EXP(-(((((A31)-Inputs!$C$34)^2)+(((Inputs!$C$6)-Inputs!$C$35)^2))/(2*Inputs!$C$36^2)))+Inputs!$C$37*(0.55*SIN(2*PI()*(A31)/Inputs!$C$39)+0.35*COS(2*PI()*(Inputs!$C$6)/Inputs!$C$40)+0.2*SIN(2*PI()*((A31)+(Inputs!$C$6))/(0.5*(Inputs!$C$39+Inputs!$C$40))))+Inputs!$C$38*SIN(2*PI()*(A31)/Inputs!$C$39)*SIN(2*PI()*(Inputs!$C$6)/Inputs!$C$40)+-Inputs!$C$41*EXP(-(((Inputs!$C$6)-Inputs!$C$43)^2)/(2*Inputs!$C$44^2))*EXP(-(((A31)-Inputs!$C$42)^2)/(2*Inputs!$C$45^2))+Inputs!$C$48*(0.7*(0.45*SIN(2*PI()*(((A31)/Inputs!$C$49)+Inputs!$C$47*0.137))+0.35*COS(2*PI()*(((Inputs!$C$6)/Inputs!$C$50)+Inputs!$C$47*0.173))+0.2*SIN(2*PI()*(((A31)+(Inputs!$C$6))/(0.5*(Inputs!$C$49+Inputs!$C$50))+Inputs!$C$47*0.097)))+0.3*(2*((SIN(((A31)*12.9898+(Inputs!$C$6)*78.233+Inputs!$C$47*37.719))*43758.5453)-INT((SIN(((A31)*12.9898+(Inputs!$C$6)*78.233+Inputs!$C$47*37.719))*43758.5453)))-1))) | Z31: =B31-X31/1000 | AA31: =SQRT((Inputs!$C$52+B31)^2+(Inputs!$C$52+Y31/1000)^2-2*(Inputs!$C$52+B31)*(Inputs!$C$52+Y31/1000)*COS(SQRT(A31^2+Inputs!$C$6^2)/Inputs!$C$52)) | AB31: =(AA31-Z31)*1000 | AC31: =AB31/Inputs!$C$12 | AD31: =2*AB31/Inputs!$C$21*1000000 | AE31: =DEGREES(ATAN(H31/(B31-Y31/1000))) | AF31: =DEGREES((2*PI()/Inputs!$C$13)*Inputs!$C$15*SIN(RADIANS(AE31))) | AG31: =(Z31/AA31)^4 | AH31: =10*LOG10(AG31) | AI31: =AC31-F31 | AJ31: =AD31-G31 | AK31: =Y31-X31 | AL31: =1000*(AA32-AA30)/(A32-A30)*Inputs!$C$11 | AM31: =-2*AL31/Inputs!$C$13 | AN31: =-2*AL31/Inputs!$C$14 | AO31: =ABS(AM31) | AP31: =ABS(AN31) | AQ31: =IF(OR(Inputs!$C$27=TRUE,Inputs!$C$27="TRUE",Inputs!$C$27=1),Inputs!$C$46/Inputs!$C$12,0) | AR31: =AC31-AQ31 | AS31: =AC31+AQ31
A32: =Inputs!$C$7+30*(Inputs!$C$8-Inputs!$C$7)/240 | B32: =Inputs!$C$5+Inputs!$C$9*(A32/Inputs!$C$10)^2 | C32: =B32 | D32: =SQRT((Inputs!$C$52+B32)^2+Inputs!$C$52^2-2*(Inputs!$C$52+B32)*Inputs!$C$52*COS(SQRT(A32^2+Inputs!$C$6^2)/Inputs!$C$52)) | E32: =(D32-C32)*1000 | F32: =E32/Inputs!$C$12 | G32: =2*E32/Inputs!$C$21*1000000 | H32: =SQRT(A32^2+Inputs!$C$6^2) | I32: =DEGREES(ATAN(H32/B32)) | J32: =DEGREES((2*PI()/Inputs!$C$13)*Inputs!$C$15*SIN(RADIANS(I32))) | K32: =(C32/D32)^4 | L32: =10*LOG10(K32) | M32: =2*(Inputs!$C$9/(Inputs!$C$10^2))*A32 | N32: =M32*Inputs!$C$11 | O32: =1000*(D33-D31)/(A33-A31)*Inputs!$C$11 | P32: =-2*O32/Inputs!$C$13 | Q32: =-2*O32/Inputs!$C$14 | R32: =F32-Inputs!$C$16/2 | S32: =F32+Inputs!$C$16/2 | T32: =F32-Inputs!$C$17/2 | U32: =F32+Inputs!$C$17/2 | V32: =ABS(P32) | W32: =ABS(Q32) | X32: =IF(OR(Inputs!$C$27=TRUE,Inputs!$C$27="TRUE",Inputs!$C$27=1),1,0)*(Inputs!$C$51*(115*EXP(-(((0)-25)^2)/(4.5^2))+70*EXP(-(((0)+38)^2)/(7^2))*(0.55+0.45*SIN(2*PI()*(A32)/45))+24*SIN(2*PI()*(0)/9+(A32)/18)*EXP(-(((0)+5)^2)/(22^2))+18*SIN(2*PI()*(A32)/70))+Inputs!$C$28*EXP(-(((A32)-Inputs!$C$29)^2)/(2*Inputs!$C$31^2))*EXP(-(((0)-Inputs!$C$30)^2)/(2*Inputs!$C$32^2))+-Inputs!$C$33*EXP(-(((((A32)-Inputs!$C$34)^2)+(((0)-Inputs!$C$35)^2))/(2*Inputs!$C$36^2)))+Inputs!$C$37*(0.55*SIN(2*PI()*(A32)/Inputs!$C$39)+0.35*COS(2*PI()*(0)/Inputs!$C$40)+0.2*SIN(2*PI()*((A32)+(0))/(0.5*(Inputs!$C$39+Inputs!$C$40))))+Inputs!$C$38*SIN(2*PI()*(A32)/Inputs!$C$39)*SIN(2*PI()*(0)/Inputs!$C$40)+-Inputs!$C$41*EXP(-(((0)-Inputs!$C$43)^2)/(2*Inputs!$C$44^2))*EXP(-(((A32)-Inputs!$C$42)^2)/(2*Inputs!$C$45^2))+Inputs!$C$48*(0.7*(0.45*SIN(2*PI()*(((A32)/Inputs!$C$49)+Inputs!$C$47*0.137))+0.35*COS(2*PI()*(((0)/Inputs!$C$50)+Inputs!$C$47*0.173))+0.2*SIN(2*PI()*(((A32)+(0))/(0.5*(Inputs!$C$49+Inputs!$C$50))+Inputs!$C$47*0.097)))+0.3*(2*((SIN(((A32)*12.9898+(0)*78.233+Inputs!$C$47*37.719))*43758.5453)-INT((SIN(((A32)*12.9898+(0)*78.233+Inputs!$C$47*37.719))*43758.5453)))-1))) | Y32: =IF(OR(Inputs!$C$27=TRUE,Inputs!$C$27="TRUE",Inputs!$C$27=1),1,0)*(Inputs!$C$51*(115*EXP(-(((Inputs!$C$6)-25)^2)/(4.5^2))+70*EXP(-(((Inputs!$C$6)+38)^2)/(7^2))*(0.55+0.45*SIN(2*PI()*(A32)/45))+24*SIN(2*PI()*(Inputs!$C$6)/9+(A32)/18)*EXP(-(((Inputs!$C$6)+5)^2)/(22^2))+18*SIN(2*PI()*(A32)/70))+Inputs!$C$28*EXP(-(((A32)-Inputs!$C$29)^2)/(2*Inputs!$C$31^2))*EXP(-(((Inputs!$C$6)-Inputs!$C$30)^2)/(2*Inputs!$C$32^2))+-Inputs!$C$33*EXP(-(((((A32)-Inputs!$C$34)^2)+(((Inputs!$C$6)-Inputs!$C$35)^2))/(2*Inputs!$C$36^2)))+Inputs!$C$37*(0.55*SIN(2*PI()*(A32)/Inputs!$C$39)+0.35*COS(2*PI()*(Inputs!$C$6)/Inputs!$C$40)+0.2*SIN(2*PI()*((A32)+(Inputs!$C$6))/(0.5*(Inputs!$C$39+Inputs!$C$40))))+Inputs!$C$38*SIN(2*PI()*(A32)/Inputs!$C$39)*SIN(2*PI()*(Inputs!$C$6)/Inputs!$C$40)+-Inputs!$C$41*EXP(-(((Inputs!$C$6)-Inputs!$C$43)^2)/(2*Inputs!$C$44^2))*EXP(-(((A32)-Inputs!$C$42)^2)/(2*Inputs!$C$45^2))+Inputs!$C$48*(0.7*(0.45*SIN(2*PI()*(((A32)/Inputs!$C$49)+Inputs!$C$47*0.137))+0.35*COS(2*PI()*(((Inputs!$C$6)/Inputs!$C$50)+Inputs!$C$47*0.173))+0.2*SIN(2*PI()*(((A32)+(Inputs!$C$6))/(0.5*(Inputs!$C$49+Inputs!$C$50))+Inputs!$C$47*0.097)))+0.3*(2*((SIN(((A32)*12.9898+(Inputs!$C$6)*78.233+Inputs!$C$47*37.719))*43758.5453)-INT((SIN(((A32)*12.9898+(Inputs!$C$6)*78.233+Inputs!$C$47*37.719))*43758.5453)))-1))) | Z32: =B32-X32/1000 | AA32: =SQRT((Inputs!$C$52+B32)^2+(Inputs!$C$52+Y32/1000)^2-2*(Inputs!$C$52+B32)*(Inputs!$C$52+Y32/1000)*COS(SQRT(A32^2+Inputs!$C$6^2)/Inputs!$C$52)) | AB32: =(AA32-Z32)*1000 | AC32: =AB32/Inputs!$C$12 | AD32: =2*AB32/Inputs!$C$21*1000000 | AE32: =DEGREES(ATAN(H32/(B32-Y32/1000))) | AF32: =DEGREES((2*PI()/Inputs!$C$13)*Inputs!$C$15*SIN(RADIANS(AE32))) | AG32: =(Z32/AA32)^4 | AH32: =10*LOG10(AG32) | AI32: =AC32-F32 | AJ32: =AD32-G32 | AK32: =Y32-X32 | AL32: =1000*(AA33-AA31)/(A33-A31)*Inputs!$C$11 | AM32: =-2*AL32/Inputs!$C$13 | AN32: =-2*AL32/Inputs!$C$14 | AO32: =ABS(AM32) | AP32: =ABS(AN32) | AQ32: =IF(OR(Inputs!$C$27=TRUE,Inputs!$C$27="TRUE",Inputs!$C$27=1),Inputs!$C$46/Inputs!$C$12,0) | AR32: =AC32-AQ32 | AS32: =AC32+AQ32
A33: =Inputs!$C$7+31*(Inputs!$C$8-Inputs!$C$7)/240 | B33: =Inputs!$C$5+Inputs!$C$9*(A33/Inputs!$C$10)^2 | C33: =B33 | D33: =SQRT((Inputs!$C$52+B33)^2+Inputs!$C$52^2-2*(Inputs!$C$52+B33)*Inputs!$C$52*COS(SQRT(A33^2+Inputs!$C$6^2)/Inputs!$C$52)) | E33: =(D33-C33)*1000 | F33: =E33/Inputs!$C$12 | G33: =2*E33/Inputs!$C$21*1000000 | H33: =SQRT(A33^2+Inputs!$C$6^2) | I33: =DEGREES(ATAN(H33/B33)) | J33: =DEGREES((2*PI()/Inputs!$C$13)*Inputs!$C$15*SIN(RADIANS(I33))) | K33: =(C33/D33)^4 | L33: =10*LOG10(K33) | M33: =2*(Inputs!$C$9/(Inputs!$C$10^2))*A33 | N33: =M33*Inputs!$C$11 | O33: =1000*(D34-D32)/(A34-A32)*Inputs!$C$11 | P33: =-2*O33/Inputs!$C$13 | Q33: =-2*O33/Inputs!$C$14 | R33: =F33-Inputs!$C$16/2 | S33: =F33+Inputs!$C$16/2 | T33: =F33-Inputs!$C$17/2 | U33: =F33+Inputs!$C$17/2 | V33: =ABS(P33) | W33: =ABS(Q33) | X33: =IF(OR(Inputs!$C$27=TRUE,Inputs!$C$27="TRUE",Inputs!$C$27=1),1,0)*(Inputs!$C$51*(115*EXP(-(((0)-25)^2)/(4.5^2))+70*EXP(-(((0)+38)^2)/(7^2))*(0.55+0.45*SIN(2*PI()*(A33)/45))+24*SIN(2*PI()*(0)/9+(A33)/18)*EXP(-(((0)+5)^2)/(22^2))+18*SIN(2*PI()*(A33)/70))+Inputs!$C$28*EXP(-(((A33)-Inputs!$C$29)^2)/(2*Inputs!$C$31^2))*EXP(-(((0)-Inputs!$C$30)^2)/(2*Inputs!$C$32^2))+-Inputs!$C$33*EXP(-(((((A33)-Inputs!$C$34)^2)+(((0)-Inputs!$C$35)^2))/(2*Inputs!$C$36^2)))+Inputs!$C$37*(0.55*SIN(2*PI()*(A33)/Inputs!$C$39)+0.35*COS(2*PI()*(0)/Inputs!$C$40)+0.2*SIN(2*PI()*((A33)+(0))/(0.5*(Inputs!$C$39+Inputs!$C$40))))+Inputs!$C$38*SIN(2*PI()*(A33)/Inputs!$C$39)*SIN(2*PI()*(0)/Inputs!$C$40)+-Inputs!$C$41*EXP(-(((0)-Inputs!$C$43)^2)/(2*Inputs!$C$44^2))*EXP(-(((A33)-Inputs!$C$42)^2)/(2*Inputs!$C$45^2))+Inputs!$C$48*(0.7*(0.45*SIN(2*PI()*(((A33)/Inputs!$C$49)+Inputs!$C$47*0.137))+0.35*COS(2*PI()*(((0)/Inputs!$C$50)+Inputs!$C$47*0.173))+0.2*SIN(2*PI()*(((A33)+(0))/(0.5*(Inputs!$C$49+Inputs!$C$50))+Inputs!$C$47*0.097)))+0.3*(2*((SIN(((A33)*12.9898+(0)*78.233+Inputs!$C$47*37.719))*43758.5453)-INT((SIN(((A33)*12.9898+(0)*78.233+Inputs!$C$47*37.719))*43758.5453)))-1))) | Y33: =IF(OR(Inputs!$C$27=TRUE,Inputs!$C$27="TRUE",Inputs!$C$27=1),1,0)*(Inputs!$C$51*(115*EXP(-(((Inputs!$C$6)-25)^2)/(4.5^2))+70*EXP(-(((Inputs!$C$6)+38)^2)/(7^2))*(0.55+0.45*SIN(2*PI()*(A33)/45))+24*SIN(2*PI()*(Inputs!$C$6)/9+(A33)/18)*EXP(-(((Inputs!$C$6)+5)^2)/(22^2))+18*SIN(2*PI()*(A33)/70))+Inputs!$C$28*EXP(-(((A33)-Inputs!$C$29)^2)/(2*Inputs!$C$31^2))*EXP(-(((Inputs!$C$6)-Inputs!$C$30)^2)/(2*Inputs!$C$32^2))+-Inputs!$C$33*EXP(-(((((A33)-Inputs!$C$34)^2)+(((Inputs!$C$6)-Inputs!$C$35)^2))/(2*Inputs!$C$36^2)))+Inputs!$C$37*(0.55*SIN(2*PI()*(A33)/Inputs!$C$39)+0.35*COS(2*PI()*(Inputs!$C$6)/Inputs!$C$40)+0.2*SIN(2*PI()*((A33)+(Inputs!$C$6))/(0.5*(Inputs!$C$39+Inputs!$C$40))))+Inputs!$C$38*SIN(2*PI()*(A33)/Inputs!$C$39)*SIN(2*PI()*(Inputs!$C$6)/Inputs!$C$40)+-Inputs!$C$41*EXP(-(((Inputs!$C$6)-Inputs!$C$43)^2)/(2*Inputs!$C$44^2))*EXP(-(((A33)-Inputs!$C$42)^2)/(2*Inputs!$C$45^2))+Inputs!$C$48*(0.7*(0.45*SIN(2*PI()*(((A33)/Inputs!$C$49)+Inputs!$C$47*0.137))+0.35*COS(2*PI()*(((Inputs!$C$6)/Inputs!$C$50)+Inputs!$C$47*0.173))+0.2*SIN(2*PI()*(((A33)+(Inputs!$C$6))/(0.5*(Inputs!$C$49+Inputs!$C$50))+Inputs!$C$47*0.097)))+0.3*(2*((SIN(((A33)*12.9898+(Inputs!$C$6)*78.233+Inputs!$C$47*37.719))*43758.5453)-INT((SIN(((A33)*12.9898+(Inputs!$C$6)*78.233+Inputs!$C$47*37.719))*43758.5453)))-1))) | Z33: =B33-X33/1000 | AA33: =SQRT((Inputs!$C$52+B33)^2+(Inputs!$C$52+Y33/1000)^2-2*(Inputs!$C$52+B33)*(Inputs!$C$52+Y33/1000)*COS(SQRT(A33^2+Inputs!$C$6^2)/Inputs!$C$52)) | AB33: =(AA33-Z33)*1000 | AC33: =AB33/Inputs!$C$12 | AD33: =2*AB33/Inputs!$C$21*1000000 | AE33: =DEGREES(ATAN(H33/(B33-Y33/1000))) | AF33: =DEGREES((2*PI()/Inputs!$C$13)*Inputs!$C$15*SIN(RADIANS(AE33))) | AG33: =(Z33/AA33)^4 | AH33: =10*LOG10(AG33) | AI33: =AC33-F33 | AJ33: =AD33-G33 | AK33: =Y33-X33 | AL33: =1000*(AA34-AA32)/(A34-A32)*Inputs!$C$11 | AM33: =-2*AL33/Inputs!$C$13 | AN33: =-2*AL33/Inputs!$C$14 | AO33: =ABS(AM33) | AP33: =ABS(AN33) | AQ33: =IF(OR(Inputs!$C$27=TRUE,Inputs!$C$27="TRUE",Inputs!$C$27=1),Inputs!$C$46/Inputs!$C$12,0) | AR33: =AC33-AQ33 | AS33: =AC33+AQ33
A34: =Inputs!$C$7+32*(Inputs!$C$8-Inputs!$C$7)/240 | B34: =Inputs!$C$5+Inputs!$C$9*(A34/Inputs!$C$10)^2 | C34: =B34 | D34: =SQRT((Inputs!$C$52+B34)^2+Inputs!$C$52^2-2*(Inputs!$C$52+B34)*Inputs!$C$52*COS(SQRT(A34^2+Inputs!$C$6^2)/Inputs!$C$52)) | E34: =(D34-C34)*1000 | F34: =E34/Inputs!$C$12 | G34: =2*E34/Inputs!$C$21*1000000 | H34: =SQRT(A34^2+Inputs!$C$6^2) | I34: =DEGREES(ATAN(H34/B34)) | J34: =DEGREES((2*PI()/Inputs!$C$13)*Inputs!$C$15*SIN(RADIANS(I34))) | K34: =(C34/D34)^4 | L34: =10*LOG10(K34) | M34: =2*(Inputs!$C$9/(Inputs!$C$10^2))*A34 | N34: =M34*Inputs!$C$11 | O34: =1000*(D35-D33)/(A35-A33)*Inputs!$C$11 | P34: =-2*O34/Inputs!$C$13 | Q34: =-2*O34/Inputs!$C$14 | R34: =F34-Inputs!$C$16/2 | S34: =F34+Inputs!$C$16/2 | T34: =F34-Inputs!$C$17/2 | U34: =F34+Inputs!$C$17/2 | V34: =ABS(P34) | W34: =ABS(Q34) | X34: =IF(OR(Inputs!$C$27=TRUE,Inputs!$C$27="TRUE",Inputs!$C$27=1),1,0)*(Inputs!$C$51*(115*EXP(-(((0)-25)^2)/(4.5^2))+70*EXP(-(((0)+38)^2)/(7^2))*(0.55+0.45*SIN(2*PI()*(A34)/45))+24*SIN(2*PI()*(0)/9+(A34)/18)*EXP(-(((0)+5)^2)/(22^2))+18*SIN(2*PI()*(A34)/70))+Inputs!$C$28*EXP(-(((A34)-Inputs!$C$29)^2)/(2*Inputs!$C$31^2))*EXP(-(((0)-Inputs!$C$30)^2)/(2*Inputs!$C$32^2))+-Inputs!$C$33*EXP(-(((((A34)-Inputs!$C$34)^2)+(((0)-Inputs!$C$35)^2))/(2*Inputs!$C$36^2)))+Inputs!$C$37*(0.55*SIN(2*PI()*(A34)/Inputs!$C$39)+0.35*COS(2*PI()*(0)/Inputs!$C$40)+0.2*SIN(2*PI()*((A34)+(0))/(0.5*(Inputs!$C$39+Inputs!$C$40))))+Inputs!$C$38*SIN(2*PI()*(A34)/Inputs!$C$39)*SIN(2*PI()*(0)/Inputs!$C$40)+-Inputs!$C$41*EXP(-(((0)-Inputs!$C$43)^2)/(2*Inputs!$C$44^2))*EXP(-(((A34)-Inputs!$C$42)^2)/(2*Inputs!$C$45^2))+Inputs!$C$48*(0.7*(0.45*SIN(2*PI()*(((A34)/Inputs!$C$49)+Inputs!$C$47*0.137))+0.35*COS(2*PI()*(((0)/Inputs!$C$50)+Inputs!$C$47*0.173))+0.2*SIN(2*PI()*(((A34)+(0))/(0.5*(Inputs!$C$49+Inputs!$C$50))+Inputs!$C$47*0.097)))+0.3*(2*((SIN(((A34)*12.9898+(0)*78.233+Inputs!$C$47*37.719))*43758.5453)-INT((SIN(((A34)*12.9898+(0)*78.233+Inputs!$C$47*37.719))*43758.5453)))-1))) | Y34: =IF(OR(Inputs!$C$27=TRUE,Inputs!$C$27="TRUE",Inputs!$C$27=1),1,0)*(Inputs!$C$51*(115*EXP(-(((Inputs!$C$6)-25)^2)/(4.5^2))+70*EXP(-(((Inputs!$C$6)+38)^2)/(7^2))*(0.55+0.45*SIN(2*PI()*(A34)/45))+24*SIN(2*PI()*(Inputs!$C$6)/9+(A34)/18)*EXP(-(((Inputs!$C$6)+5)^2)/(22^2))+18*SIN(2*PI()*(A34)/70))+Inputs!$C$28*EXP(-(((A34)-Inputs!$C$29)^2)/(2*Inputs!$C$31^2))*EXP(-(((Inputs!$C$6)-Inputs!$C$30)^2)/(2*Inputs!$C$32^2))+-Inputs!$C$33*EXP(-(((((A34)-Inputs!$C$34)^2)+(((Inputs!$C$6)-Inputs!$C$35)^2))/(2*Inputs!$C$36^2)))+Inputs!$C$37*(0.55*SIN(2*PI()*(A34)/Inputs!$C$39)+0.35*COS(2*PI()*(Inputs!$C$6)/Inputs!$C$40)+0.2*SIN(2*PI()*((A34)+(Inputs!$C$6))/(0.5*(Inputs!$C$39+Inputs!$C$40))))+Inputs!$C$38*SIN(2*PI()*(A34)/Inputs!$C$39)*SIN(2*PI()*(Inputs!$C$6)/Inputs!$C$40)+-Inputs!$C$41*EXP(-(((Inputs!$C$6)-Inputs!$C$43)^2)/(2*Inputs!$C$44^2))*EXP(-(((A34)-Inputs!$C$42)^2)/(2*Inputs!$C$45^2))+Inputs!$C$48*(0.7*(0.45*SIN(2*PI()*(((A34)/Inputs!$C$49)+Inputs!$C$47*0.137))+0.35*COS(2*PI()*(((Inputs!$C$6)/Inputs!$C$50)+Inputs!$C$47*0.173))+0.2*SIN(2*PI()*(((A34)+(Inputs!$C$6))/(0.5*(Inputs!$C$49+Inputs!$C$50))+Inputs!$C$47*0.097)))+0.3*(2*((SIN(((A34)*12.9898+(Inputs!$C$6)*78.233+Inputs!$C$47*37.719))*43758.5453)-INT((SIN(((A34)*12.9898+(Inputs!$C$6)*78.233+Inputs!$C$47*37.719))*43758.5453)))-1))) | Z34: =B34-X34/1000 | AA34: =SQRT((Inputs!$C$52+B34)^2+(Inputs!$C$52+Y34/1000)^2-2*(Inputs!$C$52+B34)*(Inputs!$C$52+Y34/1000)*COS(SQRT(A34^2+Inputs!$C$6^2)/Inputs!$C$52)) | AB34: =(AA34-Z34)*1000 | AC34: =AB34/Inputs!$C$12 | AD34: =2*AB34/Inputs!$C$21*1000000 | AE34: =DEGREES(ATAN(H34/(B34-Y34/1000))) | AF34: =DEGREES((2*PI()/Inputs!$C$13)*Inputs!$C$15*SIN(RADIANS(AE34))) | AG34: =(Z34/AA34)^4 | AH34: =10*LOG10(AG34) | AI34: =AC34-F34 | AJ34: =AD34-G34 | AK34: =Y34-X34 | AL34: =1000*(AA35-AA33)/(A35-A33)*Inputs!$C$11 | AM34: =-2*AL34/Inputs!$C$13 | AN34: =-2*AL34/Inputs!$C$14 | AO34: =ABS(AM34) | AP34: =ABS(AN34) | AQ34: =IF(OR(Inputs!$C$27=TRUE,Inputs!$C$27="TRUE",Inputs!$C$27=1),Inputs!$C$46/Inputs!$C$12,0) | AR34: =AC34-AQ34 | AS34: =AC34+AQ34
A35: =Inputs!$C$7+33*(Inputs!$C$8-Inputs!$C$7)/240 | B35: =Inputs!$C$5+Inputs!$C$9*(A35/Inputs!$C$10)^2 | C35: =B35 | D35: =SQRT((Inputs!$C$52+B35)^2+Inputs!$C$52^2-2*(Inputs!$C$52+B35)*Inputs!$C$52*COS(SQRT(A35^2+Inputs!$C$6^2)/Inputs!$C$52)) | E35: =(D35-C35)*1000 | F35: =E35/Inputs!$C$12 | G35: =2*E35/Inputs!$C$21*1000000 | H35: =SQRT(A35^2+Inputs!$C$6^2) | I35: =DEGREES(ATAN(H35/B35)) | J35: =DEGREES((2*PI()/Inputs!$C$13)*Inputs!$C$15*SIN(RADIANS(I35))) | K35: =(C35/D35)^4 | L35: =10*LOG10(K35) | M35: =2*(Inputs!$C$9/(Inputs!$C$10^2))*A35 | N35: =M35*Inputs!$C$11 | O35: =1000*(D36-D34)/(A36-A34)*Inputs!$C$11 | P35: =-2*O35/Inputs!$C$13 | Q35: =-2*O35/Inputs!$C$14 | R35: =F35-Inputs!$C$16/2 | S35: =F35+Inputs!$C$16/2 | T35: =F35-Inputs!$C$17/2 | U35: =F35+Inputs!$C$17/2 | V35: =ABS(P35) | W35: =ABS(Q35) | X35: =IF(OR(Inputs!$C$27=TRUE,Inputs!$C$27="TRUE",Inputs!$C$27=1),1,0)*(Inputs!$C$51*(115*EXP(-(((0)-25)^2)/(4.5^2))+70*EXP(-(((0)+38)^2)/(7^2))*(0.55+0.45*SIN(2*PI()*(A35)/45))+24*SIN(2*PI()*(0)/9+(A35)/18)*EXP(-(((0)+5)^2)/(22^2))+18*SIN(2*PI()*(A35)/70))+Inputs!$C$28*EXP(-(((A35)-Inputs!$C$29)^2)/(2*Inputs!$C$31^2))*EXP(-(((0)-Inputs!$C$30)^2)/(2*Inputs!$C$32^2))+-Inputs!$C$33*EXP(-(((((A35)-Inputs!$C$34)^2)+(((0)-Inputs!$C$35)^2))/(2*Inputs!$C$36^2)))+Inputs!$C$37*(0.55*SIN(2*PI()*(A35)/Inputs!$C$39)+0.35*COS(2*PI()*(0)/Inputs!$C$40)+0.2*SIN(2*PI()*((A35)+(0))/(0.5*(Inputs!$C$39+Inputs!$C$40))))+Inputs!$C$38*SIN(2*PI()*(A35)/Inputs!$C$39)*SIN(2*PI()*(0)/Inputs!$C$40)+-Inputs!$C$41*EXP(-(((0)-Inputs!$C$43)^2)/(2*Inputs!$C$44^2))*EXP(-(((A35)-Inputs!$C$42)^2)/(2*Inputs!$C$45^2))+Inputs!$C$48*(0.7*(0.45*SIN(2*PI()*(((A35)/Inputs!$C$49)+Inputs!$C$47*0.137))+0.35*COS(2*PI()*(((0)/Inputs!$C$50)+Inputs!$C$47*0.173))+0.2*SIN(2*PI()*(((A35)+(0))/(0.5*(Inputs!$C$49+Inputs!$C$50))+Inputs!$C$47*0.097)))+0.3*(2*((SIN(((A35)*12.9898+(0)*78.233+Inputs!$C$47*37.719))*43758.5453)-INT((SIN(((A35)*12.9898+(0)*78.233+Inputs!$C$47*37.719))*43758.5453)))-1))) | Y35: =IF(OR(Inputs!$C$27=TRUE,Inputs!$C$27="TRUE",Inputs!$C$27=1),1,0)*(Inputs!$C$51*(115*EXP(-(((Inputs!$C$6)-25)^2)/(4.5^2))+70*EXP(-(((Inputs!$C$6)+38)^2)/(7^2))*(0.55+0.45*SIN(2*PI()*(A35)/45))+24*SIN(2*PI()*(Inputs!$C$6)/9+(A35)/18)*EXP(-(((Inputs!$C$6)+5)^2)/(22^2))+18*SIN(2*PI()*(A35)/70))+Inputs!$C$28*EXP(-(((A35)-Inputs!$C$29)^2)/(2*Inputs!$C$31^2))*EXP(-(((Inputs!$C$6)-Inputs!$C$30)^2)/(2*Inputs!$C$32^2))+-Inputs!$C$33*EXP(-(((((A35)-Inputs!$C$34)^2)+(((Inputs!$C$6)-Inputs!$C$35)^2))/(2*Inputs!$C$36^2)))+Inputs!$C$37*(0.55*SIN(2*PI()*(A35)/Inputs!$C$39)+0.35*COS(2*PI()*(Inputs!$C$6)/Inputs!$C$40)+0.2*SIN(2*PI()*((A35)+(Inputs!$C$6))/(0.5*(Inputs!$C$39+Inputs!$C$40))))+Inputs!$C$38*SIN(2*PI()*(A35)/Inputs!$C$39)*SIN(2*PI()*(Inputs!$C$6)/Inputs!$C$40)+-Inputs!$C$41*EXP(-(((Inputs!$C$6)-Inputs!$C$43)^2)/(2*Inputs!$C$44^2))*EXP(-(((A35)-Inputs!$C$42)^2)/(2*Inputs!$C$45^2))+Inputs!$C$48*(0.7*(0.45*SIN(2*PI()*(((A35)/Inputs!$C$49)+Inputs!$C$47*0.137))+0.35*COS(2*PI()*(((Inputs!$C$6)/Inputs!$C$50)+Inputs!$C$47*0.173))+0.2*SIN(2*PI()*(((A35)+(Inputs!$C$6))/(0.5*(Inputs!$C$49+Inputs!$C$50))+Inputs!$C$47*0.097)))+0.3*(2*((SIN(((A35)*12.9898+(Inputs!$C$6)*78.233+Inputs!$C$47*37.719))*43758.5453)-INT((SIN(((A35)*12.9898+(Inputs!$C$6)*78.233+Inputs!$C$47*37.719))*43758.5453)))-1))) | Z35: =B35-X35/1000 | AA35: =SQRT((Inputs!$C$52+B35)^2+(Inputs!$C$52+Y35/1000)^2-2*(Inputs!$C$52+B35)*(Inputs!$C$52+Y35/1000)*COS(SQRT(A35^2+Inputs!$C$6^2)/Inputs!$C$52)) | AB35: =(AA35-Z35)*1000 | AC35: =AB35/Inputs!$C$12 | AD35: =2*AB35/Inputs!$C$21*1000000 | AE35: =DEGREES(ATAN(H35/(B35-Y35/1000))) | AF35: =DEGREES((2*PI()/Inputs!$C$13)*Inputs!$C$15*SIN(RADIANS(AE35))) | AG35: =(Z35/AA35)^4 | AH35: =10*LOG10(AG35) | AI35: =AC35-F35 | AJ35: =AD35-G35 | AK35: =Y35-X35 | AL35: =1000*(AA36-AA34)/(A36-A34)*Inputs!$C$11 | AM35: =-2*AL35/Inputs!$C$13 | AN35: =-2*AL35/Inputs!$C$14 | AO35: =ABS(AM35) | AP35: =ABS(AN35) | AQ35: =IF(OR(Inputs!$C$27=TRUE,Inputs!$C$27="TRUE",Inputs!$C$27=1),Inputs!$C$46/Inputs!$C$12,0) | AR35: =AC35-AQ35 | AS35: =AC35+AQ35
A36: =Inputs!$C$7+34*(Inputs!$C$8-Inputs!$C$7)/240 | B36: =Inputs!$C$5+Inputs!$C$9*(A36/Inputs!$C$10)^2 | C36: =B36 | D36: =SQRT((Inputs!$C$52+B36)^2+Inputs!$C$52^2-2*(Inputs!$C$52+B36)*Inputs!$C$52*COS(SQRT(A36^2+Inputs!$C$6^2)/Inputs!$C$52)) | E36: =(D36-C36)*1000 | F36: =E36/Inputs!$C$12 | G36: =2*E36/Inputs!$C$21*1000000 | H36: =SQRT(A36^2+Inputs!$C$6^2) | I36: =DEGREES(ATAN(H36/B36)) | J36: =DEGREES((2*PI()/Inputs!$C$13)*Inputs!$C$15*SIN(RADIANS(I36))) | K36: =(C36/D36)^4 | L36: =10*LOG10(K36) | M36: =2*(Inputs!$C$9/(Inputs!$C$10^2))*A36 | N36: =M36*Inputs!$C$11 | O36: =1000*(D37-D35)/(A37-A35)*Inputs!$C$11 | P36: =-2*O36/Inputs!$C$13 | Q36: =-2*O36/Inputs!$C$14 | R36: =F36-Inputs!$C$16/2 | S36: =F36+Inputs!$C$16/2 | T36: =F36-Inputs!$C$17/2 | U36: =F36+Inputs!$C$17/2 | V36: =ABS(P36) | W36: =ABS(Q36) | X36: =IF(OR(Inputs!$C$27=TRUE,Inputs!$C$27="TRUE",Inputs!$C$27=1),1,0)*(Inputs!$C$51*(115*EXP(-(((0)-25)^2)/(4.5^2))+70*EXP(-(((0)+38)^2)/(7^2))*(0.55+0.45*SIN(2*PI()*(A36)/45))+24*SIN(2*PI()*(0)/9+(A36)/18)*EXP(-(((0)+5)^2)/(22^2))+18*SIN(2*PI()*(A36)/70))+Inputs!$C$28*EXP(-(((A36)-Inputs!$C$29)^2)/(2*Inputs!$C$31^2))*EXP(-(((0)-Inputs!$C$30)^2)/(2*Inputs!$C$32^2))+-Inputs!$C$33*EXP(-(((((A36)-Inputs!$C$34)^2)+(((0)-Inputs!$C$35)^2))/(2*Inputs!$C$36^2)))+Inputs!$C$37*(0.55*SIN(2*PI()*(A36)/Inputs!$C$39)+0.35*COS(2*PI()*(0)/Inputs!$C$40)+0.2*SIN(2*PI()*((A36)+(0))/(0.5*(Inputs!$C$39+Inputs!$C$40))))+Inputs!$C$38*SIN(2*PI()*(A36)/Inputs!$C$39)*SIN(2*PI()*(0)/Inputs!$C$40)+-Inputs!$C$41*EXP(-(((0)-Inputs!$C$43)^2)/(2*Inputs!$C$44^2))*EXP(-(((A36)-Inputs!$C$42)^2)/(2*Inputs!$C$45^2))+Inputs!$C$48*(0.7*(0.45*SIN(2*PI()*(((A36)/Inputs!$C$49)+Inputs!$C$47*0.137))+0.35*COS(2*PI()*(((0)/Inputs!$C$50)+Inputs!$C$47*0.173))+0.2*SIN(2*PI()*(((A36)+(0))/(0.5*(Inputs!$C$49+Inputs!$C$50))+Inputs!$C$47*0.097)))+0.3*(2*((SIN(((A36)*12.9898+(0)*78.233+Inputs!$C$47*37.719))*43758.5453)-INT((SIN(((A36)*12.9898+(0)*78.233+Inputs!$C$47*37.719))*43758.5453)))-1))) | Y36: =IF(OR(Inputs!$C$27=TRUE,Inputs!$C$27="TRUE",Inputs!$C$27=1),1,0)*(Inputs!$C$51*(115*EXP(-(((Inputs!$C$6)-25)^2)/(4.5^2))+70*EXP(-(((Inputs!$C$6)+38)^2)/(7^2))*(0.55+0.45*SIN(2*PI()*(A36)/45))+24*SIN(2*PI()*(Inputs!$C$6)/9+(A36)/18)*EXP(-(((Inputs!$C$6)+5)^2)/(22^2))+18*SIN(2*PI()*(A36)/70))+Inputs!$C$28*EXP(-(((A36)-Inputs!$C$29)^2)/(2*Inputs!$C$31^2))*EXP(-(((Inputs!$C$6)-Inputs!$C$30)^2)/(2*Inputs!$C$32^2))+-Inputs!$C$33*EXP(-(((((A36)-Inputs!$C$34)^2)+(((Inputs!$C$6)-Inputs!$C$35)^2))/(2*Inputs!$C$36^2)))+Inputs!$C$37*(0.55*SIN(2*PI()*(A36)/Inputs!$C$39)+0.35*COS(2*PI()*(Inputs!$C$6)/Inputs!$C$40)+0.2*SIN(2*PI()*((A36)+(Inputs!$C$6))/(0.5*(Inputs!$C$39+Inputs!$C$40))))+Inputs!$C$38*SIN(2*PI()*(A36)/Inputs!$C$39)*SIN(2*PI()*(Inputs!$C$6)/Inputs!$C$40)+-Inputs!$C$41*EXP(-(((Inputs!$C$6)-Inputs!$C$43)^2)/(2*Inputs!$C$44^2))*EXP(-(((A36)-Inputs!$C$42)^2)/(2*Inputs!$C$45^2))+Inputs!$C$48*(0.7*(0.45*SIN(2*PI()*(((A36)/Inputs!$C$49)+Inputs!$C$47*0.137))+0.35*COS(2*PI()*(((Inputs!$C$6)/Inputs!$C$50)+Inputs!$C$47*0.173))+0.2*SIN(2*PI()*(((A36)+(Inputs!$C$6))/(0.5*(Inputs!$C$49+Inputs!$C$50))+Inputs!$C$47*0.097)))+0.3*(2*((SIN(((A36)*12.9898+(Inputs!$C$6)*78.233+Inputs!$C$47*37.719))*43758.5453)-INT((SIN(((A36)*12.9898+(Inputs!$C$6)*78.233+Inputs!$C$47*37.719))*43758.5453)))-1))) | Z36: =B36-X36/1000 | AA36: =SQRT((Inputs!$C$52+B36)^2+(Inputs!$C$52+Y36/1000)^2-2*(Inputs!$C$52+B36)*(Inputs!$C$52+Y36/1000)*COS(SQRT(A36^2+Inputs!$C$6^2)/Inputs!$C$52)) | AB36: =(AA36-Z36)*1000 | AC36: =AB36/Inputs!$C$12 | AD36: =2*AB36/Inputs!$C$21*1000000 | AE36: =DEGREES(ATAN(H36/(B36-Y36/1000))) | AF36: =DEGREES((2*PI()/Inputs!$C$13)*Inputs!$C$15*SIN(RADIANS(AE36))) | AG36: =(Z36/AA36)^4 | AH36: =10*LOG10(AG36) | AI36: =AC36-F36 | AJ36: =AD36-G36 | AK36: =Y36-X36 | AL36: =1000*(AA37-AA35)/(A37-A35)*Inputs!$C$11 | AM36: =-2*AL36/Inputs!$C$13 | AN36: =-2*AL36/Inputs!$C$14 | AO36: =ABS(AM36) | AP36: =ABS(AN36) | AQ36: =IF(OR(Inputs!$C$27=TRUE,Inputs!$C$27="TRUE",Inputs!$C$27=1),Inputs!$C$46/Inputs!$C$12,0) | AR36: =AC36-AQ36 | AS36: =AC36+AQ36
A37: =Inputs!$C$7+35*(Inputs!$C$8-Inputs!$C$7)/240 | B37: =Inputs!$C$5+Inputs!$C$9*(A37/Inputs!$C$10)^2 | C37: =B37 | D37: =SQRT((Inputs!$C$52+B37)^2+Inputs!$C$52^2-2*(Inputs!$C$52+B37)*Inputs!$C$52*COS(SQRT(A37^2+Inputs!$C$6^2)/Inputs!$C$52)) | E37: =(D37-C37)*1000 | F37: =E37/Inputs!$C$12 | G37: =2*E37/Inputs!$C$21*1000000 | H37: =SQRT(A37^2+Inputs!$C$6^2) | I37: =DEGREES(ATAN(H37/B37)) | J37: =DEGREES((2*PI()/Inputs!$C$13)*Inputs!$C$15*SIN(RADIANS(I37))) | K37: =(C37/D37)^4 | L37: =10*LOG10(K37) | M37: =2*(Inputs!$C$9/(Inputs!$C$10^2))*A37 | N37: =M37*Inputs!$C$11 | O37: =1000*(D38-D36)/(A38-A36)*Inputs!$C$11 | P37: =-2*O37/Inputs!$C$13 | Q37: =-2*O37/Inputs!$C$14 | R37: =F37-Inputs!$C$16/2 | S37: =F37+Inputs!$C$16/2 | T37: =F37-Inputs!$C$17/2 | U37: =F37+Inputs!$C$17/2 | V37: =ABS(P37) | W37: =ABS(Q37) | X37: =IF(OR(Inputs!$C$27=TRUE,Inputs!$C$27="TRUE",Inputs!$C$27=1),1,0)*(Inputs!$C$51*(115*EXP(-(((0)-25)^2)/(4.5^2))+70*EXP(-(((0)+38)^2)/(7^2))*(0.55+0.45*SIN(2*PI()*(A37)/45))+24*SIN(2*PI()*(0)/9+(A37)/18)*EXP(-(((0)+5)^2)/(22^2))+18*SIN(2*PI()*(A37)/70))+Inputs!$C$28*EXP(-(((A37)-Inputs!$C$29)^2)/(2*Inputs!$C$31^2))*EXP(-(((0)-Inputs!$C$30)^2)/(2*Inputs!$C$32^2))+-Inputs!$C$33*EXP(-(((((A37)-Inputs!$C$34)^2)+(((0)-Inputs!$C$35)^2))/(2*Inputs!$C$36^2)))+Inputs!$C$37*(0.55*SIN(2*PI()*(A37)/Inputs!$C$39)+0.35*COS(2*PI()*(0)/Inputs!$C$40)+0.2*SIN(2*PI()*((A37)+(0))/(0.5*(Inputs!$C$39+Inputs!$C$40))))+Inputs!$C$38*SIN(2*PI()*(A37)/Inputs!$C$39)*SIN(2*PI()*(0)/Inputs!$C$40)+-Inputs!$C$41*EXP(-(((0)-Inputs!$C$43)^2)/(2*Inputs!$C$44^2))*EXP(-(((A37)-Inputs!$C$42)^2)/(2*Inputs!$C$45^2))+Inputs!$C$48*(0.7*(0.45*SIN(2*PI()*(((A37)/Inputs!$C$49)+Inputs!$C$47*0.137))+0.35*COS(2*PI()*(((0)/Inputs!$C$50)+Inputs!$C$47*0.173))+0.2*SIN(2*PI()*(((A37)+(0))/(0.5*(Inputs!$C$49+Inputs!$C$50))+Inputs!$C$47*0.097)))+0.3*(2*((SIN(((A37)*12.9898+(0)*78.233+Inputs!$C$47*37.719))*43758.5453)-INT((SIN(((A37)*12.9898+(0)*78.233+Inputs!$C$47*37.719))*43758.5453)))-1))) | Y37: =IF(OR(Inputs!$C$27=TRUE,Inputs!$C$27="TRUE",Inputs!$C$27=1),1,0)*(Inputs!$C$51*(115*EXP(-(((Inputs!$C$6)-25)^2)/(4.5^2))+70*EXP(-(((Inputs!$C$6)+38)^2)/(7^2))*(0.55+0.45*SIN(2*PI()*(A37)/45))+24*SIN(2*PI()*(Inputs!$C$6)/9+(A37)/18)*EXP(-(((Inputs!$C$6)+5)^2)/(22^2))+18*SIN(2*PI()*(A37)/70))+Inputs!$C$28*EXP(-(((A37)-Inputs!$C$29)^2)/(2*Inputs!$C$31^2))*EXP(-(((Inputs!$C$6)-Inputs!$C$30)^2)/(2*Inputs!$C$32^2))+-Inputs!$C$33*EXP(-(((((A37)-Inputs!$C$34)^2)+(((Inputs!$C$6)-Inputs!$C$35)^2))/(2*Inputs!$C$36^2)))+Inputs!$C$37*(0.55*SIN(2*PI()*(A37)/Inputs!$C$39)+0.35*COS(2*PI()*(Inputs!$C$6)/Inputs!$C$40)+0.2*SIN(2*PI()*((A37)+(Inputs!$C$6))/(0.5*(Inputs!$C$39+Inputs!$C$40))))+Inputs!$C$38*SIN(2*PI()*(A37)/Inputs!$C$39)*SIN(2*PI()*(Inputs!$C$6)/Inputs!$C$40)+-Inputs!$C$41*EXP(-(((Inputs!$C$6)-Inputs!$C$43)^2)/(2*Inputs!$C$44^2))*EXP(-(((A37)-Inputs!$C$42)^2)/(2*Inputs!$C$45^2))+Inputs!$C$48*(0.7*(0.45*SIN(2*PI()*(((A37)/Inputs!$C$49)+Inputs!$C$47*0.137))+0.35*COS(2*PI()*(((Inputs!$C$6)/Inputs!$C$50)+Inputs!$C$47*0.173))+0.2*SIN(2*PI()*(((A37)+(Inputs!$C$6))/(0.5*(Inputs!$C$49+Inputs!$C$50))+Inputs!$C$47*0.097)))+0.3*(2*((SIN(((A37)*12.9898+(Inputs!$C$6)*78.233+Inputs!$C$47*37.719))*43758.5453)-INT((SIN(((A37)*12.9898+(Inputs!$C$6)*78.233+Inputs!$C$47*37.719))*43758.5453)))-1))) | Z37: =B37-X37/1000 | AA37: =SQRT((Inputs!$C$52+B37)^2+(Inputs!$C$52+Y37/1000)^2-2*(Inputs!$C$52+B37)*(Inputs!$C$52+Y37/1000)*COS(SQRT(A37^2+Inputs!$C$6^2)/Inputs!$C$52)) | AB37: =(AA37-Z37)*1000 | AC37: =AB37/Inputs!$C$12 | AD37: =2*AB37/Inputs!$C$21*1000000 | AE37: =DEGREES(ATAN(H37/(B37-Y37/1000))) | AF37: =DEGREES((2*PI()/Inputs!$C$13)*Inputs!$C$15*SIN(RADIANS(AE37))) | AG37: =(Z37/AA37)^4 | AH37: =10*LOG10(AG37) | AI37: =AC37-F37 | AJ37: =AD37-G37 | AK37: =Y37-X37 | AL37: =1000*(AA38-AA36)/(A38-A36)*Inputs!$C$11 | AM37: =-2*AL37/Inputs!$C$13 | AN37: =-2*AL37/Inputs!$C$14 | AO37: =ABS(AM37) | AP37: =ABS(AN37) | AQ37: =IF(OR(Inputs!$C$27=TRUE,Inputs!$C$27="TRUE",Inputs!$C$27=1),Inputs!$C$46/Inputs!$C$12,0) | AR37: =AC37-AQ37 | AS37: =AC37+AQ37
A38: =Inputs!$C$7+36*(Inputs!$C$8-Inputs!$C$7)/240 | B38: =Inputs!$C$5+Inputs!$C$9*(A38/Inputs!$C$10)^2 | C38: =B38 | D38: =SQRT((Inputs!$C$52+B38)^2+Inputs!$C$52^2-2*(Inputs!$C$52+B38)*Inputs!$C$52*COS(SQRT(A38^2+Inputs!$C$6^2)/Inputs!$C$52)) | E38: =(D38-C38)*1000 | F38: =E38/Inputs!$C$12 | G38: =2*E38/Inputs!$C$21*1000000 | H38: =SQRT(A38^2+Inputs!$C$6^2) | I38: =DEGREES(ATAN(H38/B38)) | J38: =DEGREES((2*PI()/Inputs!$C$13)*Inputs!$C$15*SIN(RADIANS(I38))) | K38: =(C38/D38)^4 | L38: =10*LOG10(K38) | M38: =2*(Inputs!$C$9/(Inputs!$C$10^2))*A38 | N38: =M38*Inputs!$C$11 | O38: =1000*(D39-D37)/(A39-A37)*Inputs!$C$11 | P38: =-2*O38/Inputs!$C$13 | Q38: =-2*O38/Inputs!$C$14 | R38: =F38-Inputs!$C$16/2 | S38: =F38+Inputs!$C$16/2 | T38: =F38-Inputs!$C$17/2 | U38: =F38+Inputs!$C$17/2 | V38: =ABS(P38) | W38: =ABS(Q38) | X38: =IF(OR(Inputs!$C$27=TRUE,Inputs!$C$27="TRUE",Inputs!$C$27=1),1,0)*(Inputs!$C$51*(115*EXP(-(((0)-25)^2)/(4.5^2))+70*EXP(-(((0)+38)^2)/(7^2))*(0.55+0.45*SIN(2*PI()*(A38)/45))+24*SIN(2*PI()*(0)/9+(A38)/18)*EXP(-(((0)+5)^2)/(22^2))+18*SIN(2*PI()*(A38)/70))+Inputs!$C$28*EXP(-(((A38)-Inputs!$C$29)^2)/(2*Inputs!$C$31^2))*EXP(-(((0)-Inputs!$C$30)^2)/(2*Inputs!$C$32^2))+-Inputs!$C$33*EXP(-(((((A38)-Inputs!$C$34)^2)+(((0)-Inputs!$C$35)^2))/(2*Inputs!$C$36^2)))+Inputs!$C$37*(0.55*SIN(2*PI()*(A38)/Inputs!$C$39)+0.35*COS(2*PI()*(0)/Inputs!$C$40)+0.2*SIN(2*PI()*((A38)+(0))/(0.5*(Inputs!$C$39+Inputs!$C$40))))+Inputs!$C$38*SIN(2*PI()*(A38)/Inputs!$C$39)*SIN(2*PI()*(0)/Inputs!$C$40)+-Inputs!$C$41*EXP(-(((0)-Inputs!$C$43)^2)/(2*Inputs!$C$44^2))*EXP(-(((A38)-Inputs!$C$42)^2)/(2*Inputs!$C$45^2))+Inputs!$C$48*(0.7*(0.45*SIN(2*PI()*(((A38)/Inputs!$C$49)+Inputs!$C$47*0.137))+0.35*COS(2*PI()*(((0)/Inputs!$C$50)+Inputs!$C$47*0.173))+0.2*SIN(2*PI()*(((A38)+(0))/(0.5*(Inputs!$C$49+Inputs!$C$50))+Inputs!$C$47*0.097)))+0.3*(2*((SIN(((A38)*12.9898+(0)*78.233+Inputs!$C$47*37.719))*43758.5453)-INT((SIN(((A38)*12.9898+(0)*78.233+Inputs!$C$47*37.719))*43758.5453)))-1))) | Y38: =IF(OR(Inputs!$C$27=TRUE,Inputs!$C$27="TRUE",Inputs!$C$27=1),1,0)*(Inputs!$C$51*(115*EXP(-(((Inputs!$C$6)-25)^2)/(4.5^2))+70*EXP(-(((Inputs!$C$6)+38)^2)/(7^2))*(0.55+0.45*SIN(2*PI()*(A38)/45))+24*SIN(2*PI()*(Inputs!$C$6)/9+(A38)/18)*EXP(-(((Inputs!$C$6)+5)^2)/(22^2))+18*SIN(2*PI()*(A38)/70))+Inputs!$C$28*EXP(-(((A38)-Inputs!$C$29)^2)/(2*Inputs!$C$31^2))*EXP(-(((Inputs!$C$6)-Inputs!$C$30)^2)/(2*Inputs!$C$32^2))+-Inputs!$C$33*EXP(-(((((A38)-Inputs!$C$34)^2)+(((Inputs!$C$6)-Inputs!$C$35)^2))/(2*Inputs!$C$36^2)))+Inputs!$C$37*(0.55*SIN(2*PI()*(A38)/Inputs!$C$39)+0.35*COS(2*PI()*(Inputs!$C$6)/Inputs!$C$40)+0.2*SIN(2*PI()*((A38)+(Inputs!$C$6))/(0.5*(Inputs!$C$39+Inputs!$C$40))))+Inputs!$C$38*SIN(2*PI()*(A38)/Inputs!$C$39)*SIN(2*PI()*(Inputs!$C$6)/Inputs!$C$40)+-Inputs!$C$41*EXP(-(((Inputs!$C$6)-Inputs!$C$43)^2)/(2*Inputs!$C$44^2))*EXP(-(((A38)-Inputs!$C$42)^2)/(2*Inputs!$C$45^2))+Inputs!$C$48*(0.7*(0.45*SIN(2*PI()*(((A38)/Inputs!$C$49)+Inputs!$C$47*0.137))+0.35*COS(2*PI()*(((Inputs!$C$6)/Inputs!$C$50)+Inputs!$C$47*0.173))+0.2*SIN(2*PI()*(((A38)+(Inputs!$C$6))/(0.5*(Inputs!$C$49+Inputs!$C$50))+Inputs!$C$47*0.097)))+0.3*(2*((SIN(((A38)*12.9898+(Inputs!$C$6)*78.233+Inputs!$C$47*37.719))*43758.5453)-INT((SIN(((A38)*12.9898+(Inputs!$C$6)*78.233+Inputs!$C$47*37.719))*43758.5453)))-1))) | Z38: =B38-X38/1000 | AA38: =SQRT((Inputs!$C$52+B38)^2+(Inputs!$C$52+Y38/1000)^2-2*(Inputs!$C$52+B38)*(Inputs!$C$52+Y38/1000)*COS(SQRT(A38^2+Inputs!$C$6^2)/Inputs!$C$52)) | AB38: =(AA38-Z38)*1000 | AC38: =AB38/Inputs!$C$12 | AD38: =2*AB38/Inputs!$C$21*1000000 | AE38: =DEGREES(ATAN(H38/(B38-Y38/1000))) | AF38: =DEGREES((2*PI()/Inputs!$C$13)*Inputs!$C$15*SIN(RADIANS(AE38))) | AG38: =(Z38/AA38)^4 | AH38: =10*LOG10(AG38) | AI38: =AC38-F38 | AJ38: =AD38-G38 | AK38: =Y38-X38 | AL38: =1000*(AA39-AA37)/(A39-A37)*Inputs!$C$11 | AM38: =-2*AL38/Inputs!$C$13 | AN38: =-2*AL38/Inputs!$C$14 | AO38: =ABS(AM38) | AP38: =ABS(AN38) | AQ38: =IF(OR(Inputs!$C$27=TRUE,Inputs!$C$27="TRUE",Inputs!$C$27=1),Inputs!$C$46/Inputs!$C$12,0) | AR38: =AC38-AQ38 | AS38: =AC38+AQ38
A39: =Inputs!$C$7+37*(Inputs!$C$8-Inputs!$C$7)/240 | B39: =Inputs!$C$5+Inputs!$C$9*(A39/Inputs!$C$10)^2 | C39: =B39 | D39: =SQRT((Inputs!$C$52+B39)^2+Inputs!$C$52^2-2*(Inputs!$C$52+B39)*Inputs!$C$52*COS(SQRT(A39^2+Inputs!$C$6^2)/Inputs!$C$52)) | E39: =(D39-C39)*1000 | F39: =E39/Inputs!$C$12 | G39: =2*E39/Inputs!$C$21*1000000 | H39: =SQRT(A39^2+Inputs!$C$6^2) | I39: =DEGREES(ATAN(H39/B39)) | J39: =DEGREES((2*PI()/Inputs!$C$13)*Inputs!$C$15*SIN(RADIANS(I39))) | K39: =(C39/D39)^4 | L39: =10*LOG10(K39) | M39: =2*(Inputs!$C$9/(Inputs!$C$10^2))*A39 | N39: =M39*Inputs!$C$11 | O39: =1000*(D40-D38)/(A40-A38)*Inputs!$C$11 | P39: =-2*O39/Inputs!$C$13 | Q39: =-2*O39/Inputs!$C$14 | R39: =F39-Inputs!$C$16/2 | S39: =F39+Inputs!$C$16/2 | T39: =F39-Inputs!$C$17/2 | U39: =F39+Inputs!$C$17/2 | V39: =ABS(P39) | W39: =ABS(Q39) | X39: =IF(OR(Inputs!$C$27=TRUE,Inputs!$C$27="TRUE",Inputs!$C$27=1),1,0)*(Inputs!$C$51*(115*EXP(-(((0)-25)^2)/(4.5^2))+70*EXP(-(((0)+38)^2)/(7^2))*(0.55+0.45*SIN(2*PI()*(A39)/45))+24*SIN(2*PI()*(0)/9+(A39)/18)*EXP(-(((0)+5)^2)/(22^2))+18*SIN(2*PI()*(A39)/70))+Inputs!$C$28*EXP(-(((A39)-Inputs!$C$29)^2)/(2*Inputs!$C$31^2))*EXP(-(((0)-Inputs!$C$30)^2)/(2*Inputs!$C$32^2))+-Inputs!$C$33*EXP(-(((((A39)-Inputs!$C$34)^2)+(((0)-Inputs!$C$35)^2))/(2*Inputs!$C$36^2)))+Inputs!$C$37*(0.55*SIN(2*PI()*(A39)/Inputs!$C$39)+0.35*COS(2*PI()*(0)/Inputs!$C$40)+0.2*SIN(2*PI()*((A39)+(0))/(0.5*(Inputs!$C$39+Inputs!$C$40))))+Inputs!$C$38*SIN(2*PI()*(A39)/Inputs!$C$39)*SIN(2*PI()*(0)/Inputs!$C$40)+-Inputs!$C$41*EXP(-(((0)-Inputs!$C$43)^2)/(2*Inputs!$C$44^2))*EXP(-(((A39)-Inputs!$C$42)^2)/(2*Inputs!$C$45^2))+Inputs!$C$48*(0.7*(0.45*SIN(2*PI()*(((A39)/Inputs!$C$49)+Inputs!$C$47*0.137))+0.35*COS(2*PI()*(((0)/Inputs!$C$50)+Inputs!$C$47*0.173))+0.2*SIN(2*PI()*(((A39)+(0))/(0.5*(Inputs!$C$49+Inputs!$C$50))+Inputs!$C$47*0.097)))+0.3*(2*((SIN(((A39)*12.9898+(0)*78.233+Inputs!$C$47*37.719))*43758.5453)-INT((SIN(((A39)*12.9898+(0)*78.233+Inputs!$C$47*37.719))*43758.5453)))-1))) | Y39: =IF(OR(Inputs!$C$27=TRUE,Inputs!$C$27="TRUE",Inputs!$C$27=1),1,0)*(Inputs!$C$51*(115*EXP(-(((Inputs!$C$6)-25)^2)/(4.5^2))+70*EXP(-(((Inputs!$C$6)+38)^2)/(7^2))*(0.55+0.45*SIN(2*PI()*(A39)/45))+24*SIN(2*PI()*(Inputs!$C$6)/9+(A39)/18)*EXP(-(((Inputs!$C$6)+5)^2)/(22^2))+18*SIN(2*PI()*(A39)/70))+Inputs!$C$28*EXP(-(((A39)-Inputs!$C$29)^2)/(2*Inputs!$C$31^2))*EXP(-(((Inputs!$C$6)-Inputs!$C$30)^2)/(2*Inputs!$C$32^2))+-Inputs!$C$33*EXP(-(((((A39)-Inputs!$C$34)^2)+(((Inputs!$C$6)-Inputs!$C$35)^2))/(2*Inputs!$C$36^2)))+Inputs!$C$37*(0.55*SIN(2*PI()*(A39)/Inputs!$C$39)+0.35*COS(2*PI()*(Inputs!$C$6)/Inputs!$C$40)+0.2*SIN(2*PI()*((A39)+(Inputs!$C$6))/(0.5*(Inputs!$C$39+Inputs!$C$40))))+Inputs!$C$38*SIN(2*PI()*(A39)/Inputs!$C$39)*SIN(2*PI()*(Inputs!$C$6)/Inputs!$C$40)+-Inputs!$C$41*EXP(-(((Inputs!$C$6)-Inputs!$C$43)^2)/(2*Inputs!$C$44^2))*EXP(-(((A39)-Inputs!$C$42)^2)/(2*Inputs!$C$45^2))+Inputs!$C$48*(0.7*(0.45*SIN(2*PI()*(((A39)/Inputs!$C$49)+Inputs!$C$47*0.137))+0.35*COS(2*PI()*(((Inputs!$C$6)/Inputs!$C$50)+Inputs!$C$47*0.173))+0.2*SIN(2*PI()*(((A39)+(Inputs!$C$6))/(0.5*(Inputs!$C$49+Inputs!$C$50))+Inputs!$C$47*0.097)))+0.3*(2*((SIN(((A39)*12.9898+(Inputs!$C$6)*78.233+Inputs!$C$47*37.719))*43758.5453)-INT((SIN(((A39)*12.9898+(Inputs!$C$6)*78.233+Inputs!$C$47*37.719))*43758.5453)))-1))) | Z39: =B39-X39/1000 | AA39: =SQRT((Inputs!$C$52+B39)^2+(Inputs!$C$52+Y39/1000)^2-2*(Inputs!$C$52+B39)*(Inputs!$C$52+Y39/1000)*COS(SQRT(A39^2+Inputs!$C$6^2)/Inputs!$C$52)) | AB39: =(AA39-Z39)*1000 | AC39: =AB39/Inputs!$C$12 | AD39: =2*AB39/Inputs!$C$21*1000000 | AE39: =DEGREES(ATAN(H39/(B39-Y39/1000))) | AF39: =DEGREES((2*PI()/Inputs!$C$13)*Inputs!$C$15*SIN(RADIANS(AE39))) | AG39: =(Z39/AA39)^4 | AH39: =10*LOG10(AG39) | AI39: =AC39-F39 | AJ39: =AD39-G39 | AK39: =Y39-X39 | AL39: =1000*(AA40-AA38)/(A40-A38)*Inputs!$C$11 | AM39: =-2*AL39/Inputs!$C$13 | AN39: =-2*AL39/Inputs!$C$14 | AO39: =ABS(AM39) | AP39: =ABS(AN39) | AQ39: =IF(OR(Inputs!$C$27=TRUE,Inputs!$C$27="TRUE",Inputs!$C$27=1),Inputs!$C$46/Inputs!$C$12,0) | AR39: =AC39-AQ39 | AS39: =AC39+AQ39
A40: =Inputs!$C$7+38*(Inputs!$C$8-Inputs!$C$7)/240 | B40: =Inputs!$C$5+Inputs!$C$9*(A40/Inputs!$C$10)^2 | C40: =B40 | D40: =SQRT((Inputs!$C$52+B40)^2+Inputs!$C$52^2-2*(Inputs!$C$52+B40)*Inputs!$C$52*COS(SQRT(A40^2+Inputs!$C$6^2)/Inputs!$C$52)) | E40: =(D40-C40)*1000 | F40: =E40/Inputs!$C$12 | G40: =2*E40/Inputs!$C$21*1000000 | H40: =SQRT(A40^2+Inputs!$C$6^2) | I40: =DEGREES(ATAN(H40/B40)) | J40: =DEGREES((2*PI()/Inputs!$C$13)*Inputs!$C$15*SIN(RADIANS(I40))) | K40: =(C40/D40)^4 | L40: =10*LOG10(K40) | M40: =2*(Inputs!$C$9/(Inputs!$C$10^2))*A40 | N40: =M40*Inputs!$C$11 | O40: =1000*(D41-D39)/(A41-A39)*Inputs!$C$11 | P40: =-2*O40/Inputs!$C$13 | Q40: =-2*O40/Inputs!$C$14 | R40: =F40-Inputs!$C$16/2 | S40: =F40+Inputs!$C$16/2 | T40: =F40-Inputs!$C$17/2 | U40: =F40+Inputs!$C$17/2 | V40: =ABS(P40) | W40: =ABS(Q40) | X40: =IF(OR(Inputs!$C$27=TRUE,Inputs!$C$27="TRUE",Inputs!$C$27=1),1,0)*(Inputs!$C$51*(115*EXP(-(((0)-25)^2)/(4.5^2))+70*EXP(-(((0)+38)^2)/(7^2))*(0.55+0.45*SIN(2*PI()*(A40)/45))+24*SIN(2*PI()*(0)/9+(A40)/18)*EXP(-(((0)+5)^2)/(22^2))+18*SIN(2*PI()*(A40)/70))+Inputs!$C$28*EXP(-(((A40)-Inputs!$C$29)^2)/(2*Inputs!$C$31^2))*EXP(-(((0)-Inputs!$C$30)^2)/(2*Inputs!$C$32^2))+-Inputs!$C$33*EXP(-(((((A40)-Inputs!$C$34)^2)+(((0)-Inputs!$C$35)^2))/(2*Inputs!$C$36^2)))+Inputs!$C$37*(0.55*SIN(2*PI()*(A40)/Inputs!$C$39)+0.35*COS(2*PI()*(0)/Inputs!$C$40)+0.2*SIN(2*PI()*((A40)+(0))/(0.5*(Inputs!$C$39+Inputs!$C$40))))+Inputs!$C$38*SIN(2*PI()*(A40)/Inputs!$C$39)*SIN(2*PI()*(0)/Inputs!$C$40)+-Inputs!$C$41*EXP(-(((0)-Inputs!$C$43)^2)/(2*Inputs!$C$44^2))*EXP(-(((A40)-Inputs!$C$42)^2)/(2*Inputs!$C$45^2))+Inputs!$C$48*(0.7*(0.45*SIN(2*PI()*(((A40)/Inputs!$C$49)+Inputs!$C$47*0.137))+0.35*COS(2*PI()*(((0)/Inputs!$C$50)+Inputs!$C$47*0.173))+0.2*SIN(2*PI()*(((A40)+(0))/(0.5*(Inputs!$C$49+Inputs!$C$50))+Inputs!$C$47*0.097)))+0.3*(2*((SIN(((A40)*12.9898+(0)*78.233+Inputs!$C$47*37.719))*43758.5453)-INT((SIN(((A40)*12.9898+(0)*78.233+Inputs!$C$47*37.719))*43758.5453)))-1))) | Y40: =IF(OR(Inputs!$C$27=TRUE,Inputs!$C$27="TRUE",Inputs!$C$27=1),1,0)*(Inputs!$C$51*(115*EXP(-(((Inputs!$C$6)-25)^2)/(4.5^2))+70*EXP(-(((Inputs!$C$6)+38)^2)/(7^2))*(0.55+0.45*SIN(2*PI()*(A40)/45))+24*SIN(2*PI()*(Inputs!$C$6)/9+(A40)/18)*EXP(-(((Inputs!$C$6)+5)^2)/(22^2))+18*SIN(2*PI()*(A40)/70))+Inputs!$C$28*EXP(-(((A40)-Inputs!$C$29)^2)/(2*Inputs!$C$31^2))*EXP(-(((Inputs!$C$6)-Inputs!$C$30)^2)/(2*Inputs!$C$32^2))+-Inputs!$C$33*EXP(-(((((A40)-Inputs!$C$34)^2)+(((Inputs!$C$6)-Inputs!$C$35)^2))/(2*Inputs!$C$36^2)))+Inputs!$C$37*(0.55*SIN(2*PI()*(A40)/Inputs!$C$39)+0.35*COS(2*PI()*(Inputs!$C$6)/Inputs!$C$40)+0.2*SIN(2*PI()*((A40)+(Inputs!$C$6))/(0.5*(Inputs!$C$39+Inputs!$C$40))))+Inputs!$C$38*SIN(2*PI()*(A40)/Inputs!$C$39)*SIN(2*PI()*(Inputs!$C$6)/Inputs!$C$40)+-Inputs!$C$41*EXP(-(((Inputs!$C$6)-Inputs!$C$43)^2)/(2*Inputs!$C$44^2))*EXP(-(((A40)-Inputs!$C$42)^2)/(2*Inputs!$C$45^2))+Inputs!$C$48*(0.7*(0.45*SIN(2*PI()*(((A40)/Inputs!$C$49)+Inputs!$C$47*0.137))+0.35*COS(2*PI()*(((Inputs!$C$6)/Inputs!$C$50)+Inputs!$C$47*0.173))+0.2*SIN(2*PI()*(((A40)+(Inputs!$C$6))/(0.5*(Inputs!$C$49+Inputs!$C$50))+Inputs!$C$47*0.097)))+0.3*(2*((SIN(((A40)*12.9898+(Inputs!$C$6)*78.233+Inputs!$C$47*37.719))*43758.5453)-INT((SIN(((A40)*12.9898+(Inputs!$C$6)*78.233+Inputs!$C$47*37.719))*43758.5453)))-1))) | Z40: =B40-X40/1000 | AA40: =SQRT((Inputs!$C$52+B40)^2+(Inputs!$C$52+Y40/1000)^2-2*(Inputs!$C$52+B40)*(Inputs!$C$52+Y40/1000)*COS(SQRT(A40^2+Inputs!$C$6^2)/Inputs!$C$52)) | AB40: =(AA40-Z40)*1000 | AC40: =AB40/Inputs!$C$12 | AD40: =2*AB40/Inputs!$C$21*1000000 | AE40: =DEGREES(ATAN(H40/(B40-Y40/1000))) | AF40: =DEGREES((2*PI()/Inputs!$C$13)*Inputs!$C$15*SIN(RADIANS(AE40))) | AG40: =(Z40/AA40)^4 | AH40: =10*LOG10(AG40) | AI40: =AC40-F40 | AJ40: =AD40-G40 | AK40: =Y40-X40 | AL40: =1000*(AA41-AA39)/(A41-A39)*Inputs!$C$11 | AM40: =-2*AL40/Inputs!$C$13 | AN40: =-2*AL40/Inputs!$C$14 | AO40: =ABS(AM40) | AP40: =ABS(AN40) | AQ40: =IF(OR(Inputs!$C$27=TRUE,Inputs!$C$27="TRUE",Inputs!$C$27=1),Inputs!$C$46/Inputs!$C$12,0) | AR40: =AC40-AQ40 | AS40: =AC40+AQ40
A41: =Inputs!$C$7+39*(Inputs!$C$8-Inputs!$C$7)/240 | B41: =Inputs!$C$5+Inputs!$C$9*(A41/Inputs!$C$10)^2 | C41: =B41 | D41: =SQRT((Inputs!$C$52+B41)^2+Inputs!$C$52^2-2*(Inputs!$C$52+B41)*Inputs!$C$52*COS(SQRT(A41^2+Inputs!$C$6^2)/Inputs!$C$52)) | E41: =(D41-C41)*1000 | F41: =E41/Inputs!$C$12 | G41: =2*E41/Inputs!$C$21*1000000 | H41: =SQRT(A41^2+Inputs!$C$6^2) | I41: =DEGREES(ATAN(H41/B41)) | J41: =DEGREES((2*PI()/Inputs!$C$13)*Inputs!$C$15*SIN(RADIANS(I41))) | K41: =(C41/D41)^4 | L41: =10*LOG10(K41) | M41: =2*(Inputs!$C$9/(Inputs!$C$10^2))*A41 | N41: =M41*Inputs!$C$11 | O41: =1000*(D42-D40)/(A42-A40)*Inputs!$C$11 | P41: =-2*O41/Inputs!$C$13 | Q41: =-2*O41/Inputs!$C$14 | R41: =F41-Inputs!$C$16/2 | S41: =F41+Inputs!$C$16/2 | T41: =F41-Inputs!$C$17/2 | U41: =F41+Inputs!$C$17/2 | V41: =ABS(P41) | W41: =ABS(Q41) | X41: =IF(OR(Inputs!$C$27=TRUE,Inputs!$C$27="TRUE",Inputs!$C$27=1),1,0)*(Inputs!$C$51*(115*EXP(-(((0)-25)^2)/(4.5^2))+70*EXP(-(((0)+38)^2)/(7^2))*(0.55+0.45*SIN(2*PI()*(A41)/45))+24*SIN(2*PI()*(0)/9+(A41)/18)*EXP(-(((0)+5)^2)/(22^2))+18*SIN(2*PI()*(A41)/70))+Inputs!$C$28*EXP(-(((A41)-Inputs!$C$29)^2)/(2*Inputs!$C$31^2))*EXP(-(((0)-Inputs!$C$30)^2)/(2*Inputs!$C$32^2))+-Inputs!$C$33*EXP(-(((((A41)-Inputs!$C$34)^2)+(((0)-Inputs!$C$35)^2))/(2*Inputs!$C$36^2)))+Inputs!$C$37*(0.55*SIN(2*PI()*(A41)/Inputs!$C$39)+0.35*COS(2*PI()*(0)/Inputs!$C$40)+0.2*SIN(2*PI()*((A41)+(0))/(0.5*(Inputs!$C$39+Inputs!$C$40))))+Inputs!$C$38*SIN(2*PI()*(A41)/Inputs!$C$39)*SIN(2*PI()*(0)/Inputs!$C$40)+-Inputs!$C$41*EXP(-(((0)-Inputs!$C$43)^2)/(2*Inputs!$C$44^2))*EXP(-(((A41)-Inputs!$C$42)^2)/(2*Inputs!$C$45^2))+Inputs!$C$48*(0.7*(0.45*SIN(2*PI()*(((A41)/Inputs!$C$49)+Inputs!$C$47*0.137))+0.35*COS(2*PI()*(((0)/Inputs!$C$50)+Inputs!$C$47*0.173))+0.2*SIN(2*PI()*(((A41)+(0))/(0.5*(Inputs!$C$49+Inputs!$C$50))+Inputs!$C$47*0.097)))+0.3*(2*((SIN(((A41)*12.9898+(0)*78.233+Inputs!$C$47*37.719))*43758.5453)-INT((SIN(((A41)*12.9898+(0)*78.233+Inputs!$C$47*37.719))*43758.5453)))-1))) | Y41: =IF(OR(Inputs!$C$27=TRUE,Inputs!$C$27="TRUE",Inputs!$C$27=1),1,0)*(Inputs!$C$51*(115*EXP(-(((Inputs!$C$6)-25)^2)/(4.5^2))+70*EXP(-(((Inputs!$C$6)+38)^2)/(7^2))*(0.55+0.45*SIN(2*PI()*(A41)/45))+24*SIN(2*PI()*(Inputs!$C$6)/9+(A41)/18)*EXP(-(((Inputs!$C$6)+5)^2)/(22^2))+18*SIN(2*PI()*(A41)/70))+Inputs!$C$28*EXP(-(((A41)-Inputs!$C$29)^2)/(2*Inputs!$C$31^2))*EXP(-(((Inputs!$C$6)-Inputs!$C$30)^2)/(2*Inputs!$C$32^2))+-Inputs!$C$33*EXP(-(((((A41)-Inputs!$C$34)^2)+(((Inputs!$C$6)-Inputs!$C$35)^2))/(2*Inputs!$C$36^2)))+Inputs!$C$37*(0.55*SIN(2*PI()*(A41)/Inputs!$C$39)+0.35*COS(2*PI()*(Inputs!$C$6)/Inputs!$C$40)+0.2*SIN(2*PI()*((A41)+(Inputs!$C$6))/(0.5*(Inputs!$C$39+Inputs!$C$40))))+Inputs!$C$38*SIN(2*PI()*(A41)/Inputs!$C$39)*SIN(2*PI()*(Inputs!$C$6)/Inputs!$C$40)+-Inputs!$C$41*EXP(-(((Inputs!$C$6)-Inputs!$C$43)^2)/(2*Inputs!$C$44^2))*EXP(-(((A41)-Inputs!$C$42)^2)/(2*Inputs!$C$45^2))+Inputs!$C$48*(0.7*(0.45*SIN(2*PI()*(((A41)/Inputs!$C$49)+Inputs!$C$47*0.137))+0.35*COS(2*PI()*(((Inputs!$C$6)/Inputs!$C$50)+Inputs!$C$47*0.173))+0.2*SIN(2*PI()*(((A41)+(Inputs!$C$6))/(0.5*(Inputs!$C$49+Inputs!$C$50))+Inputs!$C$47*0.097)))+0.3*(2*((SIN(((A41)*12.9898+(Inputs!$C$6)*78.233+Inputs!$C$47*37.719))*43758.5453)-INT((SIN(((A41)*12.9898+(Inputs!$C$6)*78.233+Inputs!$C$47*37.719))*43758.5453)))-1))) | Z41: =B41-X41/1000 | AA41: =SQRT((Inputs!$C$52+B41)^2+(Inputs!$C$52+Y41/1000)^2-2*(Inputs!$C$52+B41)*(Inputs!$C$52+Y41/1000)*COS(SQRT(A41^2+Inputs!$C$6^2)/Inputs!$C$52)) | AB41: =(AA41-Z41)*1000 | AC41: =AB41/Inputs!$C$12 | AD41: =2*AB41/Inputs!$C$21*1000000 | AE41: =DEGREES(ATAN(H41/(B41-Y41/1000))) | AF41: =DEGREES((2*PI()/Inputs!$C$13)*Inputs!$C$15*SIN(RADIANS(AE41))) | AG41: =(Z41/AA41)^4 | AH41: =10*LOG10(AG41) | AI41: =AC41-F41 | AJ41: =AD41-G41 | AK41: =Y41-X41 | AL41: =1000*(AA42-AA40)/(A42-A40)*Inputs!$C$11 | AM41: =-2*AL41/Inputs!$C$13 | AN41: =-2*AL41/Inputs!$C$14 | AO41: =ABS(AM41) | AP41: =ABS(AN41) | AQ41: =IF(OR(Inputs!$C$27=TRUE,Inputs!$C$27="TRUE",Inputs!$C$27=1),Inputs!$C$46/Inputs!$C$12,0) | AR41: =AC41-AQ41 | AS41: =AC41+AQ41
A42: =Inputs!$C$7+40*(Inputs!$C$8-Inputs!$C$7)/240 | B42: =Inputs!$C$5+Inputs!$C$9*(A42/Inputs!$C$10)^2 | C42: =B42 | D42: =SQRT((Inputs!$C$52+B42)^2+Inputs!$C$52^2-2*(Inputs!$C$52+B42)*Inputs!$C$52*COS(SQRT(A42^2+Inputs!$C$6^2)/Inputs!$C$52)) | E42: =(D42-C42)*1000 | F42: =E42/Inputs!$C$12 | G42: =2*E42/Inputs!$C$21*1000000 | H42: =SQRT(A42^2+Inputs!$C$6^2) | I42: =DEGREES(ATAN(H42/B42)) | J42: =DEGREES((2*PI()/Inputs!$C$13)*Inputs!$C$15*SIN(RADIANS(I42))) | K42: =(C42/D42)^4 | L42: =10*LOG10(K42) | M42: =2*(Inputs!$C$9/(Inputs!$C$10^2))*A42 | N42: =M42*Inputs!$C$11 | O42: =1000*(D43-D41)/(A43-A41)*Inputs!$C$11 | P42: =-2*O42/Inputs!$C$13 | Q42: =-2*O42/Inputs!$C$14 | R42: =F42-Inputs!$C$16/2 | S42: =F42+Inputs!$C$16/2 | T42: =F42-Inputs!$C$17/2 | U42: =F42+Inputs!$C$17/2 | V42: =ABS(P42) | W42: =ABS(Q42) | X42: =IF(OR(Inputs!$C$27=TRUE,Inputs!$C$27="TRUE",Inputs!$C$27=1),1,0)*(Inputs!$C$51*(115*EXP(-(((0)-25)^2)/(4.5^2))+70*EXP(-(((0)+38)^2)/(7^2))*(0.55+0.45*SIN(2*PI()*(A42)/45))+24*SIN(2*PI()*(0)/9+(A42)/18)*EXP(-(((0)+5)^2)/(22^2))+18*SIN(2*PI()*(A42)/70))+Inputs!$C$28*EXP(-(((A42)-Inputs!$C$29)^2)/(2*Inputs!$C$31^2))*EXP(-(((0)-Inputs!$C$30)^2)/(2*Inputs!$C$32^2))+-Inputs!$C$33*EXP(-(((((A42)-Inputs!$C$34)^2)+(((0)-Inputs!$C$35)^2))/(2*Inputs!$C$36^2)))+Inputs!$C$37*(0.55*SIN(2*PI()*(A42)/Inputs!$C$39)+0.35*COS(2*PI()*(0)/Inputs!$C$40)+0.2*SIN(2*PI()*((A42)+(0))/(0.5*(Inputs!$C$39+Inputs!$C$40))))+Inputs!$C$38*SIN(2*PI()*(A42)/Inputs!$C$39)*SIN(2*PI()*(0)/Inputs!$C$40)+-Inputs!$C$41*EXP(-(((0)-Inputs!$C$43)^2)/(2*Inputs!$C$44^2))*EXP(-(((A42)-Inputs!$C$42)^2)/(2*Inputs!$C$45^2))+Inputs!$C$48*(0.7*(0.45*SIN(2*PI()*(((A42)/Inputs!$C$49)+Inputs!$C$47*0.137))+0.35*COS(2*PI()*(((0)/Inputs!$C$50)+Inputs!$C$47*0.173))+0.2*SIN(2*PI()*(((A42)+(0))/(0.5*(Inputs!$C$49+Inputs!$C$50))+Inputs!$C$47*0.097)))+0.3*(2*((SIN(((A42)*12.9898+(0)*78.233+Inputs!$C$47*37.719))*43758.5453)-INT((SIN(((A42)*12.9898+(0)*78.233+Inputs!$C$47*37.719))*43758.5453)))-1))) | Y42: =IF(OR(Inputs!$C$27=TRUE,Inputs!$C$27="TRUE",Inputs!$C$27=1),1,0)*(Inputs!$C$51*(115*EXP(-(((Inputs!$C$6)-25)^2)/(4.5^2))+70*EXP(-(((Inputs!$C$6)+38)^2)/(7^2))*(0.55+0.45*SIN(2*PI()*(A42)/45))+24*SIN(2*PI()*(Inputs!$C$6)/9+(A42)/18)*EXP(-(((Inputs!$C$6)+5)^2)/(22^2))+18*SIN(2*PI()*(A42)/70))+Inputs!$C$28*EXP(-(((A42)-Inputs!$C$29)^2)/(2*Inputs!$C$31^2))*EXP(-(((Inputs!$C$6)-Inputs!$C$30)^2)/(2*Inputs!$C$32^2))+-Inputs!$C$33*EXP(-(((((A42)-Inputs!$C$34)^2)+(((Inputs!$C$6)-Inputs!$C$35)^2))/(2*Inputs!$C$36^2)))+Inputs!$C$37*(0.55*SIN(2*PI()*(A42)/Inputs!$C$39)+0.35*COS(2*PI()*(Inputs!$C$6)/Inputs!$C$40)+0.2*SIN(2*PI()*((A42)+(Inputs!$C$6))/(0.5*(Inputs!$C$39+Inputs!$C$40))))+Inputs!$C$38*SIN(2*PI()*(A42)/Inputs!$C$39)*SIN(2*PI()*(Inputs!$C$6)/Inputs!$C$40)+-Inputs!$C$41*EXP(-(((Inputs!$C$6)-Inputs!$C$43)^2)/(2*Inputs!$C$44^2))*EXP(-(((A42)-Inputs!$C$42)^2)/(2*Inputs!$C$45^2))+Inputs!$C$48*(0.7*(0.45*SIN(2*PI()*(((A42)/Inputs!$C$49)+Inputs!$C$47*0.137))+0.35*COS(2*PI()*(((Inputs!$C$6)/Inputs!$C$50)+Inputs!$C$47*0.173))+0.2*SIN(2*PI()*(((A42)+(Inputs!$C$6))/(0.5*(Inputs!$C$49+Inputs!$C$50))+Inputs!$C$47*0.097)))+0.3*(2*((SIN(((A42)*12.9898+(Inputs!$C$6)*78.233+Inputs!$C$47*37.719))*43758.5453)-INT((SIN(((A42)*12.9898+(Inputs!$C$6)*78.233+Inputs!$C$47*37.719))*43758.5453)))-1))) | Z42: =B42-X42/1000 | AA42: =SQRT((Inputs!$C$52+B42)^2+(Inputs!$C$52+Y42/1000)^2-2*(Inputs!$C$52+B42)*(Inputs!$C$52+Y42/1000)*COS(SQRT(A42^2+Inputs!$C$6^2)/Inputs!$C$52)) | AB42: =(AA42-Z42)*1000 | AC42: =AB42/Inputs!$C$12 | AD42: =2*AB42/Inputs!$C$21*1000000 | AE42: =DEGREES(ATAN(H42/(B42-Y42/1000))) | AF42: =DEGREES((2*PI()/Inputs!$C$13)*Inputs!$C$15*SIN(RADIANS(AE42))) | AG42: =(Z42/AA42)^4 | AH42: =10*LOG10(AG42) | AI42: =AC42-F42 | AJ42: =AD42-G42 | AK42: =Y42-X42 | AL42: =1000*(AA43-AA41)/(A43-A41)*Inputs!$C$11 | AM42: =-2*AL42/Inputs!$C$13 | AN42: =-2*AL42/Inputs!$C$14 | AO42: =ABS(AM42) | AP42: =ABS(AN42) | AQ42: =IF(OR(Inputs!$C$27=TRUE,Inputs!$C$27="TRUE",Inputs!$C$27=1),Inputs!$C$46/Inputs!$C$12,0) | AR42: =AC42-AQ42 | AS42: =AC42+AQ42
A43: =Inputs!$C$7+41*(Inputs!$C$8-Inputs!$C$7)/240 | B43: =Inputs!$C$5+Inputs!$C$9*(A43/Inputs!$C$10)^2 | C43: =B43 | D43: =SQRT((Inputs!$C$52+B43)^2+Inputs!$C$52^2-2*(Inputs!$C$52+B43)*Inputs!$C$52*COS(SQRT(A43^2+Inputs!$C$6^2)/Inputs!$C$52)) | E43: =(D43-C43)*1000 | F43: =E43/Inputs!$C$12 | G43: =2*E43/Inputs!$C$21*1000000 | H43: =SQRT(A43^2+Inputs!$C$6^2) | I43: =DEGREES(ATAN(H43/B43)) | J43: =DEGREES((2*PI()/Inputs!$C$13)*Inputs!$C$15*SIN(RADIANS(I43))) | K43: =(C43/D43)^4 | L43: =10*LOG10(K43) | M43: =2*(Inputs!$C$9/(Inputs!$C$10^2))*A43 | N43: =M43*Inputs!$C$11 | O43: =1000*(D44-D42)/(A44-A42)*Inputs!$C$11 | P43: =-2*O43/Inputs!$C$13 | Q43: =-2*O43/Inputs!$C$14 | R43: =F43-Inputs!$C$16/2 | S43: =F43+Inputs!$C$16/2 | T43: =F43-Inputs!$C$17/2 | U43: =F43+Inputs!$C$17/2 | V43: =ABS(P43) | W43: =ABS(Q43) | X43: =IF(OR(Inputs!$C$27=TRUE,Inputs!$C$27="TRUE",Inputs!$C$27=1),1,0)*(Inputs!$C$51*(115*EXP(-(((0)-25)^2)/(4.5^2))+70*EXP(-(((0)+38)^2)/(7^2))*(0.55+0.45*SIN(2*PI()*(A43)/45))+24*SIN(2*PI()*(0)/9+(A43)/18)*EXP(-(((0)+5)^2)/(22^2))+18*SIN(2*PI()*(A43)/70))+Inputs!$C$28*EXP(-(((A43)-Inputs!$C$29)^2)/(2*Inputs!$C$31^2))*EXP(-(((0)-Inputs!$C$30)^2)/(2*Inputs!$C$32^2))+-Inputs!$C$33*EXP(-(((((A43)-Inputs!$C$34)^2)+(((0)-Inputs!$C$35)^2))/(2*Inputs!$C$36^2)))+Inputs!$C$37*(0.55*SIN(2*PI()*(A43)/Inputs!$C$39)+0.35*COS(2*PI()*(0)/Inputs!$C$40)+0.2*SIN(2*PI()*((A43)+(0))/(0.5*(Inputs!$C$39+Inputs!$C$40))))+Inputs!$C$38*SIN(2*PI()*(A43)/Inputs!$C$39)*SIN(2*PI()*(0)/Inputs!$C$40)+-Inputs!$C$41*EXP(-(((0)-Inputs!$C$43)^2)/(2*Inputs!$C$44^2))*EXP(-(((A43)-Inputs!$C$42)^2)/(2*Inputs!$C$45^2))+Inputs!$C$48*(0.7*(0.45*SIN(2*PI()*(((A43)/Inputs!$C$49)+Inputs!$C$47*0.137))+0.35*COS(2*PI()*(((0)/Inputs!$C$50)+Inputs!$C$47*0.173))+0.2*SIN(2*PI()*(((A43)+(0))/(0.5*(Inputs!$C$49+Inputs!$C$50))+Inputs!$C$47*0.097)))+0.3*(2*((SIN(((A43)*12.9898+(0)*78.233+Inputs!$C$47*37.719))*43758.5453)-INT((SIN(((A43)*12.9898+(0)*78.233+Inputs!$C$47*37.719))*43758.5453)))-1))) | Y43: =IF(OR(Inputs!$C$27=TRUE,Inputs!$C$27="TRUE",Inputs!$C$27=1),1,0)*(Inputs!$C$51*(115*EXP(-(((Inputs!$C$6)-25)^2)/(4.5^2))+70*EXP(-(((Inputs!$C$6)+38)^2)/(7^2))*(0.55+0.45*SIN(2*PI()*(A43)/45))+24*SIN(2*PI()*(Inputs!$C$6)/9+(A43)/18)*EXP(-(((Inputs!$C$6)+5)^2)/(22^2))+18*SIN(2*PI()*(A43)/70))+Inputs!$C$28*EXP(-(((A43)-Inputs!$C$29)^2)/(2*Inputs!$C$31^2))*EXP(-(((Inputs!$C$6)-Inputs!$C$30)^2)/(2*Inputs!$C$32^2))+-Inputs!$C$33*EXP(-(((((A43)-Inputs!$C$34)^2)+(((Inputs!$C$6)-Inputs!$C$35)^2))/(2*Inputs!$C$36^2)))+Inputs!$C$37*(0.55*SIN(2*PI()*(A43)/Inputs!$C$39)+0.35*COS(2*PI()*(Inputs!$C$6)/Inputs!$C$40)+0.2*SIN(2*PI()*((A43)+(Inputs!$C$6))/(0.5*(Inputs!$C$39+Inputs!$C$40))))+Inputs!$C$38*SIN(2*PI()*(A43)/Inputs!$C$39)*SIN(2*PI()*(Inputs!$C$6)/Inputs!$C$40)+-Inputs!$C$41*EXP(-(((Inputs!$C$6)-Inputs!$C$43)^2)/(2*Inputs!$C$44^2))*EXP(-(((A43)-Inputs!$C$42)^2)/(2*Inputs!$C$45^2))+Inputs!$C$48*(0.7*(0.45*SIN(2*PI()*(((A43)/Inputs!$C$49)+Inputs!$C$47*0.137))+0.35*COS(2*PI()*(((Inputs!$C$6)/Inputs!$C$50)+Inputs!$C$47*0.173))+0.2*SIN(2*PI()*(((A43)+(Inputs!$C$6))/(0.5*(Inputs!$C$49+Inputs!$C$50))+Inputs!$C$47*0.097)))+0.3*(2*((SIN(((A43)*12.9898+(Inputs!$C$6)*78.233+Inputs!$C$47*37.719))*43758.5453)-INT((SIN(((A43)*12.9898+(Inputs!$C$6)*78.233+Inputs!$C$47*37.719))*43758.5453)))-1))) | Z43: =B43-X43/1000 | AA43: =SQRT((Inputs!$C$52+B43)^2+(Inputs!$C$52+Y43/1000)^2-2*(Inputs!$C$52+B43)*(Inputs!$C$52+Y43/1000)*COS(SQRT(A43^2+Inputs!$C$6^2)/Inputs!$C$52)) | AB43: =(AA43-Z43)*1000 | AC43: =AB43/Inputs!$C$12 | AD43: =2*AB43/Inputs!$C$21*1000000 | AE43: =DEGREES(ATAN(H43/(B43-Y43/1000))) | AF43: =DEGREES((2*PI()/Inputs!$C$13)*Inputs!$C$15*SIN(RADIANS(AE43))) | AG43: =(Z43/AA43)^4 | AH43: =10*LOG10(AG43) | AI43: =AC43-F43 | AJ43: =AD43-G43 | AK43: =Y43-X43 | AL43: =1000*(AA44-AA42)/(A44-A42)*Inputs!$C$11 | AM43: =-2*AL43/Inputs!$C$13 | AN43: =-2*AL43/Inputs!$C$14 | AO43: =ABS(AM43) | AP43: =ABS(AN43) | AQ43: =IF(OR(Inputs!$C$27=TRUE,Inputs!$C$27="TRUE",Inputs!$C$27=1),Inputs!$C$46/Inputs!$C$12,0) | AR43: =AC43-AQ43 | AS43: =AC43+AQ43
A44: =Inputs!$C$7+42*(Inputs!$C$8-Inputs!$C$7)/240 | B44: =Inputs!$C$5+Inputs!$C$9*(A44/Inputs!$C$10)^2 | C44: =B44 | D44: =SQRT((Inputs!$C$52+B44)^2+Inputs!$C$52^2-2*(Inputs!$C$52+B44)*Inputs!$C$52*COS(SQRT(A44^2+Inputs!$C$6^2)/Inputs!$C$52)) | E44: =(D44-C44)*1000 | F44: =E44/Inputs!$C$12 | G44: =2*E44/Inputs!$C$21*1000000 | H44: =SQRT(A44^2+Inputs!$C$6^2) | I44: =DEGREES(ATAN(H44/B44)) | J44: =DEGREES((2*PI()/Inputs!$C$13)*Inputs!$C$15*SIN(RADIANS(I44))) | K44: =(C44/D44)^4 | L44: =10*LOG10(K44) | M44: =2*(Inputs!$C$9/(Inputs!$C$10^2))*A44 | N44: =M44*Inputs!$C$11 | O44: =1000*(D45-D43)/(A45-A43)*Inputs!$C$11 | P44: =-2*O44/Inputs!$C$13 | Q44: =-2*O44/Inputs!$C$14 | R44: =F44-Inputs!$C$16/2 | S44: =F44+Inputs!$C$16/2 | T44: =F44-Inputs!$C$17/2 | U44: =F44+Inputs!$C$17/2 | V44: =ABS(P44) | W44: =ABS(Q44) | X44: =IF(OR(Inputs!$C$27=TRUE,Inputs!$C$27="TRUE",Inputs!$C$27=1),1,0)*(Inputs!$C$51*(115*EXP(-(((0)-25)^2)/(4.5^2))+70*EXP(-(((0)+38)^2)/(7^2))*(0.55+0.45*SIN(2*PI()*(A44)/45))+24*SIN(2*PI()*(0)/9+(A44)/18)*EXP(-(((0)+5)^2)/(22^2))+18*SIN(2*PI()*(A44)/70))+Inputs!$C$28*EXP(-(((A44)-Inputs!$C$29)^2)/(2*Inputs!$C$31^2))*EXP(-(((0)-Inputs!$C$30)^2)/(2*Inputs!$C$32^2))+-Inputs!$C$33*EXP(-(((((A44)-Inputs!$C$34)^2)+(((0)-Inputs!$C$35)^2))/(2*Inputs!$C$36^2)))+Inputs!$C$37*(0.55*SIN(2*PI()*(A44)/Inputs!$C$39)+0.35*COS(2*PI()*(0)/Inputs!$C$40)+0.2*SIN(2*PI()*((A44)+(0))/(0.5*(Inputs!$C$39+Inputs!$C$40))))+Inputs!$C$38*SIN(2*PI()*(A44)/Inputs!$C$39)*SIN(2*PI()*(0)/Inputs!$C$40)+-Inputs!$C$41*EXP(-(((0)-Inputs!$C$43)^2)/(2*Inputs!$C$44^2))*EXP(-(((A44)-Inputs!$C$42)^2)/(2*Inputs!$C$45^2))+Inputs!$C$48*(0.7*(0.45*SIN(2*PI()*(((A44)/Inputs!$C$49)+Inputs!$C$47*0.137))+0.35*COS(2*PI()*(((0)/Inputs!$C$50)+Inputs!$C$47*0.173))+0.2*SIN(2*PI()*(((A44)+(0))/(0.5*(Inputs!$C$49+Inputs!$C$50))+Inputs!$C$47*0.097)))+0.3*(2*((SIN(((A44)*12.9898+(0)*78.233+Inputs!$C$47*37.719))*43758.5453)-INT((SIN(((A44)*12.9898+(0)*78.233+Inputs!$C$47*37.719))*43758.5453)))-1))) | Y44: =IF(OR(Inputs!$C$27=TRUE,Inputs!$C$27="TRUE",Inputs!$C$27=1),1,0)*(Inputs!$C$51*(115*EXP(-(((Inputs!$C$6)-25)^2)/(4.5^2))+70*EXP(-(((Inputs!$C$6)+38)^2)/(7^2))*(0.55+0.45*SIN(2*PI()*(A44)/45))+24*SIN(2*PI()*(Inputs!$C$6)/9+(A44)/18)*EXP(-(((Inputs!$C$6)+5)^2)/(22^2))+18*SIN(2*PI()*(A44)/70))+Inputs!$C$28*EXP(-(((A44)-Inputs!$C$29)^2)/(2*Inputs!$C$31^2))*EXP(-(((Inputs!$C$6)-Inputs!$C$30)^2)/(2*Inputs!$C$32^2))+-Inputs!$C$33*EXP(-(((((A44)-Inputs!$C$34)^2)+(((Inputs!$C$6)-Inputs!$C$35)^2))/(2*Inputs!$C$36^2)))+Inputs!$C$37*(0.55*SIN(2*PI()*(A44)/Inputs!$C$39)+0.35*COS(2*PI()*(Inputs!$C$6)/Inputs!$C$40)+0.2*SIN(2*PI()*((A44)+(Inputs!$C$6))/(0.5*(Inputs!$C$39+Inputs!$C$40))))+Inputs!$C$38*SIN(2*PI()*(A44)/Inputs!$C$39)*SIN(2*PI()*(Inputs!$C$6)/Inputs!$C$40)+-Inputs!$C$41*EXP(-(((Inputs!$C$6)-Inputs!$C$43)^2)/(2*Inputs!$C$44^2))*EXP(-(((A44)-Inputs!$C$42)^2)/(2*Inputs!$C$45^2))+Inputs!$C$48*(0.7*(0.45*SIN(2*PI()*(((A44)/Inputs!$C$49)+Inputs!$C$47*0.137))+0.35*COS(2*PI()*(((Inputs!$C$6)/Inputs!$C$50)+Inputs!$C$47*0.173))+0.2*SIN(2*PI()*(((A44)+(Inputs!$C$6))/(0.5*(Inputs!$C$49+Inputs!$C$50))+Inputs!$C$47*0.097)))+0.3*(2*((SIN(((A44)*12.9898+(Inputs!$C$6)*78.233+Inputs!$C$47*37.719))*43758.5453)-INT((SIN(((A44)*12.9898+(Inputs!$C$6)*78.233+Inputs!$C$47*37.719))*43758.5453)))-1))) | Z44: =B44-X44/1000 | AA44: =SQRT((Inputs!$C$52+B44)^2+(Inputs!$C$52+Y44/1000)^2-2*(Inputs!$C$52+B44)*(Inputs!$C$52+Y44/1000)*COS(SQRT(A44^2+Inputs!$C$6^2)/Inputs!$C$52)) | AB44: =(AA44-Z44)*1000 | AC44: =AB44/Inputs!$C$12 | AD44: =2*AB44/Inputs!$C$21*1000000 | AE44: =DEGREES(ATAN(H44/(B44-Y44/1000))) | AF44: =DEGREES((2*PI()/Inputs!$C$13)*Inputs!$C$15*SIN(RADIANS(AE44))) | AG44: =(Z44/AA44)^4 | AH44: =10*LOG10(AG44) | AI44: =AC44-F44 | AJ44: =AD44-G44 | AK44: =Y44-X44 | AL44: =1000*(AA45-AA43)/(A45-A43)*Inputs!$C$11 | AM44: =-2*AL44/Inputs!$C$13 | AN44: =-2*AL44/Inputs!$C$14 | AO44: =ABS(AM44) | AP44: =ABS(AN44) | AQ44: =IF(OR(Inputs!$C$27=TRUE,Inputs!$C$27="TRUE",Inputs!$C$27=1),Inputs!$C$46/Inputs!$C$12,0) | AR44: =AC44-AQ44 | AS44: =AC44+AQ44
A45: =Inputs!$C$7+43*(Inputs!$C$8-Inputs!$C$7)/240 | B45: =Inputs!$C$5+Inputs!$C$9*(A45/Inputs!$C$10)^2 | C45: =B45 | D45: =SQRT((Inputs!$C$52+B45)^2+Inputs!$C$52^2-2*(Inputs!$C$52+B45)*Inputs!$C$52*COS(SQRT(A45^2+Inputs!$C$6^2)/Inputs!$C$52)) | E45: =(D45-C45)*1000 | F45: =E45/Inputs!$C$12 | G45: =2*E45/Inputs!$C$21*1000000 | H45: =SQRT(A45^2+Inputs!$C$6^2) | I45: =DEGREES(ATAN(H45/B45)) | J45: =DEGREES((2*PI()/Inputs!$C$13)*Inputs!$C$15*SIN(RADIANS(I45))) | K45: =(C45/D45)^4 | L45: =10*LOG10(K45) | M45: =2*(Inputs!$C$9/(Inputs!$C$10^2))*A45 | N45: =M45*Inputs!$C$11 | O45: =1000*(D46-D44)/(A46-A44)*Inputs!$C$11 | P45: =-2*O45/Inputs!$C$13 | Q45: =-2*O45/Inputs!$C$14 | R45: =F45-Inputs!$C$16/2 | S45: =F45+Inputs!$C$16/2 | T45: =F45-Inputs!$C$17/2 | U45: =F45+Inputs!$C$17/2 | V45: =ABS(P45) | W45: =ABS(Q45) | X45: =IF(OR(Inputs!$C$27=TRUE,Inputs!$C$27="TRUE",Inputs!$C$27=1),1,0)*(Inputs!$C$51*(115*EXP(-(((0)-25)^2)/(4.5^2))+70*EXP(-(((0)+38)^2)/(7^2))*(0.55+0.45*SIN(2*PI()*(A45)/45))+24*SIN(2*PI()*(0)/9+(A45)/18)*EXP(-(((0)+5)^2)/(22^2))+18*SIN(2*PI()*(A45)/70))+Inputs!$C$28*EXP(-(((A45)-Inputs!$C$29)^2)/(2*Inputs!$C$31^2))*EXP(-(((0)-Inputs!$C$30)^2)/(2*Inputs!$C$32^2))+-Inputs!$C$33*EXP(-(((((A45)-Inputs!$C$34)^2)+(((0)-Inputs!$C$35)^2))/(2*Inputs!$C$36^2)))+Inputs!$C$37*(0.55*SIN(2*PI()*(A45)/Inputs!$C$39)+0.35*COS(2*PI()*(0)/Inputs!$C$40)+0.2*SIN(2*PI()*((A45)+(0))/(0.5*(Inputs!$C$39+Inputs!$C$40))))+Inputs!$C$38*SIN(2*PI()*(A45)/Inputs!$C$39)*SIN(2*PI()*(0)/Inputs!$C$40)+-Inputs!$C$41*EXP(-(((0)-Inputs!$C$43)^2)/(2*Inputs!$C$44^2))*EXP(-(((A45)-Inputs!$C$42)^2)/(2*Inputs!$C$45^2))+Inputs!$C$48*(0.7*(0.45*SIN(2*PI()*(((A45)/Inputs!$C$49)+Inputs!$C$47*0.137))+0.35*COS(2*PI()*(((0)/Inputs!$C$50)+Inputs!$C$47*0.173))+0.2*SIN(2*PI()*(((A45)+(0))/(0.5*(Inputs!$C$49+Inputs!$C$50))+Inputs!$C$47*0.097)))+0.3*(2*((SIN(((A45)*12.9898+(0)*78.233+Inputs!$C$47*37.719))*43758.5453)-INT((SIN(((A45)*12.9898+(0)*78.233+Inputs!$C$47*37.719))*43758.5453)))-1))) | Y45: =IF(OR(Inputs!$C$27=TRUE,Inputs!$C$27="TRUE",Inputs!$C$27=1),1,0)*(Inputs!$C$51*(115*EXP(-(((Inputs!$C$6)-25)^2)/(4.5^2))+70*EXP(-(((Inputs!$C$6)+38)^2)/(7^2))*(0.55+0.45*SIN(2*PI()*(A45)/45))+24*SIN(2*PI()*(Inputs!$C$6)/9+(A45)/18)*EXP(-(((Inputs!$C$6)+5)^2)/(22^2))+18*SIN(2*PI()*(A45)/70))+Inputs!$C$28*EXP(-(((A45)-Inputs!$C$29)^2)/(2*Inputs!$C$31^2))*EXP(-(((Inputs!$C$6)-Inputs!$C$30)^2)/(2*Inputs!$C$32^2))+-Inputs!$C$33*EXP(-(((((A45)-Inputs!$C$34)^2)+(((Inputs!$C$6)-Inputs!$C$35)^2))/(2*Inputs!$C$36^2)))+Inputs!$C$37*(0.55*SIN(2*PI()*(A45)/Inputs!$C$39)+0.35*COS(2*PI()*(Inputs!$C$6)/Inputs!$C$40)+0.2*SIN(2*PI()*((A45)+(Inputs!$C$6))/(0.5*(Inputs!$C$39+Inputs!$C$40))))+Inputs!$C$38*SIN(2*PI()*(A45)/Inputs!$C$39)*SIN(2*PI()*(Inputs!$C$6)/Inputs!$C$40)+-Inputs!$C$41*EXP(-(((Inputs!$C$6)-Inputs!$C$43)^2)/(2*Inputs!$C$44^2))*EXP(-(((A45)-Inputs!$C$42)^2)/(2*Inputs!$C$45^2))+Inputs!$C$48*(0.7*(0.45*SIN(2*PI()*(((A45)/Inputs!$C$49)+Inputs!$C$47*0.137))+0.35*COS(2*PI()*(((Inputs!$C$6)/Inputs!$C$50)+Inputs!$C$47*0.173))+0.2*SIN(2*PI()*(((A45)+(Inputs!$C$6))/(0.5*(Inputs!$C$49+Inputs!$C$50))+Inputs!$C$47*0.097)))+0.3*(2*((SIN(((A45)*12.9898+(Inputs!$C$6)*78.233+Inputs!$C$47*37.719))*43758.5453)-INT((SIN(((A45)*12.9898+(Inputs!$C$6)*78.233+Inputs!$C$47*37.719))*43758.5453)))-1))) | Z45: =B45-X45/1000 | AA45: =SQRT((Inputs!$C$52+B45)^2+(Inputs!$C$52+Y45/1000)^2-2*(Inputs!$C$52+B45)*(Inputs!$C$52+Y45/1000)*COS(SQRT(A45^2+Inputs!$C$6^2)/Inputs!$C$52)) | AB45: =(AA45-Z45)*1000 | AC45: =AB45/Inputs!$C$12 | AD45: =2*AB45/Inputs!$C$21*1000000 | AE45: =DEGREES(ATAN(H45/(B45-Y45/1000))) | AF45: =DEGREES((2*PI()/Inputs!$C$13)*Inputs!$C$15*SIN(RADIANS(AE45))) | AG45: =(Z45/AA45)^4 | AH45: =10*LOG10(AG45) | AI45: =AC45-F45 | AJ45: =AD45-G45 | AK45: =Y45-X45 | AL45: =1000*(AA46-AA44)/(A46-A44)*Inputs!$C$11 | AM45: =-2*AL45/Inputs!$C$13 | AN45: =-2*AL45/Inputs!$C$14 | AO45: =ABS(AM45) | AP45: =ABS(AN45) | AQ45: =IF(OR(Inputs!$C$27=TRUE,Inputs!$C$27="TRUE",Inputs!$C$27=1),Inputs!$C$46/Inputs!$C$12,0) | AR45: =AC45-AQ45 | AS45: =AC45+AQ45
A46: =Inputs!$C$7+44*(Inputs!$C$8-Inputs!$C$7)/240 | B46: =Inputs!$C$5+Inputs!$C$9*(A46/Inputs!$C$10)^2 | C46: =B46 | D46: =SQRT((Inputs!$C$52+B46)^2+Inputs!$C$52^2-2*(Inputs!$C$52+B46)*Inputs!$C$52*COS(SQRT(A46^2+Inputs!$C$6^2)/Inputs!$C$52)) | E46: =(D46-C46)*1000 | F46: =E46/Inputs!$C$12 | G46: =2*E46/Inputs!$C$21*1000000 | H46: =SQRT(A46^2+Inputs!$C$6^2) | I46: =DEGREES(ATAN(H46/B46)) | J46: =DEGREES((2*PI()/Inputs!$C$13)*Inputs!$C$15*SIN(RADIANS(I46))) | K46: =(C46/D46)^4 | L46: =10*LOG10(K46) | M46: =2*(Inputs!$C$9/(Inputs!$C$10^2))*A46 | N46: =M46*Inputs!$C$11 | O46: =1000*(D47-D45)/(A47-A45)*Inputs!$C$11 | P46: =-2*O46/Inputs!$C$13 | Q46: =-2*O46/Inputs!$C$14 | R46: =F46-Inputs!$C$16/2 | S46: =F46+Inputs!$C$16/2 | T46: =F46-Inputs!$C$17/2 | U46: =F46+Inputs!$C$17/2 | V46: =ABS(P46) | W46: =ABS(Q46) | X46: =IF(OR(Inputs!$C$27=TRUE,Inputs!$C$27="TRUE",Inputs!$C$27=1),1,0)*(Inputs!$C$51*(115*EXP(-(((0)-25)^2)/(4.5^2))+70*EXP(-(((0)+38)^2)/(7^2))*(0.55+0.45*SIN(2*PI()*(A46)/45))+24*SIN(2*PI()*(0)/9+(A46)/18)*EXP(-(((0)+5)^2)/(22^2))+18*SIN(2*PI()*(A46)/70))+Inputs!$C$28*EXP(-(((A46)-Inputs!$C$29)^2)/(2*Inputs!$C$31^2))*EXP(-(((0)-Inputs!$C$30)^2)/(2*Inputs!$C$32^2))+-Inputs!$C$33*EXP(-(((((A46)-Inputs!$C$34)^2)+(((0)-Inputs!$C$35)^2))/(2*Inputs!$C$36^2)))+Inputs!$C$37*(0.55*SIN(2*PI()*(A46)/Inputs!$C$39)+0.35*COS(2*PI()*(0)/Inputs!$C$40)+0.2*SIN(2*PI()*((A46)+(0))/(0.5*(Inputs!$C$39+Inputs!$C$40))))+Inputs!$C$38*SIN(2*PI()*(A46)/Inputs!$C$39)*SIN(2*PI()*(0)/Inputs!$C$40)+-Inputs!$C$41*EXP(-(((0)-Inputs!$C$43)^2)/(2*Inputs!$C$44^2))*EXP(-(((A46)-Inputs!$C$42)^2)/(2*Inputs!$C$45^2))+Inputs!$C$48*(0.7*(0.45*SIN(2*PI()*(((A46)/Inputs!$C$49)+Inputs!$C$47*0.137))+0.35*COS(2*PI()*(((0)/Inputs!$C$50)+Inputs!$C$47*0.173))+0.2*SIN(2*PI()*(((A46)+(0))/(0.5*(Inputs!$C$49+Inputs!$C$50))+Inputs!$C$47*0.097)))+0.3*(2*((SIN(((A46)*12.9898+(0)*78.233+Inputs!$C$47*37.719))*43758.5453)-INT((SIN(((A46)*12.9898+(0)*78.233+Inputs!$C$47*37.719))*43758.5453)))-1))) | Y46: =IF(OR(Inputs!$C$27=TRUE,Inputs!$C$27="TRUE",Inputs!$C$27=1),1,0)*(Inputs!$C$51*(115*EXP(-(((Inputs!$C$6)-25)^2)/(4.5^2))+70*EXP(-(((Inputs!$C$6)+38)^2)/(7^2))*(0.55+0.45*SIN(2*PI()*(A46)/45))+24*SIN(2*PI()*(Inputs!$C$6)/9+(A46)/18)*EXP(-(((Inputs!$C$6)+5)^2)/(22^2))+18*SIN(2*PI()*(A46)/70))+Inputs!$C$28*EXP(-(((A46)-Inputs!$C$29)^2)/(2*Inputs!$C$31^2))*EXP(-(((Inputs!$C$6)-Inputs!$C$30)^2)/(2*Inputs!$C$32^2))+-Inputs!$C$33*EXP(-(((((A46)-Inputs!$C$34)^2)+(((Inputs!$C$6)-Inputs!$C$35)^2))/(2*Inputs!$C$36^2)))+Inputs!$C$37*(0.55*SIN(2*PI()*(A46)/Inputs!$C$39)+0.35*COS(2*PI()*(Inputs!$C$6)/Inputs!$C$40)+0.2*SIN(2*PI()*((A46)+(Inputs!$C$6))/(0.5*(Inputs!$C$39+Inputs!$C$40))))+Inputs!$C$38*SIN(2*PI()*(A46)/Inputs!$C$39)*SIN(2*PI()*(Inputs!$C$6)/Inputs!$C$40)+-Inputs!$C$41*EXP(-(((Inputs!$C$6)-Inputs!$C$43)^2)/(2*Inputs!$C$44^2))*EXP(-(((A46)-Inputs!$C$42)^2)/(2*Inputs!$C$45^2))+Inputs!$C$48*(0.7*(0.45*SIN(2*PI()*(((A46)/Inputs!$C$49)+Inputs!$C$47*0.137))+0.35*COS(2*PI()*(((Inputs!$C$6)/Inputs!$C$50)+Inputs!$C$47*0.173))+0.2*SIN(2*PI()*(((A46)+(Inputs!$C$6))/(0.5*(Inputs!$C$49+Inputs!$C$50))+Inputs!$C$47*0.097)))+0.3*(2*((SIN(((A46)*12.9898+(Inputs!$C$6)*78.233+Inputs!$C$47*37.719))*43758.5453)-INT((SIN(((A46)*12.9898+(Inputs!$C$6)*78.233+Inputs!$C$47*37.719))*43758.5453)))-1))) | Z46: =B46-X46/1000 | AA46: =SQRT((Inputs!$C$52+B46)^2+(Inputs!$C$52+Y46/1000)^2-2*(Inputs!$C$52+B46)*(Inputs!$C$52+Y46/1000)*COS(SQRT(A46^2+Inputs!$C$6^2)/Inputs!$C$52)) | AB46: =(AA46-Z46)*1000 | AC46: =AB46/Inputs!$C$12 | AD46: =2*AB46/Inputs!$C$21*1000000 | AE46: =DEGREES(ATAN(H46/(B46-Y46/1000))) | AF46: =DEGREES((2*PI()/Inputs!$C$13)*Inputs!$C$15*SIN(RADIANS(AE46))) | AG46: =(Z46/AA46)^4 | AH46: =10*LOG10(AG46) | AI46: =AC46-F46 | AJ46: =AD46-G46 | AK46: =Y46-X46 | AL46: =1000*(AA47-AA45)/(A47-A45)*Inputs!$C$11 | AM46: =-2*AL46/Inputs!$C$13 | AN46: =-2*AL46/Inputs!$C$14 | AO46: =ABS(AM46) | AP46: =ABS(AN46) | AQ46: =IF(OR(Inputs!$C$27=TRUE,Inputs!$C$27="TRUE",Inputs!$C$27=1),Inputs!$C$46/Inputs!$C$12,0) | AR46: =AC46-AQ46 | AS46: =AC46+AQ46
A47: =Inputs!$C$7+45*(Inputs!$C$8-Inputs!$C$7)/240 | B47: =Inputs!$C$5+Inputs!$C$9*(A47/Inputs!$C$10)^2 | C47: =B47 | D47: =SQRT((Inputs!$C$52+B47)^2+Inputs!$C$52^2-2*(Inputs!$C$52+B47)*Inputs!$C$52*COS(SQRT(A47^2+Inputs!$C$6^2)/Inputs!$C$52)) | E47: =(D47-C47)*1000 | F47: =E47/Inputs!$C$12 | G47: =2*E47/Inputs!$C$21*1000000 | H47: =SQRT(A47^2+Inputs!$C$6^2) | I47: =DEGREES(ATAN(H47/B47)) | J47: =DEGREES((2*PI()/Inputs!$C$13)*Inputs!$C$15*SIN(RADIANS(I47))) | K47: =(C47/D47)^4 | L47: =10*LOG10(K47) | M47: =2*(Inputs!$C$9/(Inputs!$C$10^2))*A47 | N47: =M47*Inputs!$C$11 | O47: =1000*(D48-D46)/(A48-A46)*Inputs!$C$11 | P47: =-2*O47/Inputs!$C$13 | Q47: =-2*O47/Inputs!$C$14 | R47: =F47-Inputs!$C$16/2 | S47: =F47+Inputs!$C$16/2 | T47: =F47-Inputs!$C$17/2 | U47: =F47+Inputs!$C$17/2 | V47: =ABS(P47) | W47: =ABS(Q47) | X47: =IF(OR(Inputs!$C$27=TRUE,Inputs!$C$27="TRUE",Inputs!$C$27=1),1,0)*(Inputs!$C$51*(115*EXP(-(((0)-25)^2)/(4.5^2))+70*EXP(-(((0)+38)^2)/(7^2))*(0.55+0.45*SIN(2*PI()*(A47)/45))+24*SIN(2*PI()*(0)/9+(A47)/18)*EXP(-(((0)+5)^2)/(22^2))+18*SIN(2*PI()*(A47)/70))+Inputs!$C$28*EXP(-(((A47)-Inputs!$C$29)^2)/(2*Inputs!$C$31^2))*EXP(-(((0)-Inputs!$C$30)^2)/(2*Inputs!$C$32^2))+-Inputs!$C$33*EXP(-(((((A47)-Inputs!$C$34)^2)+(((0)-Inputs!$C$35)^2))/(2*Inputs!$C$36^2)))+Inputs!$C$37*(0.55*SIN(2*PI()*(A47)/Inputs!$C$39)+0.35*COS(2*PI()*(0)/Inputs!$C$40)+0.2*SIN(2*PI()*((A47)+(0))/(0.5*(Inputs!$C$39+Inputs!$C$40))))+Inputs!$C$38*SIN(2*PI()*(A47)/Inputs!$C$39)*SIN(2*PI()*(0)/Inputs!$C$40)+-Inputs!$C$41*EXP(-(((0)-Inputs!$C$43)^2)/(2*Inputs!$C$44^2))*EXP(-(((A47)-Inputs!$C$42)^2)/(2*Inputs!$C$45^2))+Inputs!$C$48*(0.7*(0.45*SIN(2*PI()*(((A47)/Inputs!$C$49)+Inputs!$C$47*0.137))+0.35*COS(2*PI()*(((0)/Inputs!$C$50)+Inputs!$C$47*0.173))+0.2*SIN(2*PI()*(((A47)+(0))/(0.5*(Inputs!$C$49+Inputs!$C$50))+Inputs!$C$47*0.097)))+0.3*(2*((SIN(((A47)*12.9898+(0)*78.233+Inputs!$C$47*37.719))*43758.5453)-INT((SIN(((A47)*12.9898+(0)*78.233+Inputs!$C$47*37.719))*43758.5453)))-1))) | Y47: =IF(OR(Inputs!$C$27=TRUE,Inputs!$C$27="TRUE",Inputs!$C$27=1),1,0)*(Inputs!$C$51*(115*EXP(-(((Inputs!$C$6)-25)^2)/(4.5^2))+70*EXP(-(((Inputs!$C$6)+38)^2)/(7^2))*(0.55+0.45*SIN(2*PI()*(A47)/45))+24*SIN(2*PI()*(Inputs!$C$6)/9+(A47)/18)*EXP(-(((Inputs!$C$6)+5)^2)/(22^2))+18*SIN(2*PI()*(A47)/70))+Inputs!$C$28*EXP(-(((A47)-Inputs!$C$29)^2)/(2*Inputs!$C$31^2))*EXP(-(((Inputs!$C$6)-Inputs!$C$30)^2)/(2*Inputs!$C$32^2))+-Inputs!$C$33*EXP(-(((((A47)-Inputs!$C$34)^2)+(((Inputs!$C$6)-Inputs!$C$35)^2))/(2*Inputs!$C$36^2)))+Inputs!$C$37*(0.55*SIN(2*PI()*(A47)/Inputs!$C$39)+0.35*COS(2*PI()*(Inputs!$C$6)/Inputs!$C$40)+0.2*SIN(2*PI()*((A47)+(Inputs!$C$6))/(0.5*(Inputs!$C$39+Inputs!$C$40))))+Inputs!$C$38*SIN(2*PI()*(A47)/Inputs!$C$39)*SIN(2*PI()*(Inputs!$C$6)/Inputs!$C$40)+-Inputs!$C$41*EXP(-(((Inputs!$C$6)-Inputs!$C$43)^2)/(2*Inputs!$C$44^2))*EXP(-(((A47)-Inputs!$C$42)^2)/(2*Inputs!$C$45^2))+Inputs!$C$48*(0.7*(0.45*SIN(2*PI()*(((A47)/Inputs!$C$49)+Inputs!$C$47*0.137))+0.35*COS(2*PI()*(((Inputs!$C$6)/Inputs!$C$50)+Inputs!$C$47*0.173))+0.2*SIN(2*PI()*(((A47)+(Inputs!$C$6))/(0.5*(Inputs!$C$49+Inputs!$C$50))+Inputs!$C$47*0.097)))+0.3*(2*((SIN(((A47)*12.9898+(Inputs!$C$6)*78.233+Inputs!$C$47*37.719))*43758.5453)-INT((SIN(((A47)*12.9898+(Inputs!$C$6)*78.233+Inputs!$C$47*37.719))*43758.5453)))-1))) | Z47: =B47-X47/1000 | AA47: =SQRT((Inputs!$C$52+B47)^2+(Inputs!$C$52+Y47/1000)^2-2*(Inputs!$C$52+B47)*(Inputs!$C$52+Y47/1000)*COS(SQRT(A47^2+Inputs!$C$6^2)/Inputs!$C$52)) | AB47: =(AA47-Z47)*1000 | AC47: =AB47/Inputs!$C$12 | AD47: =2*AB47/Inputs!$C$21*1000000 | AE47: =DEGREES(ATAN(H47/(B47-Y47/1000))) | AF47: =DEGREES((2*PI()/Inputs!$C$13)*Inputs!$C$15*SIN(RADIANS(AE47))) | AG47: =(Z47/AA47)^4 | AH47: =10*LOG10(AG47) | AI47: =AC47-F47 | AJ47: =AD47-G47 | AK47: =Y47-X47 | AL47: =1000*(AA48-AA46)/(A48-A46)*Inputs!$C$11 | AM47: =-2*AL47/Inputs!$C$13 | AN47: =-2*AL47/Inputs!$C$14 | AO47: =ABS(AM47) | AP47: =ABS(AN47) | AQ47: =IF(OR(Inputs!$C$27=TRUE,Inputs!$C$27="TRUE",Inputs!$C$27=1),Inputs!$C$46/Inputs!$C$12,0) | AR47: =AC47-AQ47 | AS47: =AC47+AQ47
