Workbook

Sheet Dashboard
A1: Parabolic Motion Radar + Topography Parameter Model
A2: Use Inputs!C27 to apply/remove topography from the main outputs. The chart previews keep the same modeled surface visible so turning topography off does not erase the comparison. Inputs!C47 changes the terrain seed.
A4: Key Output Results
A5: Output | B5: Value | C5: Unit | D5: What it means
A6: Topography toggle | B6: =IF(OR(Inputs!$C$27=TRUE,Inputs!$C$27="TRUE",Inputs!$C$27=1),"Topography ON","Topography OFF") -> Topography OFF | D6: Set Inputs!C27 to TRUE to include terrain, or FALSE to return to a flat surface. Change Inputs!C47 to test a new terrain case.
A7: Flat apparent depth at mid-pass | B7: =Model_Data!F122 -> 438.47671 | C7: m | D7: Original flat-surface result.
A8: Topo apparent depth at mid-pass | B8: =Model_Data!AC122 -> 438.47671 | C8: m | D8: Apparent depth after terrain height changes the range geometry.
A9: Depth change from topography | B9: =Model_Data!AI122 -> 0 | C9: m | D9: Topo apparent depth minus flat apparent depth.
A10: Topo extra two-way delay | B10: =Model_Data!AD122 -> 5.2068591 | C10: us | D10: Two-way delay after topography is included.
A11: Topo VHF interferometric phase | B11: =Model_Data!AF122 -> 22.456183 | C11: deg | D11: VHF phase after topography changes the look geometry.
A12: Max target terrain height | B12: =MAX(Model_Data!Y2:Y242) -> 0 | C12: m | D12: Highest modeled terrain at the side-offset target path.
A13: Min target terrain height | B13: =MIN(Model_Data!Y2:Y242) -> 0 | C13: m | D13: Lowest modeled terrain at the side-offset target path.
A14: Max absolute topo depth change | B14: =MAX(MAX(Model_Data!AI2:AI242),-MIN(Model_Data!AI2:AI242)) -> 0 | C14: m | D14: Largest magnitude of topography-driven apparent-depth change.
A15: Max topo VHF Doppler magnitude | B15: =MAX(Model_Data!AO2:AO242) -> 443.43402 | C15: Hz | D15: Largest VHF Doppler after topography is included.
A16: Simple minimum PRF with topo | B16: =2*B15 -> 886.86803 | C16: Hz | D16: Twice max topo VHF Doppler, a simple no-alias floor.
A17: Topo depth uncertainty band | B17: =Model_Data!AQ122 -> 0 | C17: m | D17: Representative vertical uncertainty converted to apparent-depth uncertainty.
A19: PRF Choices
A20: PRF (Hz) | B20: Pulse interval (ms) | C20: Along-track spacing (m) | D20: Unambiguous range (km) | E20: Pulses in air at z0 | F20: Status
A21: =PRF_Results!A4 -> 50 | B21: =PRF_Results!B4 -> 20 | C21: =PRF_Results!C4 -> 80 | D21: =PRF_Results!D4 -> 2997.9246 | E21: =PRF_Results!E4 -> 0.13342564 | F21: =PRF_Results!F4 -> Below simple Doppler floor
A22: =PRF_Results!A5 -> 500 | B22: =PRF_Results!B5 -> 2 | C22: =PRF_Results!C5 -> 8 | D22: =PRF_Results!D5 -> 299.79246 | E22: =PRF_Results!E5 -> 1.3342564 | F22: =PRF_Results!F5 -> Below simple Doppler floor
A23: =PRF_Results!A6 -> 3000 | B23: =PRF_Results!B6 -> 0.33333333 | C23: =PRF_Results!C6 -> 1.3333333 | D23: =PRF_Results!D6 -> 49.96541 | E23: =PRF_Results!E6 -> 8.0055383 | F23: =PRF_Results!F6 -> OK for modeled topo VHF Doppler
A25: How to read this model
A26: The chain is: parabolic motion changes z(x); topography adds h(x,y); the radar then turns that real surface pattern into an apparent range/depth shift. Flat means flat surface, not straight spacecraft motion.
A57: Paper Pass Scenario Comparison
A58: Scenario | B58: Show | C58: z0 (km) | D58: Length (km) | E58: Edge alt (km) | F58: Mid depth (m) | G58: Max VHF (Hz) | H58: PRF floor (Hz) | I58: Basis
A59: =Inputs!G6 -> Current custom inputs | B59: TRUE | C59: =Inputs!H6 -> 400 | D59: =Inputs!J6-Inputs!I6 -> 120 | E59: =Inputs!M6 -> 404 | F59: =Scenario_Data!AF122 -> 438.47671 | G59: =MAX(MAX(Scenario_Data!AL2:AL242),-MIN(Scenario_Data!AL2:AL242)) -> 445.2313 | H59: =2*G59 -> 890.46259 | I59: Current editable
A60: =Inputs!G7 -> Paper low-altitude 800-km pass | B60: TRUE | C60: =Inputs!H7 -> 35 | D60: =Inputs!J7-Inputs!I7 -> 800 | E60: =Inputs!M7 -> 400 | F60: =Scenario_Data!AG122 -> 4500.9137 | G60: =MAX(MAX(Scenario_Data!AM2:AM242),-MIN(Scenario_Data!AM2:AM242)) -> 3193.006 | H60: =2*G60 -> 6386.012 | I60: 800 km below 400
A61: =Inputs!G8 -> Paper ice-ocean 1600-km pass | B61: TRUE | C61: =Inputs!H8 -> 35 | D61: =Inputs!J8-Inputs!I8 -> 1600 | E61: =Inputs!M8 -> 1000 | F61: =Scenario_Data!AH122 -> 4500.9137 | G61: =MAX(MAX(Scenario_Data!AN2:AN242),-MIN(Scenario_Data!AN2:AN242)) -> 4012.9011 | H61: =2*G61 -> 8025.8022 | I61: 1600 km below 1000
A62: =Inputs!G9 -> Paper operating 25-to-1000-km pass | B62: TRUE | C62: =Inputs!H9 -> 25 | D62: =Inputs!J9-Inputs!I9 -> 1600 | E62: =Inputs!M9 -> 1000 | F62: =Scenario_Data!AI122 -> 5817.6062 | G62: =MAX(MAX(Scenario_Data!AO2:AO242),-MIN(Scenario_Data!AO2:AO242)) -> 4044.1299 | H62: =2*G62 -> 8088.2598 | I62: 25-1000 km range
A63: Scenario note | B63: Paper numbers are converted into this workbook's simplified parabola so the outcomes can be compared. The paper states altitude ranges and groundtrack requirements, not an exact parabolic spacecraft trajectory.

Sheet Inputs
A1: Parabolic Motion Radar Model - Editable Inputs
A2: Change the yellow cells in column C for the custom model. Use the TRUE/FALSE scenario toggles at the right to overlay paper-derived pass cases on the Dashboard charts.
A4: Parameter | B4: Symbol | C4: Value | D4: Unit | E4: Notes | F4: Paper-Derived Pass Scenario Overlays
A5: Closest altitude | B5: z0 | C5: 400 | D5: km | E5: Altitude at closest approach. Change this to test other flyby heights. | F5: Show | G5: Scenario | H5: z0 | I5: x_min | J5: x_max | K5: x_edge | L5: Delta_z_edge | M5: Edge altitude | N5: Paper basis / meaning
A6: Side/cross-track offset | B6: y | C6: 25 | D6: km | E6: Horizontal offset of the modeled target from nadir. | F6: =Dashboard!B59 -> TRUE | G6: Current custom inputs | H6: =C5 -> 400 | I6: =C7 -> -60 | J6: =C8 -> 60 | K6: =C10 -> 60 | L6: =C9 -> 4 | M6: =C5+C9 -> 404 | N6: Your editable custom case from the left table. It remains the main model used by the topography dashboard.
A7: Along-track minimum | B7: x_min | C7: -60 | D7: km | E7: Left/start side of the modeled pass. | F7: =Dashboard!B60 -> TRUE | G7: Paper low-altitude 800-km pass | H7: 35 | I7: -400 | J7: 400 | K7: 400 | L7: 365 | M7: 400 | N7: Paper coverage requirement: groundtrack segments at least 800 km long below 400 km for most REASON datasets. This model makes that a parabola.
A8: Along-track maximum | B8: x_max | C8: 60 | D8: km | E8: Right/end side of the modeled pass. | F8: =Dashboard!B61 -> TRUE | G8: Paper ice-ocean 1600-km pass | H8: 35 | I8: -800 | J8: 800 | K8: 800 | L8: 965 | M8: 1000 | N8: Paper ice-ocean interface requirement: at least 1600 km below 1000 km. This model makes that a parabola.
A9: Altitude rise at edge | B9: Delta_z_edge | C9: 4 | D9: km | E9: How much altitude rises at +/- x_edge. | F9: =Dashboard!B62 -> TRUE | G9: Paper operating 25-to-1000-km pass | H9: 25 | I9: -800 | J9: 800 | K9: 800 | L9: 975 | M9: 1000 | N9: Paper instrument table lists operational altitudes of 25 km to 1000 km. This shows the lower-bound closest-approach case.
A10: Parabola edge location | B10: x_edge | C10: 60 | D10: km | E10: Controls curvature together with Delta_z_edge.
A11: Along-track speed | B11: v | C11: 4 | D11: km/s | E11: Used for range rate, Doppler, and pulse spacing. | F11: Scenario note | G11: The paper gives altitude ranges and required groundtrack lengths, not exact parabolic equations. These rows convert those paper values into the same simplified parabola equation so outcomes can be compared on one dashboard.
A12: Ice refractive index | B12: n | C12: 1.78 | E12: Used to convert extra slant path into apparent depth.
A13: VHF wavelength | B13: lambda_vhf | C13: 5 | D13: m | E13: REASON-like VHF wavelength.
A14: HF wavelength | B14: lambda_hf | C14: 33.3 | D14: m | E14: REASON-like HF wavelength.
A15: Interferometer baseline | B15: b | C15: 5 | D15: m | E15: Used for VHF phase estimate.
A16: VHF range resolution | B16: res_vhf | C16: 30 | D16: m | E16: Used for VHF apparent-depth uncertainty band.
A17: HF range resolution | B17: res_hf | C17: 300 | D17: m | E17: Used for HF apparent-depth uncertainty band.
A18: PRF choice 1 | B18: PRF_1 | C18: 50 | D18: Hz | E18: Example low PRF.
A19: PRF choice 2 | B19: PRF_2 | C19: 500 | D19: Hz | E19: Example medium PRF.
A20: PRF choice 3 | B20: PRF_3 | C20: 3000 | D20: Hz | E20: Example high PRF.
A21: Speed of light | B21: c | C21: 299792458 | D21: m/s | E21: Physical constant used for delay and timing.
A23: Model note | B23: The parabola is a simplified local path, not a real mission trajectory. Use it to see how geometry changes radar outputs.
A25: Representative Europa Topography Controls
A26: Parameter | B26: Symbol | C26: Value | D26: Unit | E26: Notes
A27: Topography enabled | B27: topography_on | C27: FALSE | E27: Dropdown-style toggle. TRUE adds terrain height to the radar geometry; FALSE returns to flat surface.
A28: Ridge height | B28: A_ridge | C28: 350 | D28: m | E28: Positive height for a representative double-ridge / raised band.
A29: Ridge center x | B29: ridge_x0 | C29: 0 | D29: km | E29: Along-track center of the ridge.
A30: Ridge center y | B30: ridge_y0 | C30: 25 | D30: km | E30: Cross-track center of the ridge.
A31: Ridge length sigma | B31: ridge_sigma_x | C31: 24 | D31: km | E31: Long direction of the ridge feature.
A32: Ridge width sigma | B32: ridge_sigma_y | C32: 3.5 | D32: km | E32: Narrow cross-track width of the ridge.
A33: Crater/depression depth | B33: D_crater | C33: 180 | D33: m | E33: Positive number becomes a negative depression in the surface model.
A34: Crater center x | B34: crater_x0 | C34: -18 | D34: km | E34: Along-track center of depression.
A35: Crater center y | B35: crater_y0 | C35: 8 | D35: km | E35: Cross-track center of depression.
A36: Crater width sigma | B36: crater_sigma | C36: 8 | D36: km | E36: Controls how broad the depression is.
A37: Chaos amplitude | B37: A_chaos | C37: 65 | D37: m | E37: Mixed sinusoidal terrain term for irregular chaos-like height variation.
A38: Fine roughness amplitude | B38: A_rough | C38: 35 | D38: m | E38: Smaller surface roughness term.
A39: Roughness wavelength x | B39: Lx | C39: 18 | D39: km | E39: Along-track roughness wavelength.
... A46: Terrain vertical uncertainty | B46: sigma_h | C46: 75 | D46: m | E46: Representative uncertainty band for the topographic height model.
A47: Terrain seed | B47: terrain_seed | C47: 7 | E47: Change this number to generate a different repeatable random-looking surface. Same seed gives the same graphs.
A48: Seeded random amplitude | B48: A_seeded | C48: 45 | D48: m | E48: Strength of the generated terrain added on top of the DEM-style surface.
A49: Seeded random scale x | B49: L_seed_x | C49: 12 | D49: km | E49: Along-track scale for seeded terrain waves.
A50: Seeded random scale y | B50: L_seed_y | C50: 9 | D50: km | E50: Cross-track scale for seeded terrain waves.
A51: Existing DEM-style scale | B51: S_dem | C51: 1 | E51: Multiplier for the project synthetic DEM pattern from reason_common.py.
A53: Topography note | B53: This is a detailed representative terrain model, not a real imported Europa DEM. It now combines the local project synthetic DEM shape with a seed-controlled random terrain term so you can test multiple possible surfaces.

Sheet Model_Data
A1: x_km | B1: z_km | C1: R_nadir_km | D1: R_off_km | E1: Delta_R_m | F1: apparent_depth_m | G1: extra_delay_us | H1: horizontal_offset_km | I1: look_angle_deg | J1: vhf_phase_deg | K1: relative_power | L1: power_dB | M1: dz_dx | N1: dz_dt_km_s | O1: range_rate_m_s | P1: vhf_doppler_hz | Q1: hf_doppler_hz | R1: vhf_band_low_m | S1: vhf_band_high_m | T1: hf_band_low_m | U1: hf_band_high_m | V1: abs_vhf_doppler_hz | W1: abs_hf_doppler_hz | X1: h_nadir_m | Y1: h_target_m | Z1: R_nadir_topo_km | AA1: R_off_topo_km | AB1: Delta_R_topo_m | AC1: apparent_depth_topo_m | AD1: extra_delay_topo_us | AE1: look_angle_topo_deg | AF1: vhf_phase_topo_deg | AG1: relative_power_topo | AH1: power_dB_topo | AI1: depth_change_topo_minus_flat_m | AJ1: delay_change_topo_minus_flat_us | AK1: target_minus_nadir_height_m | AL1: range_rate_topo_m_s | AM1: vhf_doppler_topo_hz | AN1: hf_doppler_topo_hz | AO1: abs_vhf_doppler_topo_hz | AP1: abs_hf_doppler_topo_hz | AQ1: topo_depth_uncertainty_m | AR1: topo_depth_low_m | AS1: topo_depth_high_m
A2: =Inputs!$C$7+0*(Inputs!$C$8-Inputs!$C$7)/240 -> -60 | B2: =Inputs!$C$5+Inputs!$C$9*(A2/Inputs!$C$10)^2 -> 404 | C2: =B2 -> 404 | D2: =SQRT(A2^2+Inputs!$C$6^2+B2^2) -> 409.19555 | E2: =(D2-C2)*1000 -> 5195.5523 | F2: =E2/Inputs!$C$12 -> 2918.8496 | G2: =2*E2/Inputs!$C$21*1000000 -> 34.660994 | H2: =SQRT(A2^2+Inputs!$C$6^2) -> 65 | I2: =DEGREES(ATAN(H2/B2)) -> 9.1400512 | J2: =DEGREES((2*PI()/Inputs!$C$13)*Inputs!$C$15*SIN(RADIANS(I2))) -> 57.185372 | K2: =(C2/D2)^4 -> 0.95017116 | L2: =10*LOG10(K2) -> -0.22198158 | M2: =2*(Inputs!$C$9/(Inputs!$C$10^2))*A2 -> -0.13333333 | N2: =M2*Inputs!$C$11 -> -0.53333333 | O2: =1000*((A2*Inputs!$C$11)+(B2*N2))/D2 -> -1113.0782 | P2: =-2*O2/Inputs!$C$13 -> 445.2313 | Q2: =-2*O2/Inputs!$C$14 -> 66.851546 | R2: =F2-Inputs!$C$16/2 -> 2903.8496 | S2: =F2+Inputs!$C$16/2 -> 2933.8496 | T2: =F2-Inputs!$C$17/2 -> 2768.8496 | U2: =F2+Inputs!$C$17/2 -> 3068.8496 | V2: =ABS(P2) -> 445.2313 | W2: =ABS(Q2) -> 66.851546 | X2: =IF(OR(Inputs!$C$27=TRUE,Inputs!$C$27="TRUE",Inputs!$C$27=1),1,0)*(Inputs!$C$51*(115*EXP(-(((0)-25)^2)/(4.5^2))+70*EXP(-(((0)+38)^2)/(7^2))*(0.55+0.45*SIN(2*PI()*(A2)/45))+24*SIN(2*PI()*(0)/9+(A2)/18)*EXP(-(((0)+5)^2)/(22^2))+18*SIN(2*PI()*(A2)/70))+Inputs!$C$28*EXP(-(((A2)-Inputs!$C$29)^2)/(2*Inputs!$C$31^2))*EXP(-(((0)-Inputs!$C$30)^2)/(2*Inputs!$C$32^2))+-Inputs!$C$33*EXP(-(((((A2)-Inputs!$C$34)^2)+(((0)-Inputs!$C$35)^2))/(2*Inputs!$C$36^2)))+Inputs!$C$37*(0.55*SIN(2*PI()*(A2)/Inputs!$C$39)+0.35*COS(2*PI()*(0)/Inputs!$C$40)+0.2*SIN(2*PI()*((A2)+(0))/(0.5*(Inputs!$C$39+Inputs!$C$40))))+Inputs!$C$38*SIN(2*PI()*(A2)/Inputs!$C$39)*SIN(2*PI()*(0)/Inputs!$C$40)+-Inputs!$C$41*EXP(-(((0)-Inputs!$C$43)^2)/(2*Inputs!$C$44^2))*EXP(-(((A2)-Inputs!$C$42)^2)/(2*Inputs!$C$45^2))+Inputs!$C$48*(0.7*(0.45*SIN(2*PI()*(((A2)/Inputs!$C$49)+Inputs!$C$47*0.137))+0.35*COS(2*PI()*(((0)/Inputs!$C$50)+Inputs!$C$47*0.173))+0.2*SIN(2*PI()*(((A2)+(0))/(0.5*(Inputs!$C$49+Inputs!$C$50))+Inputs!$C$47*0.097)))+0.3*(2*((SIN(((A2)*12.9898+(0)*78.233+Inputs!$C$47*37.719))*43758.5453)-INT((SIN(((A2)*12.9898+(0)*78.233+Inputs!$C$47*37.719))*43758.5453)))-1))) -> 0 | Y2: =IF(OR(Inputs!$C$27=TRUE,Inputs!$C$27="TRUE",Inputs!$C$27=1),1,0)*(Inputs!$C$51*(115*EXP(-(((Inputs!$C$6)-25)^2)/(4.5^2))+70*EXP(-(((Inputs!$C$6)+38)^2)/(7^2))*(0.55+0.45*SIN(2*PI()*(A2)/45))+24*SIN(2*PI()*(Inputs!$C$6)/9+(A2)/18)*EXP(-(((Inputs!$C$6)+5)^2)/(22^2))+18*SIN(2*PI()*(A2)/70))+Inputs!$C$28*EXP(-(((A2)-Inputs!$C$29)^2)/(2*Inputs!$C$31^2))*EXP(-(((Inputs!$C$6)-Inputs!$C$30)^2)/(2*Inputs!$C$32^2))+-Inputs!$C$33*EXP(-(((((A2)-Inputs!$C$34)^2)+(((Inputs!$C$6)-Inputs!$C$35)^2))/(2*Inputs!$C$36^2)))+Inputs!$C$37*(0.55*SIN(2*PI()*(A2)/Inputs!$C$39)+0.35*COS(2*PI()*(Inputs!$C$6)/Inputs!$C$40)+0.2*SIN(2*PI()*((A2)+(Inputs!$C$6))/(0.5*(Inputs!$C$39+Inputs!$C$40))))+Inputs!$C$38*SIN(2*PI()*(A2)/Inputs!$C$39)*SIN(2*PI()*(Inputs!$C$6)/Inputs!$C$40)+-Inputs!$C$41*EXP(-(((Inputs!$C$6)-Inputs!$C$43)^2)/(2*Inputs!$C$44^2))*EXP(-(((A2)-Inputs!$C$42)^2)/(2*Inputs!$C$45^2))+Inputs!$C$48*(0.7*(0.45*SIN(2*PI()*(((A2)/Inputs!$C$49)+Inputs!$C$47*0.137))+0.35*COS(2*PI()*(((Inputs!$C$6)/Inputs!$C$50)+Inputs!$C$47*0.173))+0.2*SIN(2*PI()*(((A2)+(Inputs!$C$6))/(0.5*(Inputs!$C$49+Inputs!$C$50))+Inputs!$C$47*0.097)))+0.3*(2*((SIN(((A2)*12.9898+(Inputs!$C$6)*78.233+Inputs!$C$47*37.719))*43758.5453)-INT((SIN(((A2)*12.9898+(Inputs!$C$6)*78.233+Inputs!$C$47*37.719))*43758.5453)))-1))) -> 0 | Z2: =B2-X2/1000 -> 404 | AA2: =SQRT(A2^2+Inputs!$C$6^2+(B2-Y2/1000)^2) -> 409.19555 | AB2: =(AA2-Z2)*1000 -> 5195.5523 | AC2: =AB2/Inputs!$C$12 -> 2918.8496 | AD2: =2*AB2/Inputs!$C$21*1000000 -> 34.660994 | AE2: =DEGREES(ATAN(H2/(B2-Y2/1000))) -> 9.1400512 | AF2: =DEGREES((2*PI()/Inputs!$C$13)*Inputs!$C$15*SIN(RADIANS(AE2))) -> 57.185372 | AG2: =(Z2/AA2)^4 -> 0.95017116 | AH2: =10*LOG10(AG2) -> -0.22198158 | AI2: =AC2-F2 -> 0 | AJ2: =AD2-G2 -> 0 | AK2: =Y2-X2 -> 0 | AL2: =1000*(AA3-AA2)/(A3-A2)*Inputs!$C$11 -> -1108.585 | AM2: =-2*AL2/Inputs!$C$13 -> 443.43402 | AN2: =-2*AL2/Inputs!$C$14 -> 66.581684 | AO2: =ABS(AM2) -> 443.43402 | AP2: =ABS(AN2) -> 66.581684 | AQ2: =IF(OR(Inputs!$C$27=TRUE,Inputs!$C$27="TRUE",Inputs!$C$27=1),Inputs!$C$46/Inputs!$C$12,0) -> 0 | AR2: =AC2-AQ2 -> 2918.8496 | AS2: =AC2+AQ2 -> 2918.8496
A3: =Inputs!$C$7+1*(Inputs!$C$8-Inputs!$C$7)/240 -> -59.5 | B3: =Inputs!$C$5+Inputs!$C$9*(A3/Inputs!$C$10)^2 -> 403.93361 | C3: =B3 -> 403.93361 | D3: =SQRT(A3^2+Inputs!$C$6^2+B3^2) -> 409.05698 | E3: =(D3-C3)*1000 -> 5123.368 | F3: =E3/Inputs!$C$12 -> 2878.2966 | G3: =2*E3/Inputs!$C$21*1000000 -> 34.179432 | H3: =SQRT(A3^2+Inputs!$C$6^2) -> 64.538748 | I3: =DEGREES(ATAN(H3/B3)) -> 9.077742 | J3: =DEGREES((2*PI()/Inputs!$C$13)*Inputs!$C$15*SIN(RADIANS(I3))) -> 56.798809 | K3: =(C3/D3)^4 -> 0.95083408 | L3: =10*LOG10(K3) -> -0.21895259 | M3: =2*(Inputs!$C$9/(Inputs!$C$10^2))*A3 -> -0.13222222 | N3: =M3*Inputs!$C$11 -> -0.52888889 | O3: =1000*((A3*Inputs!$C$11)+(B3*N3))/D3 -> -1104.0907 | P3: =-2*O3/Inputs!$C$13 -> 441.63627 | Q3: =-2*O3/Inputs!$C$14 -> 66.311753 | R3: =F3-Inputs!$C$16/2 -> 2863.2966 | S3: =F3+Inputs!$C$16/2 -> 2893.2966 | T3: =F3-Inputs!$C$17/2 -> 2728.2966 | U3: =F3+Inputs!$C$17/2 -> 3028.2966 | V3: =ABS(P3) -> 441.63627 | W3: =ABS(Q3) -> 66.311753 | X3: =IF(OR(Inputs!$C$27=TRUE,Inputs!$C$27="TRUE",Inputs!$C$27=1),1,0)*(Inputs!$C$51*(115*EXP(-(((0)-25)^2)/(4.5^2))+70*EXP(-(((0)+38)^2)/(7^2))*(0.55+0.45*SIN(2*PI()*(A3)/45))+24*SIN(2*PI()*(0)/9+(A3)/18)*EXP(-(((0)+5)^2)/(22^2))+18*SIN(2*PI()*(A3)/70))+Inputs!$C$28*EXP(-(((A3)-Inputs!$C$29)^2)/(2*Inputs!$C$31^2))*EXP(-(((0)-Inputs!$C$30)^2)/(2*Inputs!$C$32^2))+-Inputs!$C$33*EXP(-(((((A3)-Inputs!$C$34)^2)+(((0)-Inputs!$C$35)^2))/(2*Inputs!$C$36^2)))+Inputs!$C$37*(0.55*SIN(2*PI()*(A3)/Inputs!$C$39)+0.35*COS(2*PI()*(0)/Inputs!$C$40)+0.2*SIN(2*PI()*((A3)+(0))/(0.5*(Inputs!$C$39+Inputs!$C$40))))+Inputs!$C$38*SIN(2*PI()*(A3)/Inputs!$C$39)*SIN(2*PI()*(0)/Inputs!$C$40)+-Inputs!$C$41*EXP(-(((0)-Inputs!$C$43)^2)/(2*Inputs!$C$44^2))*EXP(-(((A3)-Inputs!$C$42)^2)/(2*Inputs!$C$45^2))+Inputs!$C$48*(0.7*(0.45*SIN(2*PI()*(((A3)/Inputs!$C$49)+Inputs!$C$47*0.137))+0.35*COS(2*PI()*(((0)/Inputs!$C$50)+Inputs!$C$47*0.173))+0.2*SIN(2*PI()*(((A3)+(0))/(0.5*(Inputs!$C$49+Inputs!$C$50))+Inputs!$C$47*0.097)))+0.3*(2*((SIN(((A3)*12.9898+(0)*78.233+Inputs!$C$47*37.719))*43758.5453)-INT((SIN(((A3)*12.9898+(0)*78.233+Inputs!$C$47*37.719))*43758.5453)))-1))) -> 0 | Y3: =IF(OR(Inputs!$C$27=TRUE,Inputs!$C$27="TRUE",Inputs!$C$27=1),1,0)*(Inputs!$C$51*(115*EXP(-(((Inputs!$C$6)-25)^2)/(4.5^2))+70*EXP(-(((Inputs!$C$6)+38)^2)/(7^2))*(0.55+0.45*SIN(2*PI()*(A3)/45))+24*SIN(2*PI()*(Inputs!$C$6)/9+(A3)/18)*EXP(-(((Inputs!$C$6)+5)^2)/(22^2))+18*SIN(2*PI()*(A3)/70))+Inputs!$C$28*EXP(-(((A3)-Inputs!$C$29)^2)/(2*Inputs!$C$31^2))*EXP(-(((Inputs!$C$6)-Inputs!$C$30)^2)/(2*Inputs!$C$32^2))+-Inputs!$C$33*EXP(-(((((A3)-Inputs!$C$34)^2)+(((Inputs!$C$6)-Inputs!$C$35)^2))/(2*Inputs!$C$36^2)))+Inputs!$C$37*(0.55*SIN(2*PI()*(A3)/Inputs!$C$39)+0.35*COS(2*PI()*(Inputs!$C$6)/Inputs!$C$40)+0.2*SIN(2*PI()*((A3)+(Inputs!$C$6))/(0.5*(Inputs!$C$39+Inputs!$C$40))))+Inputs!$C$38*SIN(2*PI()*(A3)/Inputs!$C$39)*SIN(2*PI()*(Inputs!$C$6)/Inputs!$C$40)+-Inputs!$C$41*EXP(-(((Inputs!$C$6)-Inputs!$C$43)^2)/(2*Inputs!$C$44^2))*EXP(-(((A3)-Inputs!$C$42)^2)/(2*Inputs!$C$45^2))+Inputs!$C$48*(0.7*(0.45*SIN(2*PI()*(((A3)/Inputs!$C$49)+Inputs!$C$47*0.137))+0.35*COS(2*PI()*(((Inputs!$C$6)/Inputs!$C$50)+Inputs!$C$47*0.173))+0.2*SIN(2*PI()*(((A3)+(Inputs!$C$6))/(0.5*(Inputs!$C$49+Inputs!$C$50))+Inputs!$C$47*0.097)))+0.3*(2*((SIN(((A3)*12.9898+(Inputs!$C$6)*78.233+Inputs!$C$47*37.719))*43758.5453)-INT((SIN(((A3)*12.9898+(Inputs!$C$6)*78.233+Inputs!$C$47*37.719))*43758.5453)))-1))) -> 0 | Z3: =B3-X3/1000 -> 403.93361 | AA3: =SQRT(A3^2+Inputs!$C$6^2+(B3-Y3/1000)^2) -> 409.05698 | AB3: =(AA3-Z3)*1000 -> 5123.368 | AC3: =AB3/Inputs!$C$12 -> 2878.2966 | AD3: =2*AB3/Inputs!$C$21*1000000 -> 34.179432 | AE3: =DEGREES(ATAN(H3/(B3-Y3/1000))) -> 9.077742 | AF3: =DEGREES((2*PI()/Inputs!$C$13)*Inputs!$C$15*SIN(RADIANS(AE3))) -> 56.798809 | AG3: =(Z3/AA3)^4 -> 0.95083408 | AH3: =10*LOG10(AG3) -> -0.21895259 | AI3: =AC3-F3 -> 0 | AJ3: =AD3-G3 -> 0 | AK3: =Y3-X3 -> 0 | AL3: =1000*(AA4-AA2)/(A4-A2)*Inputs!$C$11 -> -1104.0895 | AM3: =-2*AL3/Inputs!$C$13 -> 441.63581 | AN3: =-2*AL3/Inputs!$C$14 -> 66.311683 | AO3: =ABS(AM3) -> 441.63581 | AP3: =ABS(AN3) -> 66.311683 | AQ3: =IF(OR(Inputs!$C$27=TRUE,Inputs!$C$27="TRUE",Inputs!$C$27=1),Inputs!$C$46/Inputs!$C$12,0) -> 0 | AR3: =AC3-AQ3 -> 2878.2966 | AS3: =AC3+AQ3 -> 2878.2966
A4: =Inputs!$C$7+2*(Inputs!$C$8-Inputs!$C$7)/240 -> -59 | B4: =Inputs!$C$5+Inputs!$C$9*(A4/Inputs!$C$10)^2 -> 403.86778 | C4: =B4 -> 403.86778 | D4: =SQRT(A4^2+Inputs!$C$6^2+B4^2) -> 408.91953 | E4: =(D4-C4)*1000 -> 5051.7521 | F4: =E4/Inputs!$C$12 -> 2838.063 | G4: =2*E4/Inputs!$C$21*1000000 -> 33.701662 | H4: =SQRT(A4^2+Inputs!$C$6^2) -> 64.078077 | I4: =DEGREES(ATAN(H4/B4)) -> 9.0154589 | J4: =DEGREES((2*PI()/Inputs!$C$13)*Inputs!$C$15*SIN(RADIANS(I4))) -> 56.412341 | K4: =(C4/D4)^4 -> 0.95149258 | L4: =10*LOG10(K4) -> -0.21594592 | M4: =2*(Inputs!$C$9/(Inputs!$C$10^2))*A4 -> -0.13111111 | N4: =M4*Inputs!$C$11 -> -0.52444444 | O4: =1000*((A4*Inputs!$C$11)+(B4*N4))/D4 -> -1095.0962 | P4: =-2*O4/Inputs!$C$13 -> 438.03847 | Q4: =-2*O4/Inputs!$C$14 -> 65.771542 | R4: =F4-Inputs!$C$16/2 -> 2823.063 | S4: =F4+Inputs!$C$16/2 -> 2853.063 | T4: =F4-Inputs!$C$17/2 -> 2688.063 | U4: =F4+Inputs!$C$17/2 -> 2988.063 | V4: =ABS(P4) -> 438.03847 | W4: =ABS(Q4) -> 65.771542 | X4: =IF(OR(Inputs!$C$27=TRUE,Inputs!$C$27="TRUE",Inputs!$C$27=1),1,0)*(Inputs!$C$51*(115*EXP(-(((0)-25)^2)/(4.5^2))+70*EXP(-(((0)+38)^2)/(7^2))*(0.55+0.45*SIN(2*PI()*(A4)/45))+24*SIN(2*PI()*(0)/9+(A4)/18)*EXP(-(((0)+5)^2)/(22^2))+18*SIN(2*PI()*(A4)/70))+Inputs!$C$28*EXP(-(((A4)-Inputs!$C$29)^2)/(2*Inputs!$C$31^2))*EXP(-(((0)-Inputs!$C$30)^2)/(2*Inputs!$C$32^2))+-Inputs!$C$33*EXP(-(((((A4)-Inputs!$C$34)^2)+(((0)-Inputs!$C$35)^2))/(2*Inputs!$C$36^2)))+Inputs!$C$37*(0.55*SIN(2*PI()*(A4)/Inputs!$C$39)+0.35*COS(2*PI()*(0)/Inputs!$C$40)+0.2*SIN(2*PI()*((A4)+(0))/(0.5*(Inputs!$C$39+Inputs!$C$40))))+Inputs!$C$38*SIN(2*PI()*(A4)/Inputs!$C$39)*SIN(2*PI()*(0)/Inputs!$C$40)+-Inputs!$C$41*EXP(-(((0)-Inputs!$C$43)^2)/(2*Inputs!$C$44^2))*EXP(-(((A4)-Inputs!$C$42)^2)/(2*Inputs!$C$45^2))+Inputs!$C$48*(0.7*(0.45*SIN(2*PI()*(((A4)/Inputs!$C$49)+Inputs!$C$47*0.137))+0.35*COS(2*PI()*(((0)/Inputs!$C$50)+Inputs!$C$47*0.173))+0.2*SIN(2*PI()*(((A4)+(0))/(0.5*(Inputs!$C$49+Inputs!$C$50))+Inputs!$C$47*0.097)))+0.3*(2*((SIN(((A4)*12.9898+(0)*78.233+Inputs!$C$47*37.719))*43758.5453)-INT((SIN(((A4)*12.9898+(0)*78.233+Inputs!$C$47*37.719))*43758.5453)))-1))) -> 0 | Y4: =IF(OR(Inputs!$C$27=TRUE,Inputs!$C$27="TRUE",Inputs!$C$27=1),1,0)*(Inputs!$C$51*(115*EXP(-(((Inputs!$C$6)-25)^2)/(4.5^2))+70*EXP(-(((Inputs!$C$6)+38)^2)/(7^2))*(0.55+0.45*SIN(2*PI()*(A4)/45))+24*SIN(2*PI()*(Inputs!$C$6)/9+(A4)/18)*EXP(-(((Inputs!$C$6)+5)^2)/(22^2))+18*SIN(2*PI()*(A4)/70))+Inputs!$C$28*EXP(-(((A4)-Inputs!$C$29)^2)/(2*Inputs!$C$31^2))*EXP(-(((Inputs!$C$6)-Inputs!$C$30)^2)/(2*Inputs!$C$32^2))+-Inputs!$C$33*EXP(-(((((A4)-Inputs!$C$34)^2)+(((Inputs!$C$6)-Inputs!$C$35)^2))/(2*Inputs!$C$36^2)))+Inputs!$C$37*(0.55*SIN(2*PI()*(A4)/Inputs!$C$39)+0.35*COS(2*PI()*(Inputs!$C$6)/Inputs!$C$40)+0.2*SIN(2*PI()*((A4)+(Inputs!$C$6))/(0.5*(Inputs!$C$39+Inputs!$C$40))))+Inputs!$C$38*SIN(2*PI()*(A4)/Inputs!$C$39)*SIN(2*PI()*(Inputs!$C$6)/Inputs!$C$40)+-Inputs!$C$41*EXP(-(((Inputs!$C$6)-Inputs!$C$43)^2)/(2*Inputs!$C$44^2))*EXP(-(((A4)-Inputs!$C$42)^2)/(2*Inputs!$C$45^2))+Inputs!$C$48*(0.7*(0.45*SIN(2*PI()*(((A4)/Inputs!$C$49)+Inputs!$C$47*0.137))+0.35*COS(2*PI()*(((Inputs!$C$6)/Inputs!$C$50)+Inputs!$C$47*0.173))+0.2*SIN(2*PI()*(((A4)+(Inputs!$C$6))/(0.5*(Inputs!$C$49+Inputs!$C$50))+Inputs!$C$47*0.097)))+0.3*(2*((SIN(((A4)*12.9898+(Inputs!$C$6)*78.233+Inputs!$C$47*37.719))*43758.5453)-INT((SIN(((A4)*12.9898+(Inputs!$C$6)*78.233+Inputs!$C$47*37.719))*43758.5453)))-1))) -> 0 | Z4: =B4-X4/1000 -> 403.86778 | AA4: =SQRT(A4^2+Inputs!$C$6^2+(B4-Y4/1000)^2) -> 408.91953 | AB4: =(AA4-Z4)*1000 -> 5051.7521 | AC4: =AB4/Inputs!$C$12 -> 2838.063 | AD4: =2*AB4/Inputs!$C$21*1000000 -> 33.701662 | AE4: =DEGREES(ATAN(H4/(B4-Y4/1000))) -> 9.0154589 | AF4: =DEGREES((2*PI()/Inputs!$C$13)*Inputs!$C$15*SIN(RADIANS(AE4))) -> 56.412341 | AG4: =(Z4/AA4)^4 -> 0.95149258 | AH4: =10*LOG10(AG4) -> -0.21594592 | AI4: =AC4-F4 -> 0 | AJ4: =AD4-G4 -> 0 | AK4: =Y4-X4 -> 0 | AL4: =1000*(AA5-AA3)/(A5-A3)*Inputs!$C$11 -> -1095.095 | AM4: =-2*AL4/Inputs!$C$13 -> 438.03801 | AN4: =-2*AL4/Inputs!$C$14 -> 65.771473 | AO4: =ABS(AM4) -> 438.03801 | AP4: =ABS(AN4) -> 65.771473 | AQ4: =IF(OR(Inputs!$C$27=TRUE,Inputs!$C$27="TRUE",Inputs!$C$27=1),Inputs!$C$46/Inputs!$C$12,0) -> 0 | AR4: =AC4-AQ4 -> 2838.063 | AS4: =AC4+AQ4 -> 2838.063
A5: =Inputs!$C$7+3*(Inputs!$C$8-Inputs!$C$7)/240 -> -58.5 | B5: =Inputs!$C$5+Inputs!$C$9*(A5/Inputs!$C$10)^2 -> 403.8025 | C5: =B5 -> 403.8025 | D5: =SQRT(A5^2+Inputs!$C$6^2+B5^2) -> 408.78321 | E5: =(D5-C5)*1000 -> 4980.7054 | F5: =E5/Inputs!$C$12 -> 2798.1491 | G5: =2*E5/Inputs!$C$21*1000000 -> 33.22769 | H5: =SQRT(A5^2+Inputs!$C$6^2) -> 63.618001 | I5: =DEGREES(ATAN(H5/B5)) -> 8.9532041 | J5: =DEGREES((2*PI()/Inputs!$C$13)*Inputs!$C$15*SIN(RADIANS(I5))) -> 56.025981 | K5: =(C5/D5)^4 -> 0.95214663 | L5: =10*LOG10(K5) -> -0.21296165 | M5: =2*(Inputs!$C$9/(Inputs!$C$10^2))*A5 -> -0.13 | N5: =M5*Inputs!$C$11 -> -0.52 | O5: =1000*((A5*Inputs!$C$11)+(B5*N5))/D5 -> -1086.0948 | P5: =-2*O5/Inputs!$C$13 -> 434.43791 | Q5: =-2*O5/Inputs!$C$14 -> 65.230917 | R5: =F5-Inputs!$C$16/2 -> 2783.1491 | S5: =F5+Inputs!$C$16/2 -> 2813.1491 | T5: =F5-Inputs!$C$17/2 -> 2648.1491 | U5: =F5+Inputs!$C$17/2 -> 2948.1491 | V5: =ABS(P5) -> 434.43791 | W5: =ABS(Q5) -> 65.230917 | X5: =IF(OR(Inputs!$C$27=TRUE,Inputs!$C$27="TRUE",Inputs!$C$27=1),1,0)*(Inputs!$C$51*(115*EXP(-(((0)-25)^2)/(4.5^2))+70*EXP(-(((0)+38)^2)/(7^2))*(0.55+0.45*SIN(2*PI()*(A5)/45))+24*SIN(2*PI()*(0)/9+(A5)/18)*EXP(-(((0)+5)^2)/(22^2))+18*SIN(2*PI()*(A5)/70))+Inputs!$C$28*EXP(-(((A5)-Inputs!$C$29)^2)/(2*Inputs!$C$31^2))*EXP(-(((0)-Inputs!$C$30)^2)/(2*Inputs!$C$32^2))+-Inputs!$C$33*EXP(-(((((A5)-Inputs!$C$34)^2)+(((0)-Inputs!$C$35)^2))/(2*Inputs!$C$36^2)))+Inputs!$C$37*(0.55*SIN(2*PI()*(A5)/Inputs!$C$39)+0.35*COS(2*PI()*(0)/Inputs!$C$40)+0.2*SIN(2*PI()*((A5)+(0))/(0.5*(Inputs!$C$39+Inputs!$C$40))))+Inputs!$C$38*SIN(2*PI()*(A5)/Inputs!$C$39)*SIN(2*PI()*(0)/Inputs!$C$40)+-Inputs!$C$41*EXP(-(((0)-Inputs!$C$43)^2)/(2*Inputs!$C$44^2))*EXP(-(((A5)-Inputs!$C$42)^2)/(2*Inputs!$C$45^2))+Inputs!$C$48*(0.7*(0.45*SIN(2*PI()*(((A5)/Inputs!$C$49)+Inputs!$C$47*0.137))+0.35*COS(2*PI()*(((0)/Inputs!$C$50)+Inputs!$C$47*0.173))+0.2*SIN(2*PI()*(((A5)+(0))/(0.5*(Inputs!$C$49+Inputs!$C$50))+Inputs!$C$47*0.097)))+0.3*(2*((SIN(((A5)*12.9898+(0)*78.233+Inputs!$C$47*37.719))*43758.5453)-INT((SIN(((A5)*12.9898+(0)*78.233+Inputs!$C$47*37.719))*43758.5453)))-1))) -> 0 | Y5: =IF(OR(Inputs!$C$27=TRUE,Inputs!$C$27="TRUE",Inputs!$C$27=1),1,0)*(Inputs!$C$51*(115*EXP(-(((Inputs!$C$6)-25)^2)/(4.5^2))+70*EXP(-(((Inputs!$C$6)+38)^2)/(7^2))*(0.55+0.45*SIN(2*PI()*(A5)/45))+24*SIN(2*PI()*(Inputs!$C$6)/9+(A5)/18)*EXP(-(((Inputs!$C$6)+5)^2)/(22^2))+18*SIN(2*PI()*(A5)/70))+Inputs!$C$28*EXP(-(((A5)-Inputs!$C$29)^2)/(2*Inputs!$C$31^2))*EXP(-(((Inputs!$C$6)-Inputs!$C$30)^2)/(2*Inputs!$C$32^2))+-Inputs!$C$33*EXP(-(((((A5)-Inputs!$C$34)^2)+(((Inputs!$C$6)-Inputs!$C$35)^2))/(2*Inputs!$C$36^2)))+Inputs!$C$37*(0.55*SIN(2*PI()*(A5)/Inputs!$C$39)+0.35*COS(2*PI()*(Inputs!$C$6)/Inputs!$C$40)+0.2*SIN(2*PI()*((A5)+(Inputs!$C$6))/(0.5*(Inputs!$C$39+Inputs!$C$40))))+Inputs!$C$38*SIN(2*PI()*(A5)/Inputs!$C$39)*SIN(2*PI()*(Inputs!$C$6)/Inputs!$C$40)+-Inputs!$C$41*EXP(-(((Inputs!$C$6)-Inputs!$C$43)^2)/(2*Inputs!$C$44^2))*EXP(-(((A5)-Inputs!$C$42)^2)/(2*Inputs!$C$45^2))+Inputs!$C$48*(0.7*(0.45*SIN(2*PI()*(((A5)/Inputs!$C$49)+Inputs!$C$47*0.137))+0.35*COS(2*PI()*(((Inputs!$C$6)/Inputs!$C$50)+Inputs!$C$47*0.173))+0.2*SIN(2*PI()*(((A5)+(Inputs!$C$6))/(0.5*(Inputs!$C$49+Inputs!$C$50))+Inputs!$C$47*0.097)))+0.3*(2*((SIN(((A5)*12.9898+(Inputs!$C$6)*78.233+Inputs!$C$47*37.719))*43758.5453)-INT((SIN(((A5)*12.9898+(Inputs!$C$6)*78.233+Inputs!$C$47*37.719))*43758.5453)))-1))) -> 0 | Z5: =B5-X5/1000 -> 403.8025 | AA5: =SQRT(A5^2+Inputs!$C$6^2+(B5-Y5/1000)^2) -> 408.78321 | AB5: =(AA5-Z5)*1000 -> 4980.7054 | AC5: =AB5/Inputs!$C$12 -> 2798.1491 | AD5: =2*AB5/Inputs!$C$21*1000000 -> 33.22769 | AE5: =DEGREES(ATAN(H5/(B5-Y5/1000))) -> 8.9532041 | AF5: =DEGREES((2*PI()/Inputs!$C$13)*Inputs!$C$15*SIN(RADIANS(AE5))) -> 56.025981 | AG5: =(Z5/AA5)^4 -> 0.95214663 | AH5: =10*LOG10(AG5) -> -0.21296165 | AI5: =AC5-F5 -> 0 | AJ5: =AD5-G5 -> 0 | AK5: =Y5-X5 -> 0 | AL5: =1000*(AA6-AA4)/(A6-A4)*Inputs!$C$11 -> -1086.0936 | AM5: =-2*AL5/Inputs!$C$13 -> 434.43745 | AN5: =-2*AL5/Inputs!$C$14 -> 65.230848 | AO5: =ABS(AM5) -> 434.43745 | AP5: =ABS(AN5) -> 65.230848 | AQ5: =IF(OR(Inputs!$C$27=TRUE,Inputs!$C$27="TRUE",Inputs!$C$27=1),Inputs!$C$46/Inputs!$C$12,0) -> 0 | AR5: =AC5-AQ5 -> 2798.1491 | AS5: =AC5+AQ5 -> 2798.1491
A6: =Inputs!$C$7+4*(Inputs!$C$8-Inputs!$C$7)/240 -> -58 | B6: =Inputs!$C$5+Inputs!$C$9*(A6/Inputs!$C$10)^2 -> 403.73778 | C6: =B6 -> 403.73778 | D6: =SQRT(A6^2+Inputs!$C$6^2+B6^2) -> 408.64801 | E6: =(D6-C6)*1000 -> 4910.2287 | F6: =E6/Inputs!$C$12 -> 2758.5555 | G6: =2*E6/Inputs!$C$21*1000000 -> 32.75752 | H6: =SQRT(A6^2+Inputs!$C$6^2) -> 63.158531 | I6: =DEGREES(ATAN(H6/B6)) -> 8.8909798 | J6: =DEGREES((2*PI()/Inputs!$C$13)*Inputs!$C$15*SIN(RADIANS(I6))) -> 55.639745 | K6: =(C6/D6)^4 -> 0.9527962 | L6: =10*LOG10(K6) -> -0.20999985 | M6: =2*(Inputs!$C$9/(Inputs!$C$10^2))*A6 -> -0.12888889 | N6: =M6*Inputs!$C$11 -> -0.51555556 | O6: =1000*((A6*Inputs!$C$11)+(B6*N6))/D6 -> -1077.0865 | P6: =-2*O6/Inputs!$C$13 -> 430.8346 | Q6: =-2*O6/Inputs!$C$14 -> 64.68988 | R6: =F6-Inputs!$C$16/2 -> 2743.5555 | S6: =F6+Inputs!$C$16/2 -> 2773.5555 | T6: =F6-Inputs!$C$17/2 -> 2608.5555 | U6: =F6+Inputs!$C$17/2 -> 2908.5555 | V6: =ABS(P6) -> 430.8346 | W6: =ABS(Q6) -> 64.68988 | X6: =IF(OR(Inputs!$C$27=TRUE,Inputs!$C$27="TRUE",Inputs!$C$27=1),1,0)*(Inputs!$C$51*(115*EXP(-(((0)-25)^2)/(4.5^2))+70*EXP(-(((0)+38)^2)/(7^2))*(0.55+0.45*SIN(2*PI()*(A6)/45))+24*SIN(2*PI()*(0)/9+(A6)/18)*EXP(-(((0)+5)^2)/(22^2))+18*SIN(2*PI()*(A6)/70))+Inputs!$C$28*EXP(-(((A6)-Inputs!$C$29)^2)/(2*Inputs!$C$31^2))*EXP(-(((0)-Inputs!$C$30)^2)/(2*Inputs!$C$32^2))+-Inputs!$C$33*EXP(-(((((A6)-Inputs!$C$34)^2)+(((0)-Inputs!$C$35)^2))/(2*Inputs!$C$36^2)))+Inputs!$C$37*(0.55*SIN(2*PI()*(A6)/Inputs!$C$39)+0.35*COS(2*PI()*(0)/Inputs!$C$40)+0.2*SIN(2*PI()*((A6)+(0))/(0.5*(Inputs!$C$39+Inputs!$C$40))))+Inputs!$C$38*SIN(2*PI()*(A6)/Inputs!$C$39)*SIN(2*PI()*(0)/Inputs!$C$40)+-Inputs!$C$41*EXP(-(((0)-Inputs!$C$43)^2)/(2*Inputs!$C$44^2))*EXP(-(((A6)-Inputs!$C$42)^2)/(2*Inputs!$C$45^2))+Inputs!$C$48*(0.7*(0.45*SIN(2*PI()*(((A6)/Inputs!$C$49)+Inputs!$C$47*0.137))+0.35*COS(2*PI()*(((0)/Inputs!$C$50)+Inputs!$C$47*0.173))+0.2*SIN(2*PI()*(((A6)+(0))/(0.5*(Inputs!$C$49+Inputs!$C$50))+Inputs!$C$47*0.097)))+0.3*(2*((SIN(((A6)*12.9898+(0)*78.233+Inputs!$C$47*37.719))*43758.5453)-INT((SIN(((A6)*12.9898+(0)*78.233+Inputs!$C$47*37.719))*43758.5453)))-1))) -> 0 | Y6: =IF(OR(Inputs!$C$27=TRUE,Inputs!$C$27="TRUE",Inputs!$C$27=1),1,0)*(Inputs!$C$51*(115*EXP(-(((Inputs!$C$6)-25)^2)/(4.5^2))+70*EXP(-(((Inputs!$C$6)+38)^2)/(7^2))*(0.55+0.45*SIN(2*PI()*(A6)/45))+24*SIN(2*PI()*(Inputs!$C$6)/9+(A6)/18)*EXP(-(((Inputs!$C$6)+5)^2)/(22^2))+18*SIN(2*PI()*(A6)/70))+Inputs!$C$28*EXP(-(((A6)-Inputs!$C$29)^2)/(2*Inputs!$C$31^2))*EXP(-(((Inputs!$C$6)-Inputs!$C$30)^2)/(2*Inputs!$C$32^2))+-Inputs!$C$33*EXP(-(((((A6)-Inputs!$C$34)^2)+(((Inputs!$C$6)-Inputs!$C$35)^2))/(2*Inputs!$C$36^2)))+Inputs!$C$37*(0.55*SIN(2*PI()*(A6)/Inputs!$C$39)+0.35*COS(2*PI()*(Inputs!$C$6)/Inputs!$C$40)+0.2*SIN(2*PI()*((A6)+(Inputs!$C$6))/(0.5*(Inputs!$C$39+Inputs!$C$40))))+Inputs!$C$38*SIN(2*PI()*(A6)/Inputs!$C$39)*SIN(2*PI()*(Inputs!$C$6)/Inputs!$C$40)+-Inputs!$C$41*EXP(-(((Inputs!$C$6)-Inputs!$C$43)^2)/(2*Inputs!$C$44^2))*EXP(-(((A6)-Inputs!$C$42)^2)/(2*Inputs!$C$45^2))+Inputs!$C$48*(0.7*(0.45*SIN(2*PI()*(((A6)/Inputs!$C$49)+Inputs!$C$47*0.137))+0.35*COS(2*PI()*(((Inputs!$C$6)/Inputs!$C$50)+Inputs!$C$47*0.173))+0.2*SIN(2*PI()*(((A6)+(Inputs!$C$6))/(0.5*(Inputs!$C$49+Inputs!$C$50))+Inputs!$C$47*0.097)))+0.3*(2*((SIN(((A6)*12.9898+(Inputs!$C$6)*78.233+Inputs!$C$47*37.719))*43758.5453)-INT((SIN(((A6)*12.9898+(Inputs!$C$6)*78.233+Inputs!$C$47*37.719))*43758.5453)))-1))) -> 0 | Z6: =B6-X6/1000 -> 403.73778 | AA6: =SQRT(A6^2+Inputs!$C$6^2+(B6-Y6/1000)^2) -> 408.64801 | AB6: =(AA6-Z6)*1000 -> 4910.2287 | AC6: =AB6/Inputs!$C$12 -> 2758.5555 | AD6: =2*AB6/Inputs!$C$21*1000000 -> 32.75752 | AE6: =DEGREES(ATAN(H6/(B6-Y6/1000))) -> 8.8909798 | AF6: =DEGREES((2*PI()/Inputs!$C$13)*Inputs!$C$15*SIN(RADIANS(AE6))) -> 55.639745 | AG6: =(Z6/AA6)^4 -> 0.9527962 | AH6: =10*LOG10(AG6) -> -0.20999985 | AI6: =AC6-F6 -> 0 | AJ6: =AD6-G6 -> 0 | AK6: =Y6-X6 -> 0 | AL6: =1000*(AA7-AA5)/(A7-A5)*Inputs!$C$11 -> -1077.0854 | AM6: =-2*AL6/Inputs!$C$13 -> 430.83415 | AN6: =-2*AL6/Inputs!$C$14 -> 64.689812 | AO6: =ABS(AM6) -> 430.83415 | AP6: =ABS(AN6) -> 64.689812 | AQ6: =IF(OR(Inputs!$C$27=TRUE,Inputs!$C$27="TRUE",Inputs!$C$27=1),Inputs!$C$46/Inputs!$C$12,0) -> 0 | AR6: =AC6-AQ6 -> 2758.5555 | AS6: =AC6+AQ6 -> 2758.5555
A7: =Inputs!$C$7+5*(Inputs!$C$8-Inputs!$C$7)/240 -> -57.5 | B7: =Inputs!$C$5+Inputs!$C$9*(A7/Inputs!$C$10)^2 -> 403.67361 | C7: =B7 -> 403.67361 | D7: =SQRT(A7^2+Inputs!$C$6^2+B7^2) -> 408.51393 | E7: =(D7-C7)*1000 -> 4840.3229 | F7: =E7/Inputs!$C$12 -> 2719.2825 | G7: =2*E7/Inputs!$C$21*1000000 -> 32.291159 | H7: =SQRT(A7^2+Inputs!$C$6^2) -> 62.699681 | I7: =DEGREES(ATAN(H7/B7)) -> 8.8287885 | J7: =DEGREES((2*PI()/Inputs!$C$13)*Inputs!$C$15*SIN(RADIANS(I7))) -> 55.253648 | K7: =(C7/D7)^4 -> 0.95344126 | L7: =10*LOG10(K7) -> -0.20706059 | M7: =2*(Inputs!$C$9/(Inputs!$C$10^2))*A7 -> -0.12777778 | N7: =M7*Inputs!$C$11 -> -0.51111111 | O7: =1000*((A7*Inputs!$C$11)+(B7*N7))/D7 -> -1068.0714 | P7: =-2*O7/Inputs!$C$13 -> 427.22858 | Q7: =-2*O7/Inputs!$C$14 -> 64.148435 | R7: =F7-Inputs!$C$16/2 -> 2704.2825 | S7: =F7+Inputs!$C$16/2 -> 2734.2825 | T7: =F7-Inputs!$C$17/2 -> 2569.2825 | U7: =F7+Inputs!$C$17/2 -> 2869.2825 | V7: =ABS(P7) -> 427.22858 | W7: =ABS(Q7) -> 64.148435 | X7: =IF(OR(Inputs!$C$27=TRUE,Inputs!$C$27="TRUE",Inputs!$C$27=1),1,0)*(Inputs!$C$51*(115*EXP(-(((0)-25)^2)/(4.5^2))+70*EXP(-(((0)+38)^2)/(7^2))*(0.55+0.45*SIN(2*PI()*(A7)/45))+24*SIN(2*PI()*(0)/9+(A7)/18)*EXP(-(((0)+5)^2)/(22^2))+18*SIN(2*PI()*(A7)/70))+Inputs!$C$28*EXP(-(((A7)-Inputs!$C$29)^2)/(2*Inputs!$C$31^2))*EXP(-(((0)-Inputs!$C$30)^2)/(2*Inputs!$C$32^2))+-Inputs!$C$33*EXP(-(((((A7)-Inputs!$C$34)^2)+(((0)-Inputs!$C$35)^2))/(2*Inputs!$C$36^2)))+Inputs!$C$37*(0.55*SIN(2*PI()*(A7)/Inputs!$C$39)+0.35*COS(2*PI()*(0)/Inputs!$C$40)+0.2*SIN(2*PI()*((A7)+(0))/(0.5*(Inputs!$C$39+Inputs!$C$40))))+Inputs!$C$38*SIN(2*PI()*(A7)/Inputs!$C$39)*SIN(2*PI()*(0)/Inputs!$C$40)+-Inputs!$C$41*EXP(-(((0)-Inputs!$C$43)^2)/(2*Inputs!$C$44^2))*EXP(-(((A7)-Inputs!$C$42)^2)/(2*Inputs!$C$45^2))+Inputs!$C$48*(0.7*(0.45*SIN(2*PI()*(((A7)/Inputs!$C$49)+Inputs!$C$47*0.137))+0.35*COS(2*PI()*(((0)/Inputs!$C$50)+Inputs!$C$47*0.173))+0.2*SIN(2*PI()*(((A7)+(0))/(0.5*(Inputs!$C$49+Inputs!$C$50))+Inputs!$C$47*0.097)))+0.3*(2*((SIN(((A7)*12.9898+(0)*78.233+Inputs!$C$47*37.719))*43758.5453)-INT((SIN(((A7)*12.9898+(0)*78.233+Inputs!$C$47*37.719))*43758.5453)))-1))) -> 0 | Y7: =IF(OR(Inputs!$C$27=TRUE,Inputs!$C$27="TRUE",Inputs!$C$27=1),1,0)*(Inputs!$C$51*(115*EXP(-(((Inputs!$C$6)-25)^2)/(4.5^2))+70*EXP(-(((Inputs!$C$6)+38)^2)/(7^2))*(0.55+0.45*SIN(2*PI()*(A7)/45))+24*SIN(2*PI()*(Inputs!$C$6)/9+(A7)/18)*EXP(-(((Inputs!$C$6)+5)^2)/(22^2))+18*SIN(2*PI()*(A7)/70))+Inputs!$C$28*EXP(-(((A7)-Inputs!$C$29)^2)/(2*Inputs!$C$31^2))*EXP(-(((Inputs!$C$6)-Inputs!$C$30)^2)/(2*Inputs!$C$32^2))+-Inputs!$C$33*EXP(-(((((A7)-Inputs!$C$34)^2)+(((Inputs!$C$6)-Inputs!$C$35)^2))/(2*Inputs!$C$36^2)))+Inputs!$C$37*(0.55*SIN(2*PI()*(A7)/Inputs!$C$39)+0.35*COS(2*PI()*(Inputs!$C$6)/Inputs!$C$40)+0.2*SIN(2*PI()*((A7)+(Inputs!$C$6))/(0.5*(Inputs!$C$39+Inputs!$C$40))))+Inputs!$C$38*SIN(2*PI()*(A7)/Inputs!$C$39)*SIN(2*PI()*(Inputs!$C$6)/Inputs!$C$40)+-Inputs!$C$41*EXP(-(((Inputs!$C$6)-Inputs!$C$43)^2)/(2*Inputs!$C$44^2))*EXP(-(((A7)-Inputs!$C$42)^2)/(2*Inputs!$C$45^2))+Inputs!$C$48*(0.7*(0.45*SIN(2*PI()*(((A7)/Inputs!$C$49)+Inputs!$C$47*0.137))+0.35*COS(2*PI()*(((Inputs!$C$6)/Inputs!$C$50)+Inputs!$C$47*0.173))+0.2*SIN(2*PI()*(((A7)+(Inputs!$C$6))/(0.5*(Inputs!$C$49+Inputs!$C$50))+Inputs!$C$47*0.097)))+0.3*(2*((SIN(((A7)*12.9898+(Inputs!$C$6)*78.233+Inputs!$C$47*37.719))*43758.5453)-INT((SIN(((A7)*12.9898+(Inputs!$C$6)*78.233+Inputs!$C$47*37.719))*43758.5453)))-1))) -> 0 | Z7: =B7-X7/1000 -> 403.67361 | AA7: =SQRT(A7^2+Inputs!$C$6^2+(B7-Y7/1000)^2) -> 408.51393 | AB7: =(AA7-Z7)*1000 -> 4840.3229 | AC7: =AB7/Inputs!$C$12 -> 2719.2825 | AD7: =2*AB7/Inputs!$C$21*1000000 -> 32.291159 | AE7: =DEGREES(ATAN(H7/(B7-Y7/1000))) -> 8.8287885 | AF7: =DEGREES((2*PI()/Inputs!$C$13)*Inputs!$C$15*SIN(RADIANS(AE7))) -> 55.253648 | AG7: =(Z7/AA7)^4 -> 0.95344126 | AH7: =10*LOG10(AG7) -> -0.20706059 | AI7: =AC7-F7 -> 0 | AJ7: =AD7-G7 -> 0 | AK7: =Y7-X7 -> 0 | AL7: =1000*(AA8-AA6)/(A8-A6)*Inputs!$C$11 -> -1068.0703 | AM7: =-2*AL7/Inputs!$C$13 -> 427.22813 | AN7: =-2*AL7/Inputs!$C$14 -> 64.148368 | AO7: =ABS(AM7) -> 427.22813 | AP7: =ABS(AN7) -> 64.148368 | AQ7: =IF(OR(Inputs!$C$27=TRUE,Inputs!$C$27="TRUE",Inputs!$C$27=1),Inputs!$C$46/Inputs!$C$12,0) -> 0 | AR7: =AC7-AQ7 -> 2719.2825 | AS7: =AC7+AQ7 -> 2719.2825
A8: =Inputs!$C$7+6*(Inputs!$C$8-Inputs!$C$7)/240 -> -57 | B8: =Inputs!$C$5+Inputs!$C$9*(A8/Inputs!$C$10)^2 -> 403.61 | C8: =B8 -> 403.61 | D8: =SQRT(A8^2+Inputs!$C$6^2+B8^2) -> 408.38099 | E8: =(D8-C8)*1000 -> 4770.9889 | F8: =E8/Inputs!$C$12 -> 2680.3308 | G8: =2*E8/Inputs!$C$21*1000000 -> 31.828612 | H8: =SQRT(A8^2+Inputs!$C$6^2) -> 62.241465 | I8: =DEGREES(ATAN(H8/B8)) -> 8.7666324 | J8: =DEGREES((2*PI()/Inputs!$C$13)*Inputs!$C$15*SIN(RADIANS(I8))) -> 54.867705 | K8: =(C8/D8)^4 -> 0.95408179 | L8: =10*LOG10(K8) -> -0.20414394 | M8: =2*(Inputs!$C$9/(Inputs!$C$10^2))*A8 -> -0.12666667 | N8: =M8*Inputs!$C$11 -> -0.50666667 | O8: =1000*((A8*Inputs!$C$11)+(B8*N8))/D8 -> -1059.0496 | P8: =-2*O8/Inputs!$C$13 -> 423.61985 | Q8: =-2*O8/Inputs!$C$14 -> 63.606584 | R8: =F8-Inputs!$C$16/2 -> 2665.3308 | S8: =F8+Inputs!$C$16/2 -> 2695.3308 | T8: =F8-Inputs!$C$17/2 -> 2530.3308 | U8: =F8+Inputs!$C$17/2 -> 2830.3308 | V8: =ABS(P8) -> 423.61985 | W8: =ABS(Q8) -> 63.606584 | X8: =IF(OR(Inputs!$C$27=TRUE,Inputs!$C$27="TRUE",Inputs!$C$27=1),1,0)*(Inputs!$C$51*(115*EXP(-(((0)-25)^2)/(4.5^2))+70*EXP(-(((0)+38)^2)/(7^2))*(0.55+0.45*SIN(2*PI()*(A8)/45))+24*SIN(2*PI()*(0)/9+(A8)/18)*EXP(-(((0)+5)^2)/(22^2))+18*SIN(2*PI()*(A8)/70))+Inputs!$C$28*EXP(-(((A8)-Inputs!$C$29)^2)/(2*Inputs!$C$31^2))*EXP(-(((0)-Inputs!$C$30)^2)/(2*Inputs!$C$32^2))+-Inputs!$C$33*EXP(-(((((A8)-Inputs!$C$34)^2)+(((0)-Inputs!$C$35)^2))/(2*Inputs!$C$36^2)))+Inputs!$C$37*(0.55*SIN(2*PI()*(A8)/Inputs!$C$39)+0.35*COS(2*PI()*(0)/Inputs!$C$40)+0.2*SIN(2*PI()*((A8)+(0))/(0.5*(Inputs!$C$39+Inputs!$C$40))))+Inputs!$C$38*SIN(2*PI()*(A8)/Inputs!$C$39)*SIN(2*PI()*(0)/Inputs!$C$40)+-Inputs!$C$41*EXP(-(((0)-Inputs!$C$43)^2)/(2*Inputs!$C$44^2))*EXP(-(((A8)-Inputs!$C$42)^2)/(2*Inputs!$C$45^2))+Inputs!$C$48*(0.7*(0.45*SIN(2*PI()*(((A8)/Inputs!$C$49)+Inputs!$C$47*0.137))+0.35*COS(2*PI()*(((0)/Inputs!$C$50)+Inputs!$C$47*0.173))+0.2*SIN(2*PI()*(((A8)+(0))/(0.5*(Inputs!$C$49+Inputs!$C$50))+Inputs!$C$47*0.097)))+0.3*(2*((SIN(((A8)*12.9898+(0)*78.233+Inputs!$C$47*37.719))*43758.5453)-INT((SIN(((A8)*12.9898+(0)*78.233+Inputs!$C$47*37.719))*43758.5453)))-1))) -> 0 | Y8: =IF(OR(Inputs!$C$27=TRUE,Inputs!$C$27="TRUE",Inputs!$C$27=1),1,0)*(Inputs!$C$51*(115*EXP(-(((Inputs!$C$6)-25)^2)/(4.5^2))+70*EXP(-(((Inputs!$C$6)+38)^2)/(7^2))*(0.55+0.45*SIN(2*PI()*(A8)/45))+24*SIN(2*PI()*(Inputs!$C$6)/9+(A8)/18)*EXP(-(((Inputs!$C$6)+5)^2)/(22^2))+18*SIN(2*PI()*(A8)/70))+Inputs!$C$28*EXP(-(((A8)-Inputs!$C$29)^2)/(2*Inputs!$C$31^2))*EXP(-(((Inputs!$C$6)-Inputs!$C$30)^2)/(2*Inputs!$C$32^2))+-Inputs!$C$33*EXP(-(((((A8)-Inputs!$C$34)^2)+(((Inputs!$C$6)-Inputs!$C$35)^2))/(2*Inputs!$C$36^2)))+Inputs!$C$37*(0.55*SIN(2*PI()*(A8)/Inputs!$C$39)+0.35*COS(2*PI()*(Inputs!$C$6)/Inputs!$C$40)+0.2*SIN(2*PI()*((A8)+(Inputs!$C$6))/(0.5*(Inputs!$C$39+Inputs!$C$40))))+Inputs!$C$38*SIN(2*PI()*(A8)/Inputs!$C$39)*SIN(2*PI()*(Inputs!$C$6)/Inputs!$C$40)+-Inputs!$C$41*EXP(-(((Inputs!$C$6)-Inputs!$C$43)^2)/(2*Inputs!$C$44^2))*EXP(-(((A8)-Inputs!$C$42)^2)/(2*Inputs!$C$45^2))+Inputs!$C$48*(0.7*(0.45*SIN(2*PI()*(((A8)/Inputs!$C$49)+Inputs!$C$47*0.137))+0.35*COS(2*PI()*(((Inputs!$C$6)/Inputs!$C$50)+Inputs!$C$47*0.173))+0.2*SIN(2*PI()*(((A8)+(Inputs!$C$6))/(0.5*(Inputs!$C$49+Inputs!$C$50))+Inputs!$C$47*0.097)))+0.3*(2*((SIN(((A8)*12.9898+(Inputs!$C$6)*78.233+Inputs!$C$47*37.719))*43758.5453)-INT((SIN(((A8)*12.9898+(Inputs!$C$6)*78.233+Inputs!$C$47*37.719))*43758.5453)))-1))) -> 0 | Z8: =B8-X8/1000 -> 403.61 | AA8: =SQRT(A8^2+Inputs!$C$6^2+(B8-Y8/1000)^2) -> 408.38099 | AB8: =(AA8-Z8)*1000 -> 4770.9889 | AC8: =AB8/Inputs!$C$12 -> 2680.3308 | AD8: =2*AB8/Inputs!$C$21*1000000 -> 31.828612 | AE8: =DEGREES(ATAN(H8/(B8-Y8/1000))) -> 8.7666324 | AF8: =DEGREES((2*PI()/Inputs!$C$13)*Inputs!$C$15*SIN(RADIANS(AE8))) -> 54.867705 | AG8: =(Z8/AA8)^4 -> 0.95408179 | AH8: =10*LOG10(AG8) -> -0.20414394 | AI8: =AC8-F8 -> 0 | AJ8: =AD8-G8 -> 0 | AK8: =Y8-X8 -> 0 | AL8: =1000*(AA9-AA7)/(A9-A7)*Inputs!$C$11 -> -1059.0485 | AM8: =-2*AL8/Inputs!$C$13 -> 423.6194 | AN8: =-2*AL8/Inputs!$C$14 -> 63.606517 | AO8: =ABS(AM8) -> 423.6194 | AP8: =ABS(AN8) -> 63.606517 | AQ8: =IF(OR(Inputs!$C$27=TRUE,Inputs!$C$27="TRUE",Inputs!$C$27=1),Inputs!$C$46/Inputs!$C$12,0) -> 0 | AR8: =AC8-AQ8 -> 2680.3308 | AS8: =AC8+AQ8 -> 2680.3308
A9: =Inputs!$C$7+7*(Inputs!$C$8-Inputs!$C$7)/240 -> -56.5 | B9: =Inputs!$C$5+Inputs!$C$9*(A9/Inputs!$C$10)^2 -> 403.54694 | C9: =B9 -> 403.54694 | D9: =SQRT(A9^2+Inputs!$C$6^2+B9^2) -> 408.24917 | E9: =(D9-C9)*1000 -> 4702.2275 | F9: =E9/Inputs!$C$12 -> 2641.7008 | G9: =2*E9/Inputs!$C$21*1000000 -> 31.369885 | H9: =SQRT(A9^2+Inputs!$C$6^2) -> 61.783898 | I9: =DEGREES(ATAN(H9/B9)) -> 8.704514 | J9: =DEGREES((2*PI()/Inputs!$C$13)*Inputs!$C$15*SIN(RADIANS(I9))) -> 54.481931 | K9: =(C9/D9)^4 -> 0.95471776 | L9: =10*LOG10(K9) -> -0.20124997 | M9: =2*(Inputs!$C$9/(Inputs!$C$10^2))*A9 -> -0.12555556 | N9: =M9*Inputs!$C$11 -> -0.50222222 | O9: =1000*((A9*Inputs!$C$11)+(B9*N9))/D9 -> -1050.0211 | P9: =-2*O9/Inputs!$C$13 -> 420.00844 | Q9: =-2*O9/Inputs!$C$14 -> 63.06433 | R9: =F9-Inputs!$C$16/2 -> 2626.7008 | S9: =F9+Inputs!$C$16/2 -> 2656.7008 | T9: =F9-Inputs!$C$17/2 -> 2491.7008 | U9: =F9+Inputs!$C$17/2 -> 2791.7008 | V9: =ABS(P9) -> 420.00844 | W9: =ABS(Q9) -> 63.06433 | X9: =IF(OR(Inputs!$C$27=TRUE,Inputs!$C$27="TRUE",Inputs!$C$27=1),1,0)*(Inputs!$C$51*(115*EXP(-(((0)-25)^2)/(4.5^2))+70*EXP(-(((0)+38)^2)/(7^2))*(0.55+0.45*SIN(2*PI()*(A9)/45))+24*SIN(2*PI()*(0)/9+(A9)/18)*EXP(-(((0)+5)^2)/(22^2))+18*SIN(2*PI()*(A9)/70))+Inputs!$C$28*EXP(-(((A9)-Inputs!$C$29)^2)/(2*Inputs!$C$31^2))*EXP(-(((0)-Inputs!$C$30)^2)/(2*Inputs!$C$32^2))+-Inputs!$C$33*EXP(-(((((A9)-Inputs!$C$34)^2)+(((0)-Inputs!$C$35)^2))/(2*Inputs!$C$36^2)))+Inputs!$C$37*(0.55*SIN(2*PI()*(A9)/Inputs!$C$39)+0.35*COS(2*PI()*(0)/Inputs!$C$40)+0.2*SIN(2*PI()*((A9)+(0))/(0.5*(Inputs!$C$39+Inputs!$C$40))))+Inputs!$C$38*SIN(2*PI()*(A9)/Inputs!$C$39)*SIN(2*PI()*(0)/Inputs!$C$40)+-Inputs!$C$41*EXP(-(((0)-Inputs!$C$43)^2)/(2*Inputs!$C$44^2))*EXP(-(((A9)-Inputs!$C$42)^2)/(2*Inputs!$C$45^2))+Inputs!$C$48*(0.7*(0.45*SIN(2*PI()*(((A9)/Inputs!$C$49)+Inputs!$C$47*0.137))+0.35*COS(2*PI()*(((0)/Inputs!$C$50)+Inputs!$C$47*0.173))+0.2*SIN(2*PI()*(((A9)+(0))/(0.5*(Inputs!$C$49+Inputs!$C$50))+Inputs!$C$47*0.097)))+0.3*(2*((SIN(((A9)*12.9898+(0)*78.233+Inputs!$C$47*37.719))*43758.5453)-INT((SIN(((A9)*12.9898+(0)*78.233+Inputs!$C$47*37.719))*43758.5453)))-1))) -> 0 | Y9: =IF(OR(Inputs!$C$27=TRUE,Inputs!$C$27="TRUE",Inputs!$C$27=1),1,0)*(Inputs!$C$51*(115*EXP(-(((Inputs!$C$6)-25)^2)/(4.5^2))+70*EXP(-(((Inputs!$C$6)+38)^2)/(7^2))*(0.55+0.45*SIN(2*PI()*(A9)/45))+24*SIN(2*PI()*(Inputs!$C$6)/9+(A9)/18)*EXP(-(((Inputs!$C$6)+5)^2)/(22^2))+18*SIN(2*PI()*(A9)/70))+Inputs!$C$28*EXP(-(((A9)-Inputs!$C$29)^2)/(2*Inputs!$C$31^2))*EXP(-(((Inputs!$C$6)-Inputs!$C$30)^2)/(2*Inputs!$C$32^2))+-Inputs!$C$33*EXP(-(((((A9)-Inputs!$C$34)^2)+(((Inputs!$C$6)-Inputs!$C$35)^2))/(2*Inputs!$C$36^2)))+Inputs!$C$37*(0.55*SIN(2*PI()*(A9)/Inputs!$C$39)+0.35*COS(2*PI()*(Inputs!$C$6)/Inputs!$C$40)+0.2*SIN(2*PI()*((A9)+(Inputs!$C$6))/(0.5*(Inputs!$C$39+Inputs!$C$40))))+Inputs!$C$38*SIN(2*PI()*(A9)/Inputs!$C$39)*SIN(2*PI()*(Inputs!$C$6)/Inputs!$C$40)+-Inputs!$C$41*EXP(-(((Inputs!$C$6)-Inputs!$C$43)^2)/(2*Inputs!$C$44^2))*EXP(-(((A9)-Inputs!$C$42)^2)/(2*Inputs!$C$45^2))+Inputs!$C$48*(0.7*(0.45*SIN(2*PI()*(((A9)/Inputs!$C$49)+Inputs!$C$47*0.137))+0.35*COS(2*PI()*(((Inputs!$C$6)/Inputs!$C$50)+Inputs!$C$47*0.173))+0.2*SIN(2*PI()*(((A9)+(Inputs!$C$6))/(0.5*(Inputs!$C$49+Inputs!$C$50))+Inputs!$C$47*0.097)))+0.3*(2*((SIN(((A9)*12.9898+(Inputs!$C$6)*78.233+Inputs!$C$47*37.719))*43758.5453)-INT((SIN(((A9)*12.9898+(Inputs!$C$6)*78.233+Inputs!$C$47*37.719))*43758.5453)))-1))) -> 0 | Z9: =B9-X9/1000 -> 403.54694 | AA9: =SQRT(A9^2+Inputs!$C$6^2+(B9-Y9/1000)^2) -> 408.24917 | AB9: =(AA9-Z9)*1000 -> 4702.2275 | AC9: =AB9/Inputs!$C$12 -> 2641.7008 | AD9: =2*AB9/Inputs!$C$21*1000000 -> 31.369885 | AE9: =DEGREES(ATAN(H9/(B9-Y9/1000))) -> 8.704514 | AF9: =DEGREES((2*PI()/Inputs!$C$13)*Inputs!$C$15*SIN(RADIANS(AE9))) -> 54.481931 | AG9: =(Z9/AA9)^4 -> 0.95471776 | AH9: =10*LOG10(AG9) -> -0.20124997 | AI9: =AC9-F9 -> 0 | AJ9: =AD9-G9 -> 0 | AK9: =Y9-X9 -> 0 | AL9: =1000*(AA10-AA8)/(A10-A8)*Inputs!$C$11 -> -1050.02 | AM9: =-2*AL9/Inputs!$C$13 -> 420.00799 | AN9: =-2*AL9/Inputs!$C$14 -> 63.064263 | AO9: =ABS(AM9) -> 420.00799 | AP9: =ABS(AN9) -> 63.064263 | AQ9: =IF(OR(Inputs!$C$27=TRUE,Inputs!$C$27="TRUE",Inputs!$C$27=1),Inputs!$C$46/Inputs!$C$12,0) -> 0 | AR9: =AC9-AQ9 -> 2641.7008 | AS9: =AC9+AQ9 -> 2641.7008
A10: =Inputs!$C$7+8*(Inputs!$C$8-Inputs!$C$7)/240 -> -56 | B10: =Inputs!$C$5+Inputs!$C$9*(A10/Inputs!$C$10)^2 -> 403.48444 | C10: =B10 -> 403.48444 | D10: =SQRT(A10^2+Inputs!$C$6^2+B10^2) -> 408.11848 | E10: =(D10-C10)*1000 -> 4634.0395 | F10: =E10/Inputs!$C$12 -> 2603.393 | G10: =2*E10/Inputs!$C$21*1000000 -> 30.914984 | H10: =SQRT(A10^2+Inputs!$C$6^2) -> 61.326992 | I10: =DEGREES(ATAN(H10/B10)) -> 8.6424357 | J10: =DEGREES((2*PI()/Inputs!$C$13)*Inputs!$C$15*SIN(RADIANS(I10))) -> 54.096342 | K10: =(C10/D10)^4 -> 0.95534916 | L10: =10*LOG10(K10) -> -0.19837875 | M10: =2*(Inputs!$C$9/(Inputs!$C$10^2))*A10 -> -0.12444444 | N10: =M10*Inputs!$C$11 -> -0.49777778 | O10: =1000*((A10*Inputs!$C$11)+(B10*N10))/D10 -> -1040.9859 | P10: =-2*O10/Inputs!$C$13 -> 416.39436 | Q10: =-2*O10/Inputs!$C$14 -> 62.521676 | R10: =F10-Inputs!$C$16/2 -> 2588.393 | S10: =F10+Inputs!$C$16/2 -> 2618.393 | T10: =F10-Inputs!$C$17/2 -> 2453.393 | U10: =F10+Inputs!$C$17/2 -> 2753.393 | V10: =ABS(P10) -> 416.39436 | W10: =ABS(Q10) -> 62.521676 | X10: =IF(OR(Inputs!$C$27=TRUE,Inputs!$C$27="TRUE",Inputs!$C$27=1),1,0)*(Inputs!$C$51*(115*EXP(-(((0)-25)^2)/(4.5^2))+70*EXP(-(((0)+38)^2)/(7^2))*(0.55+0.45*SIN(2*PI()*(A10)/45))+24*SIN(2*PI()*(0)/9+(A10)/18)*EXP(-(((0)+5)^2)/(22^2))+18*SIN(2*PI()*(A10)/70))+Inputs!$C$28*EXP(-(((A10)-Inputs!$C$29)^2)/(2*Inputs!$C$31^2))*EXP(-(((0)-Inputs!$C$30)^2)/(2*Inputs!$C$32^2))+-Inputs!$C$33*EXP(-(((((A10)-Inputs!$C$34)^2)+(((0)-Inputs!$C$35)^2))/(2*Inputs!$C$36^2)))+Inputs!$C$37*(0.55*SIN(2*PI()*(A10)/Inputs!$C$39)+0.35*COS(2*PI()*(0)/Inputs!$C$40)+0.2*SIN(2*PI()*((A10)+(0))/(0.5*(Inputs!$C$39+Inputs!$C$40))))+Inputs!$C$38*SIN(2*PI()*(A10)/Inputs!$C$39)*SIN(2*PI()*(0)/Inputs!$C$40)+-Inputs!$C$41*EXP(-(((0)-Inputs!$C$43)^2)/(2*Inputs!$C$44^2))*EXP(-(((A10)-Inputs!$C$42)^2)/(2*Inputs!$C$45^2))+Inputs!$C$48*(0.7*(0.45*SIN(2*PI()*(((A10)/Inputs!$C$49)+Inputs!$C$47*0.137))+0.35*COS(2*PI()*(((0)/Inputs!$C$50)+Inputs!$C$47*0.173))+0.2*SIN(2*PI()*(((A10)+(0))/(0.5*(Inputs!$C$49+Inputs!$C$50))+Inputs!$C$47*0.097)))+0.3*(2*((SIN(((A10)*12.9898+(0)*78.233+Inputs!$C$47*37.719))*43758.5453)-INT((SIN(((A10)*12.9898+(0)*78.233+Inputs!$C$47*37.719))*43758.5453)))-1))) -> 0 | Y10: =IF(OR(Inputs!$C$27=TRUE,Inputs!$C$27="TRUE",Inputs!$C$27=1),1,0)*(Inputs!$C$51*(115*EXP(-(((Inputs!$C$6)-25)^2)/(4.5^2))+70*EXP(-(((Inputs!$C$6)+38)^2)/(7^2))*(0.55+0.45*SIN(2*PI()*(A10)/45))+24*SIN(2*PI()*(Inputs!$C$6)/9+(A10)/18)*EXP(-(((Inputs!$C$6)+5)^2)/(22^2))+18*SIN(2*PI()*(A10)/70))+Inputs!$C$28*EXP(-(((A10)-Inputs!$C$29)^2)/(2*Inputs!$C$31^2))*EXP(-(((Inputs!$C$6)-Inputs!$C$30)^2)/(2*Inputs!$C$32^2))+-Inputs!$C$33*EXP(-(((((A10)-Inputs!$C$34)^2)+(((Inputs!$C$6)-Inputs!$C$35)^2))/(2*Inputs!$C$36^2)))+Inputs!$C$37*(0.55*SIN(2*PI()*(A10)/Inputs!$C$39)+0.35*COS(2*PI()*(Inputs!$C$6)/Inputs!$C$40)+0.2*SIN(2*PI()*((A10)+(Inputs!$C$6))/(0.5*(Inputs!$C$39+Inputs!$C$40))))+Inputs!$C$38*SIN(2*PI()*(A10)/Inputs!$C$39)*SIN(2*PI()*(Inputs!$C$6)/Inputs!$C$40)+-Inputs!$C$41*EXP(-(((Inputs!$C$6)-Inputs!$C$43)^2)/(2*Inputs!$C$44^2))*EXP(-(((A10)-Inputs!$C$42)^2)/(2*Inputs!$C$45^2))+Inputs!$C$48*(0.7*(0.45*SIN(2*PI()*(((A10)/Inputs!$C$49)+Inputs!$C$47*0.137))+0.35*COS(2*PI()*(((Inputs!$C$6)/Inputs!$C$50)+Inputs!$C$47*0.173))+0.2*SIN(2*PI()*(((A10)+(Inputs!$C$6))/(0.5*(Inputs!$C$49+Inputs!$C$50))+Inputs!$C$47*0.097)))+0.3*(2*((SIN(((A10)*12.9898+(Inputs!$C$6)*78.233+Inputs!$C$47*37.719))*43758.5453)-INT((SIN(((A10)*12.9898+(Inputs!$C$6)*78.233+Inputs!$C$47*37.719))*43758.5453)))-1))) -> 0 | Z10: =B10-X10/1000 -> 403.48444 | AA10: =SQRT(A10^2+Inputs!$C$6^2+(B10-Y10/1000)^2) -> 408.11848 | AB10: =(AA10-Z10)*1000 -> 4634.0395 | AC10: =AB10/Inputs!$C$12 -> 2603.393 | AD10: =2*AB10/Inputs!$C$21*1000000 -> 30.914984 | AE10: =DEGREES(ATAN(H10/(B10-Y10/1000))) -> 8.6424357 | AF10: =DEGREES((2*PI()/Inputs!$C$13)*Inputs!$C$15*SIN(RADIANS(AE10))) -> 54.096342 | AG10: =(Z10/AA10)^4 -> 0.95534916 | AH10: =10*LOG10(AG10) -> -0.19837875 | AI10: =AC10-F10 -> 0 | AJ10: =AD10-G10 -> 0 | AK10: =Y10-X10 -> 0 | AL10: =1000*(AA11-AA9)/(A11-A9)*Inputs!$C$11 -> -1040.9848 | AM10: =-2*AL10/Inputs!$C$13 -> 416.39392 | AN10: =-2*AL10/Inputs!$C$14 -> 62.52161 | AO10: =ABS(AM10) -> 416.39392 | AP10: =ABS(AN10) -> 62.52161 | AQ10: =IF(OR(Inputs!$C$27=TRUE,Inputs!$C$27="TRUE",Inputs!$C$27=1),Inputs!$C$46/Inputs!$C$12,0) -> 0 | AR10: =AC10-AQ10 -> 2603.393 | AS10: =AC10+AQ10 -> 2603.393
A11: =Inputs!$C$7+9*(Inputs!$C$8-Inputs!$C$7)/240 -> -55.5 | B11: =Inputs!$C$5+Inputs!$C$9*(A11/Inputs!$C$10)^2 -> 403.4225 | C11: =B11 -> 403.4225 | D11: =SQRT(A11^2+Inputs!$C$6^2+B11^2) -> 407.98893 | E11: =(D11-C11)*1000 -> 4566.4257 | F11: =E11/Inputs!$C$12 -> 2565.4077 | G11: =2*E11/Inputs!$C$21*1000000 -> 30.463913 | H11: =SQRT(A11^2+Inputs!$C$6^2) -> 60.870765 | I11: =DEGREES(ATAN(H11/B11)) -> 8.5804002 | J11: =DEGREES((2*PI()/Inputs!$C$13)*Inputs!$C$15*SIN(RADIANS(I11))) -> 53.710956 | K11: =(C11/D11)^4 -> 0.95597595 | L11: =10*LOG10(K11) -> -0.19553034 | M11: =2*(Inputs!$C$9/(Inputs!$C$10^2))*A11 -> -0.12333333 | N11: =M11*Inputs!$C$11 -> -0.49333333 | O11: =1000*((A11*Inputs!$C$11)+(B11*N11))/D11 -> -1031.9441 | P11: =-2*O11/Inputs!$C$13 -> 412.77764 | Q11: =-2*O11/Inputs!$C$14 -> 61.978625 | R11: =F11-Inputs!$C$16/2 -> 2550.4077 | S11: =F11+Inputs!$C$16/2 -> 2580.4077 | T11: =F11-Inputs!$C$17/2 -> 2415.4077 | U11: =F11+Inputs!$C$17/2 -> 2715.4077 | V11: =ABS(P11) -> 412.77764 | W11: =ABS(Q11) -> 61.978625 | X11: =IF(OR(Inputs!$C$27=TRUE,Inputs!$C$27="TRUE",Inputs!$C$27=1),1,0)*(Inputs!$C$51*(115*EXP(-(((0)-25)^2)/(4.5^2))+70*EXP(-(((0)+38)^2)/(7^2))*(0.55+0.45*SIN(2*PI()*(A11)/45))+24*SIN(2*PI()*(0)/9+(A11)/18)*EXP(-(((0)+5)^2)/(22^2))+18*SIN(2*PI()*(A11)/70))+Inputs!$C$28*EXP(-(((A11)-Inputs!$C$29)^2)/(2*Inputs!$C$31^2))*EXP(-(((0)-Inputs!$C$30)^2)/(2*Inputs!$C$32^2))+-Inputs!$C$33*EXP(-(((((A11)-Inputs!$C$34)^2)+(((0)-Inputs!$C$35)^2))/(2*Inputs!$C$36^2)))+Inputs!$C$37*(0.55*SIN(2*PI()*(A11)/Inputs!$C$39)+0.35*COS(2*PI()*(0)/Inputs!$C$40)+0.2*SIN(2*PI()*((A11)+(0))/(0.5*(Inputs!$C$39+Inputs!$C$40))))+Inputs!$C$38*SIN(2*PI()*(A11)/Inputs!$C$39)*SIN(2*PI()*(0)/Inputs!$C$40)+-Inputs!$C$41*EXP(-(((0)-Inputs!$C$43)^2)/(2*Inputs!$C$44^2))*EXP(-(((A11)-Inputs!$C$42)^2)/(2*Inputs!$C$45^2))+Inputs!$C$48*(0.7*(0.45*SIN(2*PI()*(((A11)/Inputs!$C$49)+Inputs!$C$47*0.137))+0.35*COS(2*PI()*(((0)/Inputs!$C$50)+Inputs!$C$47*0.173))+0.2*SIN(2*PI()*(((A11)+(0))/(0.5*(Inputs!$C$49+Inputs!$C$50))+Inputs!$C$47*0.097)))+0.3*(2*((SIN(((A11)*12.9898+(0)*78.233+Inputs!$C$47*37.719))*43758.5453)-INT((SIN(((A11)*12.9898+(0)*78.233+Inputs!$C$47*37.719))*43758.5453)))-1))) -> 0 | Y11: =IF(OR(Inputs!$C$27=TRUE,Inputs!$C$27="TRUE",Inputs!$C$27=1),1,0)*(Inputs!$C$51*(115*EXP(-(((Inputs!$C$6)-25)^2)/(4.5^2))+70*EXP(-(((Inputs!$C$6)+38)^2)/(7^2))*(0.55+0.45*SIN(2*PI()*(A11)/45))+24*SIN(2*PI()*(Inputs!$C$6)/9+(A11)/18)*EXP(-(((Inputs!$C$6)+5)^2)/(22^2))+18*SIN(2*PI()*(A11)/70))+Inputs!$C$28*EXP(-(((A11)-Inputs!$C$29)^2)/(2*Inputs!$C$31^2))*EXP(-(((Inputs!$C$6)-Inputs!$C$30)^2)/(2*Inputs!$C$32^2))+-Inputs!$C$33*EXP(-(((((A11)-Inputs!$C$34)^2)+(((Inputs!$C$6)-Inputs!$C$35)^2))/(2*Inputs!$C$36^2)))+Inputs!$C$37*(0.55*SIN(2*PI()*(A11)/Inputs!$C$39)+0.35*COS(2*PI()*(Inputs!$C$6)/Inputs!$C$40)+0.2*SIN(2*PI()*((A11)+(Inputs!$C$6))/(0.5*(Inputs!$C$39+Inputs!$C$40))))+Inputs!$C$38*SIN(2*PI()*(A11)/Inputs!$C$39)*SIN(2*PI()*(Inputs!$C$6)/Inputs!$C$40)+-Inputs!$C$41*EXP(-(((Inputs!$C$6)-Inputs!$C$43)^2)/(2*Inputs!$C$44^2))*EXP(-(((A11)-Inputs!$C$42)^2)/(2*Inputs!$C$45^2))+Inputs!$C$48*(0.7*(0.45*SIN(2*PI()*(((A11)/Inputs!$C$49)+Inputs!$C$47*0.137))+0.35*COS(2*PI()*(((Inputs!$C$6)/Inputs!$C$50)+Inputs!$C$47*0.173))+0.2*SIN(2*PI()*(((A11)+(Inputs!$C$6))/(0.5*(Inputs!$C$49+Inputs!$C$50))+Inputs!$C$47*0.097)))+0.3*(2*((SIN(((A11)*12.9898+(Inputs!$C$6)*78.233+Inputs!$C$47*37.719))*43758.5453)-INT((SIN(((A11)*12.9898+(Inputs!$C$6)*78.233+Inputs!$C$47*37.719))*43758.5453)))-1))) -> 0 | Z11: =B11-X11/1000 -> 403.4225 | AA11: =SQRT(A11^2+Inputs!$C$6^2+(B11-Y11/1000)^2) -> 407.98893 | AB11: =(AA11-Z11)*1000 -> 4566.4257 | AC11: =AB11/Inputs!$C$12 -> 2565.4077 | AD11: =2*AB11/Inputs!$C$21*1000000 -> 30.463913 | AE11: =DEGREES(ATAN(H11/(B11-Y11/1000))) -> 8.5804002 | AF11: =DEGREES((2*PI()/Inputs!$C$13)*Inputs!$C$15*SIN(RADIANS(AE11))) -> 53.710956 | AG11: =(Z11/AA11)^4 -> 0.95597595 | AH11: =10*LOG10(AG11) -> -0.19553034 | AI11: =AC11-F11 -> 0 | AJ11: =AD11-G11 -> 0 | AK11: =Y11-X11 -> 0 | AL11: =1000*(AA12-AA10)/(A12-A10)*Inputs!$C$11 -> -1031.943 | AM11: =-2*AL11/Inputs!$C$13 -> 412.7772 | AN11: =-2*AL11/Inputs!$C$14 -> 61.978559 | AO11: =ABS(AM11) -> 412.7772 | AP11: =ABS(AN11) -> 61.978559 | AQ11: =IF(OR(Inputs!$C$27=TRUE,Inputs!$C$27="TRUE",Inputs!$C$27=1),Inputs!$C$46/Inputs!$C$12,0) -> 0 | AR11: =AC11-AQ11 -> 2565.4077 | AS11: =AC11+AQ11 -> 2565.4077
A12: =Inputs!$C$7+10*(Inputs!$C$8-Inputs!$C$7)/240 -> -55 | B12: =Inputs!$C$5+Inputs!$C$9*(A12/Inputs!$C$10)^2 -> 403.36111 | C12: =B12 -> 403.36111 | D12: =SQRT(A12^2+Inputs!$C$6^2+B12^2) -> 407.8605 | E12: =(D12-C12)*1000 -> 4499.387 | F12: =E12/Inputs!$C$12 -> 2527.7455 | G12: =2*E12/Inputs!$C$21*1000000 -> 30.016679 | H12: =SQRT(A12^2+Inputs!$C$6^2) -> 60.41523 | I12: =DEGREES(ATAN(H12/B12)) -> 8.5184101 | J12: =DEGREES((2*PI()/Inputs!$C$13)*Inputs!$C$15*SIN(RADIANS(I12))) -> 53.325789 | K12: =(C12/D12)^4 -> 0.95659811 | L12: =10*LOG10(K12) -> -0.19270483 | M12: =2*(Inputs!$C$9/(Inputs!$C$10^2))*A12 -> -0.12222222 | N12: =M12*Inputs!$C$11 -> -0.48888889 | O12: =1000*((A12*Inputs!$C$11)+(B12*N12))/D12 -> -1022.8957 | P12: =-2*O12/Inputs!$C$13 -> 409.1583 | Q12: =-2*O12/Inputs!$C$14 -> 61.435179 | R12: =F12-Inputs!$C$16/2 -> 2512.7455 | S12: =F12+Inputs!$C$16/2 -> 2542.7455 | T12: =F12-Inputs!$C$17/2 -> 2377.7455 | U12: =F12+Inputs!$C$17/2 -> 2677.7455 | V12: =ABS(P12) -> 409.1583 | W12: =ABS(Q12) -> 61.435179 | X12: =IF(OR(Inputs!$C$27=TRUE,Inputs!$C$27="TRUE",Inputs!$C$27=1),1,0)*(Inputs!$C$51*(115*EXP(-(((0)-25)^2)/(4.5^2))+70*EXP(-(((0)+38)^2)/(7^2))*(0.55+0.45*SIN(2*PI()*(A12)/45))+24*SIN(2*PI()*(0)/9+(A12)/18)*EXP(-(((0)+5)^2)/(22^2))+18*SIN(2*PI()*(A12)/70))+Inputs!$C$28*EXP(-(((A12)-Inputs!$C$29)^2)/(2*Inputs!$C$31^2))*EXP(-(((0)-Inputs!$C$30)^2)/(2*Inputs!$C$32^2))+-Inputs!$C$33*EXP(-(((((A12)-Inputs!$C$34)^2)+(((0)-Inputs!$C$35)^2))/(2*Inputs!$C$36^2)))+Inputs!$C$37*(0.55*SIN(2*PI()*(A12)/Inputs!$C$39)+0.35*COS(2*PI()*(0)/Inputs!$C$40)+0.2*SIN(2*PI()*((A12)+(0))/(0.5*(Inputs!$C$39+Inputs!$C$40))))+Inputs!$C$38*SIN(2*PI()*(A12)/Inputs!$C$39)*SIN(2*PI()*(0)/Inputs!$C$40)+-Inputs!$C$41*EXP(-(((0)-Inputs!$C$43)^2)/(2*Inputs!$C$44^2))*EXP(-(((A12)-Inputs!$C$42)^2)/(2*Inputs!$C$45^2))+Inputs!$C$48*(0.7*(0.45*SIN(2*PI()*(((A12)/Inputs!$C$49)+Inputs!$C$47*0.137))+0.35*COS(2*PI()*(((0)/Inputs!$C$50)+Inputs!$C$47*0.173))+0.2*SIN(2*PI()*(((A12)+(0))/(0.5*(Inputs!$C$49+Inputs!$C$50))+Inputs!$C$47*0.097)))+0.3*(2*((SIN(((A12)*12.9898+(0)*78.233+Inputs!$C$47*37.719))*43758.5453)-INT((SIN(((A12)*12.9898+(0)*78.233+Inputs!$C$47*37.719))*43758.5453)))-1))) -> 0 | Y12: =IF(OR(Inputs!$C$27=TRUE,Inputs!$C$27="TRUE",Inputs!$C$27=1),1,0)*(Inputs!$C$51*(115*EXP(-(((Inputs!$C$6)-25)^2)/(4.5^2))+70*EXP(-(((Inputs!$C$6)+38)^2)/(7^2))*(0.55+0.45*SIN(2*PI()*(A12)/45))+24*SIN(2*PI()*(Inputs!$C$6)/9+(A12)/18)*EXP(-(((Inputs!$C$6)+5)^2)/(22^2))+18*SIN(2*PI()*(A12)/70))+Inputs!$C$28*EXP(-(((A12)-Inputs!$C$29)^2)/(2*Inputs!$C$31^2))*EXP(-(((Inputs!$C$6)-Inputs!$C$30)^2)/(2*Inputs!$C$32^2))+-Inputs!$C$33*EXP(-(((((A12)-Inputs!$C$34)^2)+(((Inputs!$C$6)-Inputs!$C$35)^2))/(2*Inputs!$C$36^2)))+Inputs!$C$37*(0.55*SIN(2*PI()*(A12)/Inputs!$C$39)+0.35*COS(2*PI()*(Inputs!$C$6)/Inputs!$C$40)+0.2*SIN(2*PI()*((A12)+(Inputs!$C$6))/(0.5*(Inputs!$C$39+Inputs!$C$40))))+Inputs!$C$38*SIN(2*PI()*(A12)/Inputs!$C$39)*SIN(2*PI()*(Inputs!$C$6)/Inputs!$C$40)+-Inputs!$C$41*EXP(-(((Inputs!$C$6)-Inputs!$C$43)^2)/(2*Inputs!$C$44^2))*EXP(-(((A12)-Inputs!$C$42)^2)/(2*Inputs!$C$45^2))+Inputs!$C$48*(0.7*(0.45*SIN(2*PI()*(((A12)/Inputs!$C$49)+Inputs!$C$47*0.137))+0.35*COS(2*PI()*(((Inputs!$C$6)/Inputs!$C$50)+Inputs!$C$47*0.173))+0.2*SIN(2*PI()*(((A12)+(Inputs!$C$6))/(0.5*(Inputs!$C$49+Inputs!$C$50))+Inputs!$C$47*0.097)))+0.3*(2*((SIN(((A12)*12.9898+(Inputs!$C$6)*78.233+Inputs!$C$47*37.719))*43758.5453)-INT((SIN(((A12)*12.9898+(Inputs!$C$6)*78.233+Inputs!$C$47*37.719))*43758.5453)))-1))) -> 0 | Z12: =B12-X12/1000 -> 403.36111 | AA12: =SQRT(A12^2+Inputs!$C$6^2+(B12-Y12/1000)^2) -> 407.8605 | AB12: =(AA12-Z12)*1000 -> 4499.387 | AC12: =AB12/Inputs!$C$12 -> 2527.7455 | AD12: =2*AB12/Inputs!$C$21*1000000 -> 30.016679 | AE12: =DEGREES(ATAN(H12/(B12-Y12/1000))) -> 8.5184101 | AF12: =DEGREES((2*PI()/Inputs!$C$13)*Inputs!$C$15*SIN(RADIANS(AE12))) -> 53.325789 | AG12: =(Z12/AA12)^4 -> 0.95659811 | AH12: =10*LOG10(AG12) -> -0.19270483 | AI12: =AC12-F12 -> 0 | AJ12: =AD12-G12 -> 0 | AK12: =Y12-X12 -> 0 | AL12: =1000*(AA13-AA11)/(A13-A11)*Inputs!$C$11 -> -1022.8947 | AM12: =-2*AL12/Inputs!$C$13 -> 409.15786 | AN12: =-2*AL12/Inputs!$C$14 -> 61.435114 | AO12: =ABS(AM12) -> 409.15786 | AP12: =ABS(AN12) -> 61.435114 | AQ12: =IF(OR(Inputs!$C$27=TRUE,Inputs!$C$27="TRUE",Inputs!$C$27=1),Inputs!$C$46/Inputs!$C$12,0) -> 0 | AR12: =AC12-AQ12 -> 2527.7455 | AS12: =AC12+AQ12 -> 2527.7455
A13: =Inputs!$C$7+11*(Inputs!$C$8-Inputs!$C$7)/240 -> -54.5 | B13: =Inputs!$C$5+Inputs!$C$9*(A13/Inputs!$C$10)^2 -> 403.30028 | C13: =B13 -> 403.30028 | D13: =SQRT(A13^2+Inputs!$C$6^2+B13^2) -> 407.7332 | E13: =(D13-C13)*1000 -> 4432.9243 | F13: =E13/Inputs!$C$12 -> 2490.4069 | G13: =2*E13/Inputs!$C$21*1000000 -> 29.573287 | H13: =SQRT(A13^2+Inputs!$C$6^2) -> 59.960404 | I13: =DEGREES(ATAN(H13/B13)) -> 8.456468 | J13: =DEGREES((2*PI()/Inputs!$C$13)*Inputs!$C$15*SIN(RADIANS(I13))) -> 52.940857 | K13: =(C13/D13)^4 -> 0.95721561 | L13: =10*LOG10(K13) -> -0.18990227 | M13: =2*(Inputs!$C$9/(Inputs!$C$10^2))*A13 -> -0.12111111 | N13: =M13*Inputs!$C$11 -> -0.48444444 | O13: =1000*((A13*Inputs!$C$11)+(B13*N13))/D13 -> -1013.8409 | P13: =-2*O13/Inputs!$C$13 -> 405.53634 | Q13: =-2*O13/Inputs!$C$14 -> 60.891343 | R13: =F13-Inputs!$C$16/2 -> 2475.4069 | S13: =F13+Inputs!$C$16/2 -> 2505.4069 | T13: =F13-Inputs!$C$17/2 -> 2340.4069 | U13: =F13+Inputs!$C$17/2 -> 2640.4069 | V13: =ABS(P13) -> 405.53634 | W13: =ABS(Q13) -> 60.891343 | X13: =IF(OR(Inputs!$C$27=TRUE,Inputs!$C$27="TRUE",Inputs!$C$27=1),1,0)*(Inputs!$C$51*(115*EXP(-(((0)-25)^2)/(4.5^2))+70*EXP(-(((0)+38)^2)/(7^2))*(0.55+0.45*SIN(2*PI()*(A13)/45))+24*SIN(2*PI()*(0)/9+(A13)/18)*EXP(-(((0)+5)^2)/(22^2))+18*SIN(2*PI()*(A13)/70))+Inputs!$C$28*EXP(-(((A13)-Inputs!$C$29)^2)/(2*Inputs!$C$31^2))*EXP(-(((0)-Inputs!$C$30)^2)/(2*Inputs!$C$32^2))+-Inputs!$C$33*EXP(-(((((A13)-Inputs!$C$34)^2)+(((0)-Inputs!$C$35)^2))/(2*Inputs!$C$36^2)))+Inputs!$C$37*(0.55*SIN(2*PI()*(A13)/Inputs!$C$39)+0.35*COS(2*PI()*(0)/Inputs!$C$40)+0.2*SIN(2*PI()*((A13)+(0))/(0.5*(Inputs!$C$39+Inputs!$C$40))))+Inputs!$C$38*SIN(2*PI()*(A13)/Inputs!$C$39)*SIN(2*PI()*(0)/Inputs!$C$40)+-Inputs!$C$41*EXP(-(((0)-Inputs!$C$43)^2)/(2*Inputs!$C$44^2))*EXP(-(((A13)-Inputs!$C$42)^2)/(2*Inputs!$C$45^2))+Inputs!$C$48*(0.7*(0.45*SIN(2*PI()*(((A13)/Inputs!$C$49)+Inputs!$C$47*0.137))+0.35*COS(2*PI()*(((0)/Inputs!$C$50)+Inputs!$C$47*0.173))+0.2*SIN(2*PI()*(((A13)+(0))/(0.5*(Inputs!$C$49+Inputs!$C$50))+Inputs!$C$47*0.097)))+0.3*(2*((SIN(((A13)*12.9898+(0)*78.233+Inputs!$C$47*37.719))*43758.5453)-INT((SIN(((A13)*12.9898+(0)*78.233+Inputs!$C$47*37.719))*43758.5453)))-1))) -> 0 | Y13: =IF(OR(Inputs!$C$27=TRUE,Inputs!$C$27="TRUE",Inputs!$C$27=1),1,0)*(Inputs!$C$51*(115*EXP(-(((Inputs!$C$6)-25)^2)/(4.5^2))+70*EXP(-(((Inputs!$C$6)+38)^2)/(7^2))*(0.55+0.45*SIN(2*PI()*(A13)/45))+24*SIN(2*PI()*(Inputs!$C$6)/9+(A13)/18)*EXP(-(((Inputs!$C$6)+5)^2)/(22^2))+18*SIN(2*PI()*(A13)/70))+Inputs!$C$28*EXP(-(((A13)-Inputs!$C$29)^2)/(2*Inputs!$C$31^2))*EXP(-(((Inputs!$C$6)-Inputs!$C$30)^2)/(2*Inputs!$C$32^2))+-Inputs!$C$33*EXP(-(((((A13)-Inputs!$C$34)^2)+(((Inputs!$C$6)-Inputs!$C$35)^2))/(2*Inputs!$C$36^2)))+Inputs!$C$37*(0.55*SIN(2*PI()*(A13)/Inputs!$C$39)+0.35*COS(2*PI()*(Inputs!$C$6)/Inputs!$C$40)+0.2*SIN(2*PI()*((A13)+(Inputs!$C$6))/(0.5*(Inputs!$C$39+Inputs!$C$40))))+Inputs!$C$38*SIN(2*PI()*(A13)/Inputs!$C$39)*SIN(2*PI()*(Inputs!$C$6)/Inputs!$C$40)+-Inputs!$C$41*EXP(-(((Inputs!$C$6)-Inputs!$C$43)^2)/(2*Inputs!$C$44^2))*EXP(-(((A13)-Inputs!$C$42)^2)/(2*Inputs!$C$45^2))+Inputs!$C$48*(0.7*(0.45*SIN(2*PI()*(((A13)/Inputs!$C$49)+Inputs!$C$47*0.137))+0.35*COS(2*PI()*(((Inputs!$C$6)/Inputs!$C$50)+Inputs!$C$47*0.173))+0.2*SIN(2*PI()*(((A13)+(Inputs!$C$6))/(0.5*(Inputs!$C$49+Inputs!$C$50))+Inputs!$C$47*0.097)))+0.3*(2*((SIN(((A13)*12.9898+(Inputs!$C$6)*78.233+Inputs!$C$47*37.719))*43758.5453)-INT((SIN(((A13)*12.9898+(Inputs!$C$6)*78.233+Inputs!$C$47*37.719))*43758.5453)))-1))) -> 0 | Z13: =B13-X13/1000 -> 403.30028 | AA13: =SQRT(A13^2+Inputs!$C$6^2+(B13-Y13/1000)^2) -> 407.7332 | AB13: =(AA13-Z13)*1000 -> 4432.9243 | AC13: =AB13/Inputs!$C$12 -> 2490.4069 | AD13: =2*AB13/Inputs!$C$21*1000000 -> 29.573287 | AE13: =DEGREES(ATAN(H13/(B13-Y13/1000))) -> 8.456468 | AF13: =DEGREES((2*PI()/Inputs!$C$13)*Inputs!$C$15*SIN(RADIANS(AE13))) -> 52.940857 | AG13: =(Z13/AA13)^4 -> 0.95721561 | AH13: =10*LOG10(AG13) -> -0.18990227 | AI13: =AC13-F13 -> 0 | AJ13: =AD13-G13 -> 0 | AK13: =Y13-X13 -> 0 | AL13: =1000*(AA14-AA12)/(A14-A12)*Inputs!$C$11 -> -1013.8398 | AM13: =-2*AL13/Inputs!$C$13 -> 405.53591 | AN13: =-2*AL13/Inputs!$C$14 -> 60.891278 | AO13: =ABS(AM13) -> 405.53591 | AP13: =ABS(AN13) -> 60.891278 | AQ13: =IF(OR(Inputs!$C$27=TRUE,Inputs!$C$27="TRUE",Inputs!$C$27=1),Inputs!$C$46/Inputs!$C$12,0) -> 0 | AR13: =AC13-AQ13 -> 2490.4069 | AS13: =AC13+AQ13 -> 2490.4069
A14: =Inputs!$C$7+12*(Inputs!$C$8-Inputs!$C$7)/240 -> -54 | B14: =Inputs!$C$5+Inputs!$C$9*(A14/Inputs!$C$10)^2 -> 403.24 | C14: =B14 -> 403.24 | D14: =SQRT(A14^2+Inputs!$C$6^2+B14^2) -> 407.60704 | E14: =(D14-C14)*1000 -> 4367.0382 | F14: =E14/Inputs!$C$12 -> 2453.3923 | G14: =2*E14/Inputs!$C$21*1000000 -> 29.133743 | H14: =SQRT(A14^2+Inputs!$C$6^2) -> 59.506302 | I14: =DEGREES(ATAN(H14/B14)) -> 8.3945767 | J14: =DEGREES((2*PI()/Inputs!$C$13)*Inputs!$C$15*SIN(RADIANS(I14))) -> 52.55618 | K14: =(C14/D14)^4 -> 0.95782844 | L14: =10*LOG10(K14) -> -0.18712273 | M14: =2*(Inputs!$C$9/(Inputs!$C$10^2))*A14 -> -0.12 | N14: =M14*Inputs!$C$11 -> -0.48 | O14: =1000*((A14*Inputs!$C$11)+(B14*N14))/D14 -> -1004.7795 | P14: =-2*O14/Inputs!$C$13 -> 401.9118 | Q14: =-2*O14/Inputs!$C$14 -> 60.347118 | R14: =F14-Inputs!$C$16/2 -> 2438.3923 | S14: =F14+Inputs!$C$16/2 -> 2468.3923 | T14: =F14-Inputs!$C$17/2 -> 2303.3923 | U14: =F14+Inputs!$C$17/2 -> 2603.3923 | V14: =ABS(P14) -> 401.9118 | W14: =ABS(Q14) -> 60.347118 | X14: =IF(OR(Inputs!$C$27=TRUE,Inputs!$C$27="TRUE",Inputs!$C$27=1),1,0)*(Inputs!$C$51*(115*EXP(-(((0)-25)^2)/(4.5^2))+70*EXP(-(((0)+38)^2)/(7^2))*(0.55+0.45*SIN(2*PI()*(A14)/45))+24*SIN(2*PI()*(0)/9+(A14)/18)*EXP(-(((0)+5)^2)/(22^2))+18*SIN(2*PI()*(A14)/70))+Inputs!$C$28*EXP(-(((A14)-Inputs!$C$29)^2)/(2*Inputs!$C$31^2))*EXP(-(((0)-Inputs!$C$30)^2)/(2*Inputs!$C$32^2))+-Inputs!$C$33*EXP(-(((((A14)-Inputs!$C$34)^2)+(((0)-Inputs!$C$35)^2))/(2*Inputs!$C$36^2)))+Inputs!$C$37*(0.55*SIN(2*PI()*(A14)/Inputs!$C$39)+0.35*COS(2*PI()*(0)/Inputs!$C$40)+0.2*SIN(2*PI()*((A14)+(0))/(0.5*(Inputs!$C$39+Inputs!$C$40))))+Inputs!$C$38*SIN(2*PI()*(A14)/Inputs!$C$39)*SIN(2*PI()*(0)/Inputs!$C$40)+-Inputs!$C$41*EXP(-(((0)-Inputs!$C$43)^2)/(2*Inputs!$C$44^2))*EXP(-(((A14)-Inputs!$C$42)^2)/(2*Inputs!$C$45^2))+Inputs!$C$48*(0.7*(0.45*SIN(2*PI()*(((A14)/Inputs!$C$49)+Inputs!$C$47*0.137))+0.35*COS(2*PI()*(((0)/Inputs!$C$50)+Inputs!$C$47*0.173))+0.2*SIN(2*PI()*(((A14)+(0))/(0.5*(Inputs!$C$49+Inputs!$C$50))+Inputs!$C$47*0.097)))+0.3*(2*((SIN(((A14)*12.9898+(0)*78.233+Inputs!$C$47*37.719))*43758.5453)-INT((SIN(((A14)*12.9898+(0)*78.233+Inputs!$C$47*37.719))*43758.5453)))-1))) -> 0 | Y14: =IF(OR(Inputs!$C$27=TRUE,Inputs!$C$27="TRUE",Inputs!$C$27=1),1,0)*(Inputs!$C$51*(115*EXP(-(((Inputs!$C$6)-25)^2)/(4.5^2))+70*EXP(-(((Inputs!$C$6)+38)^2)/(7^2))*(0.55+0.45*SIN(2*PI()*(A14)/45))+24*SIN(2*PI()*(Inputs!$C$6)/9+(A14)/18)*EXP(-(((Inputs!$C$6)+5)^2)/(22^2))+18*SIN(2*PI()*(A14)/70))+Inputs!$C$28*EXP(-(((A14)-Inputs!$C$29)^2)/(2*Inputs!$C$31^2))*EXP(-(((Inputs!$C$6)-Inputs!$C$30)^2)/(2*Inputs!$C$32^2))+-Inputs!$C$33*EXP(-(((((A14)-Inputs!$C$34)^2)+(((Inputs!$C$6)-Inputs!$C$35)^2))/(2*Inputs!$C$36^2)))+Inputs!$C$37*(0.55*SIN(2*PI()*(A14)/Inputs!$C$39)+0.35*COS(2*PI()*(Inputs!$C$6)/Inputs!$C$40)+0.2*SIN(2*PI()*((A14)+(Inputs!$C$6))/(0.5*(Inputs!$C$39+Inputs!$C$40))))+Inputs!$C$38*SIN(2*PI()*(A14)/Inputs!$C$39)*SIN(2*PI()*(Inputs!$C$6)/Inputs!$C$40)+-Inputs!$C$41*EXP(-(((Inputs!$C$6)-Inputs!$C$43)^2)/(2*Inputs!$C$44^2))*EXP(-(((A14)-Inputs!$C$42)^2)/(2*Inputs!$C$45^2))+Inputs!$C$48*(0.7*(0.45*SIN(2*PI()*(((A14)/Inputs!$C$49)+Inputs!$C$47*0.137))+0.35*COS(2*PI()*(((Inputs!$C$6)/Inputs!$C$50)+Inputs!$C$47*0.173))+0.2*SIN(2*PI()*(((A14)+(Inputs!$C$6))/(0.5*(Inputs!$C$49+Inputs!$C$50))+Inputs!$C$47*0.097)))+0.3*(2*((SIN(((A14)*12.9898+(Inputs!$C$6)*78.233+Inputs!$C$47*37.719))*43758.5453)-INT((SIN(((A14)*12.9898+(Inputs!$C$6)*78.233+Inputs!$C$47*37.719))*43758.5453)))-1))) -> 0 | Z14: =B14-X14/1000 -> 403.24 | AA14: =SQRT(A14^2+Inputs!$C$6^2+(B14-Y14/1000)^2) -> 407.60704 | AB14: =(AA14-Z14)*1000 -> 4367.0382 | AC14: =AB14/Inputs!$C$12 -> 2453.3923 | AD14: =2*AB14/Inputs!$C$21*1000000 -> 29.133743 | AE14: =DEGREES(ATAN(H14/(B14-Y14/1000))) -> 8.3945767 | AF14: =DEGREES((2*PI()/Inputs!$C$13)*Inputs!$C$15*SIN(RADIANS(AE14))) -> 52.55618 | AG14: =(Z14/AA14)^4 -> 0.95782844 | AH14: =10*LOG10(AG14) -> -0.18712273 | AI14: =AC14-F14 -> 0 | AJ14: =AD14-G14 -> 0 | AK14: =Y14-X14 -> 0 | AL14: =1000*(AA15-AA13)/(A15-A13)*Inputs!$C$11 -> -1004.7784 | AM14: =-2*AL14/Inputs!$C$13 -> 401.91138 | AN14: =-2*AL14/Inputs!$C$14 -> 60.347053 | AO14: =ABS(AM14) -> 401.91138 | AP14: =ABS(AN14) -> 60.347053 | AQ14: =IF(OR(Inputs!$C$27=TRUE,Inputs!$C$27="TRUE",Inputs!$C$27=1),Inputs!$C$46/Inputs!$C$12,0) -> 0 | AR14: =AC14-AQ14 -> 2453.3923 | AS14: =AC14+AQ14 -> 2453.3923
A15: =Inputs!$C$7+13*(Inputs!$C$8-Inputs!$C$7)/240 -> -53.5 | B15: =Inputs!$C$5+Inputs!$C$9*(A15/Inputs!$C$10)^2 -> 403.18028 | C15: =B15 -> 403.18028 | D15: =SQRT(A15^2+Inputs!$C$6^2+B15^2) -> 407.48201 | E15: =(D15-C15)*1000 -> 4301.7297 | F15: =E15/Inputs!$C$12 -> 2416.7021 | G15: =2*E15/Inputs!$C$21*1000000 -> 28.698051 | H15: =SQRT(A15^2+Inputs!$C$6^2) -> 59.052942 | I15: =DEGREES(ATAN(H15/B15)) -> 8.3327389 | J15: =DEGREES((2*PI()/Inputs!$C$13)*Inputs!$C$15*SIN(RADIANS(I15))) -> 52.171774 | K15: =(C15/D15)^4 -> 0.95843656 | L15: =10*LOG10(K15) -> -0.18436629 | M15: =2*(Inputs!$C$9/(Inputs!$C$10^2))*A15 -> -0.11888889 | N15: =M15*Inputs!$C$11 -> -0.47555556 | O15: =1000*((A15*Inputs!$C$11)+(B15*N15))/D15 -> -995.71175 | P15: =-2*O15/Inputs!$C$13 -> 398.2847 | Q15: =-2*O15/Inputs!$C$14 -> 59.802507 | R15: =F15-Inputs!$C$16/2 -> 2401.7021 | S15: =F15+Inputs!$C$16/2 -> 2431.7021 | T15: =F15-Inputs!$C$17/2 -> 2266.7021 | U15: =F15+Inputs!$C$17/2 -> 2566.7021 | V15: =ABS(P15) -> 398.2847 | W15: =ABS(Q15) -> 59.802507 | X15: =IF(OR(Inputs!$C$27=TRUE,Inputs!$C$27="TRUE",Inputs!$C$27=1),1,0)*(Inputs!$C$51*(115*EXP(-(((0)-25)^2)/(4.5^2))+70*EXP(-(((0)+38)^2)/(7^2))*(0.55+0.45*SIN(2*PI()*(A15)/45))+24*SIN(2*PI()*(0)/9+(A15)/18)*EXP(-(((0)+5)^2)/(22^2))+18*SIN(2*PI()*(A15)/70))+Inputs!$C$28*EXP(-(((A15)-Inputs!$C$29)^2)/(2*Inputs!$C$31^2))*EXP(-(((0)-Inputs!$C$30)^2)/(2*Inputs!$C$32^2))+-Inputs!$C$33*EXP(-(((((A15)-Inputs!$C$34)^2)+(((0)-Inputs!$C$35)^2))/(2*Inputs!$C$36^2)))+Inputs!$C$37*(0.55*SIN(2*PI()*(A15)/Inputs!$C$39)+0.35*COS(2*PI()*(0)/Inputs!$C$40)+0.2*SIN(2*PI()*((A15)+(0))/(0.5*(Inputs!$C$39+Inputs!$C$40))))+Inputs!$C$38*SIN(2*PI()*(A15)/Inputs!$C$39)*SIN(2*PI()*(0)/Inputs!$C$40)+-Inputs!$C$41*EXP(-(((0)-Inputs!$C$43)^2)/(2*Inputs!$C$44^2))*EXP(-(((A15)-Inputs!$C$42)^2)/(2*Inputs!$C$45^2))+Inputs!$C$48*(0.7*(0.45*SIN(2*PI()*(((A15)/Inputs!$C$49)+Inputs!$C$47*0.137))+0.35*COS(2*PI()*(((0)/Inputs!$C$50)+Inputs!$C$47*0.173))+0.2*SIN(2*PI()*(((A15)+(0))/(0.5*(Inputs!$C$49+Inputs!$C$50))+Inputs!$C$47*0.097)))+0.3*(2*((SIN(((A15)*12.9898+(0)*78.233+Inputs!$C$47*37.719))*43758.5453)-INT((SIN(((A15)*12.9898+(0)*78.233+Inputs!$C$47*37.719))*43758.5453)))-1))) -> 0 | Y15: =IF(OR(Inputs!$C$27=TRUE,Inputs!$C$27="TRUE",Inputs!$C$27=1),1,0)*(Inputs!$C$51*(115*EXP(-(((Inputs!$C$6)-25)^2)/(4.5^2))+70*EXP(-(((Inputs!$C$6)+38)^2)/(7^2))*(0.55+0.45*SIN(2*PI()*(A15)/45))+24*SIN(2*PI()*(Inputs!$C$6)/9+(A15)/18)*EXP(-(((Inputs!$C$6)+5)^2)/(22^2))+18*SIN(2*PI()*(A15)/70))+Inputs!$C$28*EXP(-(((A15)-Inputs!$C$29)^2)/(2*Inputs!$C$31^2))*EXP(-(((Inputs!$C$6)-Inputs!$C$30)^2)/(2*Inputs!$C$32^2))+-Inputs!$C$33*EXP(-(((((A15)-Inputs!$C$34)^2)+(((Inputs!$C$6)-Inputs!$C$35)^2))/(2*Inputs!$C$36^2)))+Inputs!$C$37*(0.55*SIN(2*PI()*(A15)/Inputs!$C$39)+0.35*COS(2*PI()*(Inputs!$C$6)/Inputs!$C$40)+0.2*SIN(2*PI()*((A15)+(Inputs!$C$6))/(0.5*(Inputs!$C$39+Inputs!$C$40))))+Inputs!$C$38*SIN(2*PI()*(A15)/Inputs!$C$39)*SIN(2*PI()*(Inputs!$C$6)/Inputs!$C$40)+-Inputs!$C$41*EXP(-(((Inputs!$C$6)-Inputs!$C$43)^2)/(2*Inputs!$C$44^2))*EXP(-(((A15)-Inputs!$C$42)^2)/(2*Inputs!$C$45^2))+Inputs!$C$48*(0.7*(0.45*SIN(2*PI()*(((A15)/Inputs!$C$49)+Inputs!$C$47*0.137))+0.35*COS(2*PI()*(((Inputs!$C$6)/Inputs!$C$50)+Inputs!$C$47*0.173))+0.2*SIN(2*PI()*(((A15)+(Inputs!$C$6))/(0.5*(Inputs!$C$49+Inputs!$C$50))+Inputs!$C$47*0.097)))+0.3*(2*((SIN(((A15)*12.9898+(Inputs!$C$6)*78.233+Inputs!$C$47*37.719))*43758.5453)-INT((SIN(((A15)*12.9898+(Inputs!$C$6)*78.233+Inputs!$C$47*37.719))*43758.5453)))-1))) -> 0 | Z15: =B15-X15/1000 -> 403.18028 | AA15: =SQRT(A15^2+Inputs!$C$6^2+(B15-Y15/1000)^2) -> 407.48201 | AB15: =(AA15-Z15)*1000 -> 4301.7297 | AC15: =AB15/Inputs!$C$12 -> 2416.7021 | AD15: =2*AB15/Inputs!$C$21*1000000 -> 28.698051 | AE15: =DEGREES(ATAN(H15/(B15-Y15/1000))) -> 8.3327389 | AF15: =DEGREES((2*PI()/Inputs!$C$13)*Inputs!$C$15*SIN(RADIANS(AE15))) -> 52.171774 | AG15: =(Z15/AA15)^4 -> 0.95843656 | AH15: =10*LOG10(AG15) -> -0.18436629 | AI15: =AC15-F15 -> 0 | AJ15: =AD15-G15 -> 0 | AK15: =Y15-X15 -> 0 | AL15: =1000*(AA16-AA14)/(A16-A14)*Inputs!$C$11 -> -995.71068 | AM15: =-2*AL15/Inputs!$C$13 -> 398.28427 | AN15: =-2*AL15/Inputs!$C$14 -> 59.802444 | AO15: =ABS(AM15) -> 398.28427 | AP15: =ABS(AN15) -> 59.802444 | AQ15: =IF(OR(Inputs!$C$27=TRUE,Inputs!$C$27="TRUE",Inputs!$C$27=1),Inputs!$C$46/Inputs!$C$12,0) -> 0 | AR15: =AC15-AQ15 -> 2416.7021 | AS15: =AC15+AQ15 -> 2416.7021
A16: =Inputs!$C$7+14*(Inputs!$C$8-Inputs!$C$7)/240 -> -53 | B16: =Inputs!$C$5+Inputs!$C$9*(A16/Inputs!$C$10)^2 -> 403.12111 | C16: =B16 -> 403.12111 | D16: =SQRT(A16^2+Inputs!$C$6^2+B16^2) -> 407.35811 | E16: =(D16-C16)*1000 -> 4236.9994 | F16: =E16/Inputs!$C$12 -> 2380.3368 | G16: =2*E16/Inputs!$C$21*1000000 -> 28.266218 | H16: =SQRT(A16^2+Inputs!$C$6^2) -> 58.600341 | I16: =DEGREES(ATAN(H16/B16)) -> 8.2709577 | J16: =DEGREES((2*PI()/Inputs!$C$13)*Inputs!$C$15*SIN(RADIANS(I16))) -> 51.787659 | K16: =(C16/D16)^4 -> 0.95903995 | L16: =10*LOG10(K16) -> -0.18163301 | M16: =2*(Inputs!$C$9/(Inputs!$C$10^2))*A16 -> -0.11777778 | N16: =M16*Inputs!$C$11 -> -0.47111111 | O16: =1000*((A16*Inputs!$C$11)+(B16*N16))/D16 -> -986.63761 | P16: =-2*O16/Inputs!$C$13 -> 394.65505 | Q16: =-2*O16/Inputs!$C$14 -> 59.257514 | R16: =F16-Inputs!$C$16/2 -> 2365.3368 | S16: =F16+Inputs!$C$16/2 -> 2395.3368 | T16: =F16-Inputs!$C$17/2 -> 2230.3368 | U16: =F16+Inputs!$C$17/2 -> 2530.3368 | V16: =ABS(P16) -> 394.65505 | W16: =ABS(Q16) -> 59.257514 | X16: =IF(OR(Inputs!$C$27=TRUE,Inputs!$C$27="TRUE",Inputs!$C$27=1),1,0)*(Inputs!$C$51*(115*EXP(-(((0)-25)^2)/(4.5^2))+70*EXP(-(((0)+38)^2)/(7^2))*(0.55+0.45*SIN(2*PI()*(A16)/45))+24*SIN(2*PI()*(0)/9+(A16)/18)*EXP(-(((0)+5)^2)/(22^2))+18*SIN(2*PI()*(A16)/70))+Inputs!$C$28*EXP(-(((A16)-Inputs!$C$29)^2)/(2*Inputs!$C$31^2))*EXP(-(((0)-Inputs!$C$30)^2)/(2*Inputs!$C$32^2))+-Inputs!$C$33*EXP(-(((((A16)-Inputs!$C$34)^2)+(((0)-Inputs!$C$35)^2))/(2*Inputs!$C$36^2)))+Inputs!$C$37*(0.55*SIN(2*PI()*(A16)/Inputs!$C$39)+0.35*COS(2*PI()*(0)/Inputs!$C$40)+0.2*SIN(2*PI()*((A16)+(0))/(0.5*(Inputs!$C$39+Inputs!$C$40))))+Inputs!$C$38*SIN(2*PI()*(A16)/Inputs!$C$39)*SIN(2*PI()*(0)/Inputs!$C$40)+-Inputs!$C$41*EXP(-(((0)-Inputs!$C$43)^2)/(2*Inputs!$C$44^2))*EXP(-(((A16)-Inputs!$C$42)^2)/(2*Inputs!$C$45^2))+Inputs!$C$48*(0.7*(0.45*SIN(2*PI()*(((A16)/Inputs!$C$49)+Inputs!$C$47*0.137))+0.35*COS(2*PI()*(((0)/Inputs!$C$50)+Inputs!$C$47*0.173))+0.2*SIN(2*PI()*(((A16)+(0))/(0.5*(Inputs!$C$49+Inputs!$C$50))+Inputs!$C$47*0.097)))+0.3*(2*((SIN(((A16)*12.9898+(0)*78.233+Inputs!$C$47*37.719))*43758.5453)-INT((SIN(((A16)*12.9898+(0)*78.233+Inputs!$C$47*37.719))*43758.5453)))-1))) -> 0 | Y16: =IF(OR(Inputs!$C$27=TRUE,Inputs!$C$27="TRUE",Inputs!$C$27=1),1,0)*(Inputs!$C$51*(115*EXP(-(((Inputs!$C$6)-25)^2)/(4.5^2))+70*EXP(-(((Inputs!$C$6)+38)^2)/(7^2))*(0.55+0.45*SIN(2*PI()*(A16)/45))+24*SIN(2*PI()*(Inputs!$C$6)/9+(A16)/18)*EXP(-(((Inputs!$C$6)+5)^2)/(22^2))+18*SIN(2*PI()*(A16)/70))+Inputs!$C$28*EXP(-(((A16)-Inputs!$C$29)^2)/(2*Inputs!$C$31^2))*EXP(-(((Inputs!$C$6)-Inputs!$C$30)^2)/(2*Inputs!$C$32^2))+-Inputs!$C$33*EXP(-(((((A16)-Inputs!$C$34)^2)+(((Inputs!$C$6)-Inputs!$C$35)^2))/(2*Inputs!$C$36^2)))+Inputs!$C$37*(0.55*SIN(2*PI()*(A16)/Inputs!$C$39)+0.35*COS(2*PI()*(Inputs!$C$6)/Inputs!$C$40)+0.2*SIN(2*PI()*((A16)+(Inputs!$C$6))/(0.5*(Inputs!$C$39+Inputs!$C$40))))+Inputs!$C$38*SIN(2*PI()*(A16)/Inputs!$C$39)*SIN(2*PI()*(Inputs!$C$6)/Inputs!$C$40)+-Inputs!$C$41*EXP(-(((Inputs!$C$6)-Inputs!$C$43)^2)/(2*Inputs!$C$44^2))*EXP(-(((A16)-Inputs!$C$42)^2)/(2*Inputs!$C$45^2))+Inputs!$C$48*(0.7*(0.45*SIN(2*PI()*(((A16)/Inputs!$C$49)+Inputs!$C$47*0.137))+0.35*COS(2*PI()*(((Inputs!$C$6)/Inputs!$C$50)+Inputs!$C$47*0.173))+0.2*SIN(2*PI()*(((A16)+(Inputs!$C$6))/(0.5*(Inputs!$C$49+Inputs!$C$50))+Inputs!$C$47*0.097)))+0.3*(2*((SIN(((A16)*12.9898+(Inputs!$C$6)*78.233+Inputs!$C$47*37.719))*43758.5453)-INT((SIN(((A16)*12.9898+(Inputs!$C$6)*78.233+Inputs!$C$47*37.719))*43758.5453)))-1))) -> 0 | Z16: =B16-X16/1000 -> 403.12111 | AA16: =SQRT(A16^2+Inputs!$C$6^2+(B16-Y16/1000)^2) -> 407.35811 | AB16: =(AA16-Z16)*1000 -> 4236.9994 | AC16: =AB16/Inputs!$C$12 -> 2380.3368 | AD16: =2*AB16/Inputs!$C$21*1000000 -> 28.266218 | AE16: =DEGREES(ATAN(H16/(B16-Y16/1000))) -> 8.2709577 | AF16: =DEGREES((2*PI()/Inputs!$C$13)*Inputs!$C$15*SIN(RADIANS(AE16))) -> 51.787659 | AG16: =(Z16/AA16)^4 -> 0.95903995 | AH16: =10*LOG10(AG16) -> -0.18163301 | AI16: =AC16-F16 -> 0 | AJ16: =AD16-G16 -> 0 | AK16: =Y16-X16 -> 0 | AL16: =1000*(AA17-AA15)/(A17-A15)*Inputs!$C$11 -> -986.63656 | AM16: =-2*AL16/Inputs!$C$13 -> 394.65462 | AN16: =-2*AL16/Inputs!$C$14 -> 59.257451 | AO16: =ABS(AM16) -> 394.65462 | AP16: =ABS(AN16) -> 59.257451 | AQ16: =IF(OR(Inputs!$C$27=TRUE,Inputs!$C$27="TRUE",Inputs!$C$27=1),Inputs!$C$46/Inputs!$C$12,0) -> 0 | AR16: =AC16-AQ16 -> 2380.3368 | AS16: =AC16+AQ16 -> 2380.3368
A17: =Inputs!$C$7+15*(Inputs!$C$8-Inputs!$C$7)/240 -> -52.5 | B17: =Inputs!$C$5+Inputs!$C$9*(A17/Inputs!$C$10)^2 -> 403.0625 | C17: =B17 -> 403.0625 | D17: =SQRT(A17^2+Inputs!$C$6^2+B17^2) -> 407.23535 | E17: =(D17-C17)*1000 -> 4172.8483 | F17: =E17/Inputs!$C$12 -> 2344.2968 | G17: =2*E17/Inputs!$C$21*1000000 -> 27.838247 | H17: =SQRT(A17^2+Inputs!$C$6^2) -> 58.148517 | I17: =DEGREES(ATAN(H17/B17)) -> 8.2092359 | J17: =DEGREES((2*PI()/Inputs!$C$13)*Inputs!$C$15*SIN(RADIANS(I17))) -> 51.403853 | K17: =(C17/D17)^4 -> 0.95963859 | L17: =10*LOG10(K17) -> -0.17892295 | M17: =2*(Inputs!$C$9/(Inputs!$C$10^2))*A17 -> -0.11666667 | N17: =M17*Inputs!$C$11 -> -0.46666667 | O17: =1000*((A17*Inputs!$C$11)+(B17*N17))/D17 -> -977.55717 | P17: =-2*O17/Inputs!$C$13 -> 391.02287 | Q17: =-2*O17/Inputs!$C$14 -> 58.712142 | R17: =F17-Inputs!$C$16/2 -> 2329.2968 | S17: =F17+Inputs!$C$16/2 -> 2359.2968 | T17: =F17-Inputs!$C$17/2 -> 2194.2968 | U17: =F17+Inputs!$C$17/2 -> 2494.2968 | V17: =ABS(P17) -> 391.02287 | W17: =ABS(Q17) -> 58.712142 | X17: =IF(OR(Inputs!$C$27=TRUE,Inputs!$C$27="TRUE",Inputs!$C$27=1),1,0)*(Inputs!$C$51*(115*EXP(-(((0)-25)^2)/(4.5^2))+70*EXP(-(((0)+38)^2)/(7^2))*(0.55+0.45*SIN(2*PI()*(A17)/45))+24*SIN(2*PI()*(0)/9+(A17)/18)*EXP(-(((0)+5)^2)/(22^2))+18*SIN(2*PI()*(A17)/70))+Inputs!$C$28*EXP(-(((A17)-Inputs!$C$29)^2)/(2*Inputs!$C$31^2))*EXP(-(((0)-Inputs!$C$30)^2)/(2*Inputs!$C$32^2))+-Inputs!$C$33*EXP(-(((((A17)-Inputs!$C$34)^2)+(((0)-Inputs!$C$35)^2))/(2*Inputs!$C$36^2)))+Inputs!$C$37*(0.55*SIN(2*PI()*(A17)/Inputs!$C$39)+0.35*COS(2*PI()*(0)/Inputs!$C$40)+0.2*SIN(2*PI()*((A17)+(0))/(0.5*(Inputs!$C$39+Inputs!$C$40))))+Inputs!$C$38*SIN(2*PI()*(A17)/Inputs!$C$39)*SIN(2*PI()*(0)/Inputs!$C$40)+-Inputs!$C$41*EXP(-(((0)-Inputs!$C$43)^2)/(2*Inputs!$C$44^2))*EXP(-(((A17)-Inputs!$C$42)^2)/(2*Inputs!$C$45^2))+Inputs!$C$48*(0.7*(0.45*SIN(2*PI()*(((A17)/Inputs!$C$49)+Inputs!$C$47*0.137))+0.35*COS(2*PI()*(((0)/Inputs!$C$50)+Inputs!$C$47*0.173))+0.2*SIN(2*PI()*(((A17)+(0))/(0.5*(Inputs!$C$49+Inputs!$C$50))+Inputs!$C$47*0.097)))+0.3*(2*((SIN(((A17)*12.9898+(0)*78.233+Inputs!$C$47*37.719))*43758.5453)-INT((SIN(((A17)*12.9898+(0)*78.233+Inputs!$C$47*37.719))*43758.5453)))-1))) -> 0 | Y17: =IF(OR(Inputs!$C$27=TRUE,Inputs!$C$27="TRUE",Inputs!$C$27=1),1,0)*(Inputs!$C$51*(115*EXP(-(((Inputs!$C$6)-25)^2)/(4.5^2))+70*EXP(-(((Inputs!$C$6)+38)^2)/(7^2))*(0.55+0.45*SIN(2*PI()*(A17)/45))+24*SIN(2*PI()*(Inputs!$C$6)/9+(A17)/18)*EXP(-(((Inputs!$C$6)+5)^2)/(22^2))+18*SIN(2*PI()*(A17)/70))+Inputs!$C$28*EXP(-(((A17)-Inputs!$C$29)^2)/(2*Inputs!$C$31^2))*EXP(-(((Inputs!$C$6)-Inputs!$C$30)^2)/(2*Inputs!$C$32^2))+-Inputs!$C$33*EXP(-(((((A17)-Inputs!$C$34)^2)+(((Inputs!$C$6)-Inputs!$C$35)^2))/(2*Inputs!$C$36^2)))+Inputs!$C$37*(0.55*SIN(2*PI()*(A17)/Inputs!$C$39)+0.35*COS(2*PI()*(Inputs!$C$6)/Inputs!$C$40)+0.2*SIN(2*PI()*((A17)+(Inputs!$C$6))/(0.5*(Inputs!$C$39+Inputs!$C$40))))+Inputs!$C$38*SIN(2*PI()*(A17)/Inputs!$C$39)*SIN(2*PI()*(Inputs!$C$6)/Inputs!$C$40)+-Inputs!$C$41*EXP(-(((Inputs!$C$6)-Inputs!$C$43)^2)/(2*Inputs!$C$44^2))*EXP(-(((A17)-Inputs!$C$42)^2)/(2*Inputs!$C$45^2))+Inputs!$C$48*(0.7*(0.45*SIN(2*PI()*(((A17)/Inputs!$C$49)+Inputs!$C$47*0.137))+0.35*COS(2*PI()*(((Inputs!$C$6)/Inputs!$C$50)+Inputs!$C$47*0.173))+0.2*SIN(2*PI()*(((A17)+(Inputs!$C$6))/(0.5*(Inputs!$C$49+Inputs!$C$50))+Inputs!$C$47*0.097)))+0.3*(2*((SIN(((A17)*12.9898+(Inputs!$C$6)*78.233+Inputs!$C$47*37.719))*43758.5453)-INT((SIN(((A17)*12.9898+(Inputs!$C$6)*78.233+Inputs!$C$47*37.719))*43758.5453)))-1))) -> 0 | Z17: =B17-X17/1000 -> 403.0625 | AA17: =SQRT(A17^2+Inputs!$C$6^2+(B17-Y17/1000)^2) -> 407.23535 | AB17: =(AA17-Z17)*1000 -> 4172.8483 | AC17: =AB17/Inputs!$C$12 -> 2344.2968 | AD17: =2*AB17/Inputs!$C$21*1000000 -> 27.838247 | AE17: =DEGREES(ATAN(H17/(B17-Y17/1000))) -> 8.2092359 | AF17: =DEGREES((2*PI()/Inputs!$C$13)*Inputs!$C$15*SIN(RADIANS(AE17))) -> 51.403853 | AG17: =(Z17/AA17)^4 -> 0.95963859 | AH17: =10*LOG10(AG17) -> -0.17892295 | AI17: =AC17-F17 -> 0 | AJ17: =AD17-G17 -> 0 | AK17: =Y17-X17 -> 0 | AL17: =1000*(AA18-AA16)/(A18-A16)*Inputs!$C$11 -> -977.55612 | AM17: =-2*AL17/Inputs!$C$13 -> 391.02245 | AN17: =-2*AL17/Inputs!$C$14 -> 58.712079 | AO17: =ABS(AM17) -> 391.02245 | AP17: =ABS(AN17) -> 58.712079 | AQ17: =IF(OR(Inputs!$C$27=TRUE,Inputs!$C$27="TRUE",Inputs!$C$27=1),Inputs!$C$46/Inputs!$C$12,0) -> 0 | AR17: =AC17-AQ17 -> 2344.2968 | AS17: =AC17+AQ17 -> 2344.2968
A18: =Inputs!$C$7+16*(Inputs!$C$8-Inputs!$C$7)/240 -> -52 | B18: =Inputs!$C$5+Inputs!$C$9*(A18/Inputs!$C$10)^2 -> 403.00444 | C18: =B18 -> 403.00444 | D18: =SQRT(A18^2+Inputs!$C$6^2+B18^2) -> 407.11372 | E18: =(D18-C18)*1000 -> 4109.2771 | F18: =E18/Inputs!$C$12 -> 2308.5826 | G18: =2*E18/Inputs!$C$21*1000000 -> 27.414146 | H18: =SQRT(A18^2+Inputs!$C$6^2) -> 57.697487 | I18: =DEGREES(ATAN(H18/B18)) -> 8.1475766 | J18: =DEGREES((2*PI()/Inputs!$C$13)*Inputs!$C$15*SIN(RADIANS(I18))) -> 51.020376 | K18: =(C18/D18)^4 -> 0.96023246 | L18: =10*LOG10(K18) -> -0.17623618 | M18: =2*(Inputs!$C$9/(Inputs!$C$10^2))*A18 -> -0.11555556 | N18: =M18*Inputs!$C$11 -> -0.46222222 | O18: =1000*((A18*Inputs!$C$11)+(B18*N18))/D18 -> -968.47045 | P18: =-2*O18/Inputs!$C$13 -> 387.38818 | Q18: =-2*O18/Inputs!$C$14 -> 58.166394 | R18: =F18-Inputs!$C$16/2 -> 2293.5826 | S18: =F18+Inputs!$C$16/2 -> 2323.5826 | T18: =F18-Inputs!$C$17/2 -> 2158.5826 | U18: =F18+Inputs!$C$17/2 -> 2458.5826 | V18: =ABS(P18) -> 387.38818 | W18: =ABS(Q18) -> 58.166394 | X18: =IF(OR(Inputs!$C$27=TRUE,Inputs!$C$27="TRUE",Inputs!$C$27=1),1,0)*(Inputs!$C$51*(115*EXP(-(((0)-25)^2)/(4.5^2))+70*EXP(-(((0)+38)^2)/(7^2))*(0.55+0.45*SIN(2*PI()*(A18)/45))+24*SIN(2*PI()*(0)/9+(A18)/18)*EXP(-(((0)+5)^2)/(22^2))+18*SIN(2*PI()*(A18)/70))+Inputs!$C$28*EXP(-(((A18)-Inputs!$C$29)^2)/(2*Inputs!$C$31^2))*EXP(-(((0)-Inputs!$C$30)^2)/(2*Inputs!$C$32^2))+-Inputs!$C$33*EXP(-(((((A18)-Inputs!$C$34)^2)+(((0)-Inputs!$C$35)^2))/(2*Inputs!$C$36^2)))+Inputs!$C$37*(0.55*SIN(2*PI()*(A18)/Inputs!$C$39)+0.35*COS(2*PI()*(0)/Inputs!$C$40)+0.2*SIN(2*PI()*((A18)+(0))/(0.5*(Inputs!$C$39+Inputs!$C$40))))+Inputs!$C$38*SIN(2*PI()*(A18)/Inputs!$C$39)*SIN(2*PI()*(0)/Inputs!$C$40)+-Inputs!$C$41*EXP(-(((0)-Inputs!$C$43)^2)/(2*Inputs!$C$44^2))*EXP(-(((A18)-Inputs!$C$42)^2)/(2*Inputs!$C$45^2))+Inputs!$C$48*(0.7*(0.45*SIN(2*PI()*(((A18)/Inputs!$C$49)+Inputs!$C$47*0.137))+0.35*COS(2*PI()*(((0)/Inputs!$C$50)+Inputs!$C$47*0.173))+0.2*SIN(2*PI()*(((A18)+(0))/(0.5*(Inputs!$C$49+Inputs!$C$50))+Inputs!$C$47*0.097)))+0.3*(2*((SIN(((A18)*12.9898+(0)*78.233+Inputs!$C$47*37.719))*43758.5453)-INT((SIN(((A18)*12.9898+(0)*78.233+Inputs!$C$47*37.719))*43758.5453)))-1))) -> 0 | Y18: =IF(OR(Inputs!$C$27=TRUE,Inputs!$C$27="TRUE",Inputs!$C$27=1),1,0)*(Inputs!$C$51*(115*EXP(-(((Inputs!$C$6)-25)^2)/(4.5^2))+70*EXP(-(((Inputs!$C$6)+38)^2)/(7^2))*(0.55+0.45*SIN(2*PI()*(A18)/45))+24*SIN(2*PI()*(Inputs!$C$6)/9+(A18)/18)*EXP(-(((Inputs!$C$6)+5)^2)/(22^2))+18*SIN(2*PI()*(A18)/70))+Inputs!$C$28*EXP(-(((A18)-Inputs!$C$29)^2)/(2*Inputs!$C$31^2))*EXP(-(((Inputs!$C$6)-Inputs!$C$30)^2)/(2*Inputs!$C$32^2))+-Inputs!$C$33*EXP(-(((((A18)-Inputs!$C$34)^2)+(((Inputs!$C$6)-Inputs!$C$35)^2))/(2*Inputs!$C$36^2)))+Inputs!$C$37*(0.55*SIN(2*PI()*(A18)/Inputs!$C$39)+0.35*COS(2*PI()*(Inputs!$C$6)/Inputs!$C$40)+0.2*SIN(2*PI()*((A18)+(Inputs!$C$6))/(0.5*(Inputs!$C$39+Inputs!$C$40))))+Inputs!$C$38*SIN(2*PI()*(A18)/Inputs!$C$39)*SIN(2*PI()*(Inputs!$C$6)/Inputs!$C$40)+-Inputs!$C$41*EXP(-(((Inputs!$C$6)-Inputs!$C$43)^2)/(2*Inputs!$C$44^2))*EXP(-(((A18)-Inputs!$C$42)^2)/(2*Inputs!$C$45^2))+Inputs!$C$48*(0.7*(0.45*SIN(2*PI()*(((A18)/Inputs!$C$49)+Inputs!$C$47*0.137))+0.35*COS(2*PI()*(((Inputs!$C$6)/Inputs!$C$50)+Inputs!$C$47*0.173))+0.2*SIN(2*PI()*(((A18)+(Inputs!$C$6))/(0.5*(Inputs!$C$49+Inputs!$C$50))+Inputs!$C$47*0.097)))+0.3*(2*((SIN(((A18)*12.9898+(Inputs!$C$6)*78.233+Inputs!$C$47*37.719))*43758.5453)-INT((SIN(((A18)*12.9898+(Inputs!$C$6)*78.233+Inputs!$C$47*37.719))*43758.5453)))-1))) -> 0 | Z18: =B18-X18/1000 -> 403.00444 | AA18: =SQRT(A18^2+Inputs!$C$6^2+(B18-Y18/1000)^2) -> 407.11372 | AB18: =(AA18-Z18)*1000 -> 4109.2771 | AC18: =AB18/Inputs!$C$12 -> 2308.5826 | AD18: =2*AB18/Inputs!$C$21*1000000 -> 27.414146 | AE18: =DEGREES(ATAN(H18/(B18-Y18/1000))) -> 8.1475766 | AF18: =DEGREES((2*PI()/Inputs!$C$13)*Inputs!$C$15*SIN(RADIANS(AE18))) -> 51.020376 | AG18: =(Z18/AA18)^4 -> 0.96023246 | AH18: =10*LOG10(AG18) -> -0.17623618 | AI18: =AC18-F18 -> 0 | AJ18: =AD18-G18 -> 0 | AK18: =Y18-X18 -> 0 | AL18: =1000*(AA19-AA17)/(A19-A17)*Inputs!$C$11 -> -968.46942 | AM18: =-2*AL18/Inputs!$C$13 -> 387.38777 | AN18: =-2*AL18/Inputs!$C$14 -> 58.166331 | AO18: =ABS(AM18) -> 387.38777 | AP18: =ABS(AN18) -> 58.166331 | AQ18: =IF(OR(Inputs!$C$27=TRUE,Inputs!$C$27="TRUE",Inputs!$C$27=1),Inputs!$C$46/Inputs!$C$12,0) -> 0 | AR18: =AC18-AQ18 -> 2308.5826 | AS18: =AC18+AQ18 -> 2308.5826
A19: =Inputs!$C$7+17*(Inputs!$C$8-Inputs!$C$7)/240 -> -51.5 | B19: =Inputs!$C$5+Inputs!$C$9*(A19/Inputs!$C$10)^2 -> 402.94694 | C19: =B19 -> 402.94694 | D19: =SQRT(A19^2+Inputs!$C$6^2+B19^2) -> 406.99323 | E19: =(D19-C19)*1000 -> 4046.2865 | F19: =E19/Inputs!$C$12 -> 2273.1947 | G19: =2*E19/Inputs!$C$21*1000000 -> 26.993918 | H19: =SQRT(A19^2+Inputs!$C$6^2) -> 57.247271 | I19: =DEGREES(ATAN(H19/B19)) -> 8.0859829 | J19: =DEGREES((2*PI()/Inputs!$C$13)*Inputs!$C$15*SIN(RADIANS(I19))) -> 50.637249 | K19: =(C19/D19)^4 -> 0.96082152 | L19: =10*LOG10(K19) -> -0.17357277 | M19: =2*(Inputs!$C$9/(Inputs!$C$10^2))*A19 -> -0.11444444 | N19: =M19*Inputs!$C$11 -> -0.45777778 | O19: =1000*((A19*Inputs!$C$11)+(B19*N19))/D19 -> -959.37752 | P19: =-2*O19/Inputs!$C$13 -> 383.75101 | Q19: =-2*O19/Inputs!$C$14 -> 57.620272 | R19: =F19-Inputs!$C$16/2 -> 2258.1947 | S19: =F19+Inputs!$C$16/2 -> 2288.1947 | T19: =F19-Inputs!$C$17/2 -> 2123.1947 | U19: =F19+Inputs!$C$17/2 -> 2423.1947 | V19: =ABS(P19) -> 383.75101 | W19: =ABS(Q19) -> 57.620272 | X19: =IF(OR(Inputs!$C$27=TRUE,Inputs!$C$27="TRUE",Inputs!$C$27=1),1,0)*(Inputs!$C$51*(115*EXP(-(((0)-25)^2)/(4.5^2))+70*EXP(-(((0)+38)^2)/(7^2))*(0.55+0.45*SIN(2*PI()*(A19)/45))+24*SIN(2*PI()*(0)/9+(A19)/18)*EXP(-(((0)+5)^2)/(22^2))+18*SIN(2*PI()*(A19)/70))+Inputs!$C$28*EXP(-(((A19)-Inputs!$C$29)^2)/(2*Inputs!$C$31^2))*EXP(-(((0)-Inputs!$C$30)^2)/(2*Inputs!$C$32^2))+-Inputs!$C$33*EXP(-(((((A19)-Inputs!$C$34)^2)+(((0)-Inputs!$C$35)^2))/(2*Inputs!$C$36^2)))+Inputs!$C$37*(0.55*SIN(2*PI()*(A19)/Inputs!$C$39)+0.35*COS(2*PI()*(0)/Inputs!$C$40)+0.2*SIN(2*PI()*((A19)+(0))/(0.5*(Inputs!$C$39+Inputs!$C$40))))+Inputs!$C$38*SIN(2*PI()*(A19)/Inputs!$C$39)*SIN(2*PI()*(0)/Inputs!$C$40)+-Inputs!$C$41*EXP(-(((0)-Inputs!$C$43)^2)/(2*Inputs!$C$44^2))*EXP(-(((A19)-Inputs!$C$42)^2)/(2*Inputs!$C$45^2))+Inputs!$C$48*(0.7*(0.45*SIN(2*PI()*(((A19)/Inputs!$C$49)+Inputs!$C$47*0.137))+0.35*COS(2*PI()*(((0)/Inputs!$C$50)+Inputs!$C$47*0.173))+0.2*SIN(2*PI()*(((A19)+(0))/(0.5*(Inputs!$C$49+Inputs!$C$50))+Inputs!$C$47*0.097)))+0.3*(2*((SIN(((A19)*12.9898+(0)*78.233+Inputs!$C$47*37.719))*43758.5453)-INT((SIN(((A19)*12.9898+(0)*78.233+Inputs!$C$47*37.719))*43758.5453)))-1))) -> 0 | Y19: =IF(OR(Inputs!$C$27=TRUE,Inputs!$C$27="TRUE",Inputs!$C$27=1),1,0)*(Inputs!$C$51*(115*EXP(-(((Inputs!$C$6)-25)^2)/(4.5^2))+70*EXP(-(((Inputs!$C$6)+38)^2)/(7^2))*(0.55+0.45*SIN(2*PI()*(A19)/45))+24*SIN(2*PI()*(Inputs!$C$6)/9+(A19)/18)*EXP(-(((Inputs!$C$6)+5)^2)/(22^2))+18*SIN(2*PI()*(A19)/70))+Inputs!$C$28*EXP(-(((A19)-Inputs!$C$29)^2)/(2*Inputs!$C$31^2))*EXP(-(((Inputs!$C$6)-Inputs!$C$30)^2)/(2*Inputs!$C$32^2))+-Inputs!$C$33*EXP(-(((((A19)-Inputs!$C$34)^2)+(((Inputs!$C$6)-Inputs!$C$35)^2))/(2*Inputs!$C$36^2)))+Inputs!$C$37*(0.55*SIN(2*PI()*(A19)/Inputs!$C$39)+0.35*COS(2*PI()*(Inputs!$C$6)/Inputs!$C$40)+0.2*SIN(2*PI()*((A19)+(Inputs!$C$6))/(0.5*(Inputs!$C$39+Inputs!$C$40))))+Inputs!$C$38*SIN(2*PI()*(A19)/Inputs!$C$39)*SIN(2*PI()*(Inputs!$C$6)/Inputs!$C$40)+-Inputs!$C$41*EXP(-(((Inputs!$C$6)-Inputs!$C$43)^2)/(2*Inputs!$C$44^2))*EXP(-(((A19)-Inputs!$C$42)^2)/(2*Inputs!$C$45^2))+Inputs!$C$48*(0.7*(0.45*SIN(2*PI()*(((A19)/Inputs!$C$49)+Inputs!$C$47*0.137))+0.35*COS(2*PI()*(((Inputs!$C$6)/Inputs!$C$50)+Inputs!$C$47*0.173))+0.2*SIN(2*PI()*(((A19)+(Inputs!$C$6))/(0.5*(Inputs!$C$49+Inputs!$C$50))+Inputs!$C$47*0.097)))+0.3*(2*((SIN(((A19)*12.9898+(Inputs!$C$6)*78.233+Inputs!$C$47*37.719))*43758.5453)-INT((SIN(((A19)*12.9898+(Inputs!$C$6)*78.233+Inputs!$C$47*37.719))*43758.5453)))-1))) -> 0 | Z19: =B19-X19/1000 -> 402.94694 | AA19: =SQRT(A19^2+Inputs!$C$6^2+(B19-Y19/1000)^2) -> 406.99323 | AB19: =(AA19-Z19)*1000 -> 4046.2865 | AC19: =AB19/Inputs!$C$12 -> 2273.1947 | AD19: =2*AB19/Inputs!$C$21*1000000 -> 26.993918 | AE19: =DEGREES(ATAN(H19/(B19-Y19/1000))) -> 8.0859829 | AF19: =DEGREES((2*PI()/Inputs!$C$13)*Inputs!$C$15*SIN(RADIANS(AE19))) -> 50.637249 | AG19: =(Z19/AA19)^4 -> 0.96082152 | AH19: =10*LOG10(AG19) -> -0.17357277 | AI19: =AC19-F19 -> 0 | AJ19: =AD19-G19 -> 0 | AK19: =Y19-X19 -> 0 | AL19: =1000*(AA20-AA18)/(A20-A18)*Inputs!$C$11 -> -959.37649 | AM19: =-2*AL19/Inputs!$C$13 -> 383.7506 | AN19: =-2*AL19/Inputs!$C$14 -> 57.62021 | AO19: =ABS(AM19) -> 383.7506 | AP19: =ABS(AN19) -> 57.62021 | AQ19: =IF(OR(Inputs!$C$27=TRUE,Inputs!$C$27="TRUE",Inputs!$C$27=1),Inputs!$C$46/Inputs!$C$12,0) -> 0 | AR19: =AC19-AQ19 -> 2273.1947 | AS19: =AC19+AQ19 -> 2273.1947
A20: =Inputs!$C$7+18*(Inputs!$C$8-Inputs!$C$7)/240 -> -51 | B20: =Inputs!$C$5+Inputs!$C$9*(A20/Inputs!$C$10)^2 -> 402.89 | C20: =B20 -> 402.89 | D20: =SQRT(A20^2+Inputs!$C$6^2+B20^2) -> 406.87388 | E20: =(D20-C20)*1000 -> 3983.8774 | F20: =E20/Inputs!$C$12 -> 2238.1334 | G20: =2*E20/Inputs!$C$21*1000000 -> 26.577569 | H20: =SQRT(A20^2+Inputs!$C$6^2) -> 56.797887 | I20: =DEGREES(ATAN(H20/B20)) -> 8.024458 | J20: =DEGREES((2*PI()/Inputs!$C$13)*Inputs!$C$15*SIN(RADIANS(I20))) -> 50.254491 | K20: =(C20/D20)^4 -> 0.96140576 | L20: =10*LOG10(K20) -> -0.17093278 | M20: =2*(Inputs!$C$9/(Inputs!$C$10^2))*A20 -> -0.11333333 | N20: =M20*Inputs!$C$11 -> -0.45333333 | O20: =1000*((A20*Inputs!$C$11)+(B20*N20))/D20 -> -950.27842 | P20: =-2*O20/Inputs!$C$13 -> 380.11137 | Q20: =-2*O20/Inputs!$C$14 -> 57.073779 | R20: =F20-Inputs!$C$16/2 -> 2223.1334 | S20: =F20+Inputs!$C$16/2 -> 2253.1334 | T20: =F20-Inputs!$C$17/2 -> 2088.1334 | U20: =F20+Inputs!$C$17/2 -> 2388.1334 | V20: =ABS(P20) -> 380.11137 | W20: =ABS(Q20) -> 57.073779 | X20: =IF(OR(Inputs!$C$27=TRUE,Inputs!$C$27="TRUE",Inputs!$C$27=1),1,0)*(Inputs!$C$51*(115*EXP(-(((0)-25)^2)/(4.5^2))+70*EXP(-(((0)+38)^2)/(7^2))*(0.55+0.45*SIN(2*PI()*(A20)/45))+24*SIN(2*PI()*(0)/9+(A20)/18)*EXP(-(((0)+5)^2)/(22^2))+18*SIN(2*PI()*(A20)/70))+Inputs!$C$28*EXP(-(((A20)-Inputs!$C$29)^2)/(2*Inputs!$C$31^2))*EXP(-(((0)-Inputs!$C$30)^2)/(2*Inputs!$C$32^2))+-Inputs!$C$33*EXP(-(((((A20)-Inputs!$C$34)^2)+(((0)-Inputs!$C$35)^2))/(2*Inputs!$C$36^2)))+Inputs!$C$37*(0.55*SIN(2*PI()*(A20)/Inputs!$C$39)+0.35*COS(2*PI()*(0)/Inputs!$C$40)+0.2*SIN(2*PI()*((A20)+(0))/(0.5*(Inputs!$C$39+Inputs!$C$40))))+Inputs!$C$38*SIN(2*PI()*(A20)/Inputs!$C$39)*SIN(2*PI()*(0)/Inputs!$C$40)+-Inputs!$C$41*EXP(-(((0)-Inputs!$C$43)^2)/(2*Inputs!$C$44^2))*EXP(-(((A20)-Inputs!$C$42)^2)/(2*Inputs!$C$45^2))+Inputs!$C$48*(0.7*(0.45*SIN(2*PI()*(((A20)/Inputs!$C$49)+Inputs!$C$47*0.137))+0.35*COS(2*PI()*(((0)/Inputs!$C$50)+Inputs!$C$47*0.173))+0.2*SIN(2*PI()*(((A20)+(0))/(0.5*(Inputs!$C$49+Inputs!$C$50))+Inputs!$C$47*0.097)))+0.3*(2*((SIN(((A20)*12.9898+(0)*78.233+Inputs!$C$47*37.719))*43758.5453)-INT((SIN(((A20)*12.9898+(0)*78.233+Inputs!$C$47*37.719))*43758.5453)))-1))) -> 0 | Y20: =IF(OR(Inputs!$C$27=TRUE,Inputs!$C$27="TRUE",Inputs!$C$27=1),1,0)*(Inputs!$C$51*(115*EXP(-(((Inputs!$C$6)-25)^2)/(4.5^2))+70*EXP(-(((Inputs!$C$6)+38)^2)/(7^2))*(0.55+0.45*SIN(2*PI()*(A20)/45))+24*SIN(2*PI()*(Inputs!$C$6)/9+(A20)/18)*EXP(-(((Inputs!$C$6)+5)^2)/(22^2))+18*SIN(2*PI()*(A20)/70))+Inputs!$C$28*EXP(-(((A20)-Inputs!$C$29)^2)/(2*Inputs!$C$31^2))*EXP(-(((Inputs!$C$6)-Inputs!$C$30)^2)/(2*Inputs!$C$32^2))+-Inputs!$C$33*EXP(-(((((A20)-Inputs!$C$34)^2)+(((Inputs!$C$6)-Inputs!$C$35)^2))/(2*Inputs!$C$36^2)))+Inputs!$C$37*(0.55*SIN(2*PI()*(A20)/Inputs!$C$39)+0.35*COS(2*PI()*(Inputs!$C$6)/Inputs!$C$40)+0.2*SIN(2*PI()*((A20)+(Inputs!$C$6))/(0.5*(Inputs!$C$39+Inputs!$C$40))))+Inputs!$C$38*SIN(2*PI()*(A20)/Inputs!$C$39)*SIN(2*PI()*(Inputs!$C$6)/Inputs!$C$40)+-Inputs!$C$41*EXP(-(((Inputs!$C$6)-Inputs!$C$43)^2)/(2*Inputs!$C$44^2))*EXP(-(((A20)-Inputs!$C$42)^2)/(2*Inputs!$C$45^2))+Inputs!$C$48*(0.7*(0.45*SIN(2*PI()*(((A20)/Inputs!$C$49)+Inputs!$C$47*0.137))+0.35*COS(2*PI()*(((Inputs!$C$6)/Inputs!$C$50)+Inputs!$C$47*0.173))+0.2*SIN(2*PI()*(((A20)+(Inputs!$C$6))/(0.5*(Inputs!$C$49+Inputs!$C$50))+Inputs!$C$47*0.097)))+0.3*(2*((SIN(((A20)*12.9898+(Inputs!$C$6)*78.233+Inputs!$C$47*37.719))*43758.5453)-INT((SIN(((A20)*12.9898+(Inputs!$C$6)*78.233+Inputs!$C$47*37.719))*43758.5453)))-1))) -> 0 | Z20: =B20-X20/1000 -> 402.89 | AA20: =SQRT(A20^2+Inputs!$C$6^2+(B20-Y20/1000)^2) -> 406.87388 | AB20: =(AA20-Z20)*1000 -> 3983.8774 | AC20: =AB20/Inputs!$C$12 -> 2238.1334 | AD20: =2*AB20/Inputs!$C$21*1000000 -> 26.577569 | AE20: =DEGREES(ATAN(H20/(B20-Y20/1000))) -> 8.024458 | AF20: =DEGREES((2*PI()/Inputs!$C$13)*Inputs!$C$15*SIN(RADIANS(AE20))) -> 50.254491 | AG20: =(Z20/AA20)^4 -> 0.96140576 | AH20: =10*LOG10(AG20) -> -0.17093278 | AI20: =AC20-F20 -> 0 | AJ20: =AD20-G20 -> 0 | AK20: =Y20-X20 -> 0 | AL20: =1000*(AA21-AA19)/(A21-A19)*Inputs!$C$11 -> -950.2774 | AM20: =-2*AL20/Inputs!$C$13 -> 380.11096 | AN20: =-2*AL20/Inputs!$C$14 -> 57.073718 | AO20: =ABS(AM20) -> 380.11096 | AP20: =ABS(AN20) -> 57.073718 | AQ20: =IF(OR(Inputs!$C$27=TRUE,Inputs!$C$27="TRUE",Inputs!$C$27=1),Inputs!$C$46/Inputs!$C$12,0) -> 0 | AR20: =AC20-AQ20 -> 2238.1334 | AS20: =AC20+AQ20 -> 2238.1334
A21: =Inputs!$C$7+19*(Inputs!$C$8-Inputs!$C$7)/240 -> -50.5 | B21: =Inputs!$C$5+Inputs!$C$9*(A21/Inputs!$C$10)^2 -> 402.83361 | C21: =B21 -> 402.83361 | D21: =SQRT(A21^2+Inputs!$C$6^2+B21^2) -> 406.75566 | E21: =(D21-C21)*1000 -> 3922.0505 | F21: =E21/Inputs!$C$12 -> 2203.3991 | G21: =2*E21/Inputs!$C$21*1000000 -> 26.165104 | H21: =SQRT(A21^2+Inputs!$C$6^2) -> 56.349357 | I21: =DEGREES(ATAN(H21/B21)) -> 7.9630052 | J21: =DEGREES((2*PI()/Inputs!$C$13)*Inputs!$C$15*SIN(RADIANS(I21))) -> 49.872123 | K21: =(C21/D21)^4 -> 0.96198516 | L21: =10*LOG10(K21) -> -0.16831628 | M21: =2*(Inputs!$C$9/(Inputs!$C$10^2))*A21 -> -0.11222222 | N21: =M21*Inputs!$C$11 -> -0.44888889 | O21: =1000*((A21*Inputs!$C$11)+(B21*N21))/D21 -> -941.17321 | P21: =-2*O21/Inputs!$C$13 -> 376.46928 | Q21: =-2*O21/Inputs!$C$14 -> 56.52692 | R21: =F21-Inputs!$C$16/2 -> 2188.3991 | S21: =F21+Inputs!$C$16/2 -> 2218.3991 | T21: =F21-Inputs!$C$17/2 -> 2053.3991 | U21: =F21+Inputs!$C$17/2 -> 2353.3991 | V21: =ABS(P21) -> 376.46928 | W21: =ABS(Q21) -> 56.52692 | X21: =IF(OR(Inputs!$C$27=TRUE,Inputs!$C$27="TRUE",Inputs!$C$27=1),1,0)*(Inputs!$C$51*(115*EXP(-(((0)-25)^2)/(4.5^2))+70*EXP(-(((0)+38)^2)/(7^2))*(0.55+0.45*SIN(2*PI()*(A21)/45))+24*SIN(2*PI()*(0)/9+(A21)/18)*EXP(-(((0)+5)^2)/(22^2))+18*SIN(2*PI()*(A21)/70))+Inputs!$C$28*EXP(-(((A21)-Inputs!$C$29)^2)/(2*Inputs!$C$31^2))*EXP(-(((0)-Inputs!$C$30)^2)/(2*Inputs!$C$32^2))+-Inputs!$C$33*EXP(-(((((A21)-Inputs!$C$34)^2)+(((0)-Inputs!$C$35)^2))/(2*Inputs!$C$36^2)))+Inputs!$C$37*(0.55*SIN(2*PI()*(A21)/Inputs!$C$39)+0.35*COS(2*PI()*(0)/Inputs!$C$40)+0.2*SIN(2*PI()*((A21)+(0))/(0.5*(Inputs!$C$39+Inputs!$C$40))))+Inputs!$C$38*SIN(2*PI()*(A21)/Inputs!$C$39)*SIN(2*PI()*(0)/Inputs!$C$40)+-Inputs!$C$41*EXP(-(((0)-Inputs!$C$43)^2)/(2*Inputs!$C$44^2))*EXP(-(((A21)-Inputs!$C$42)^2)/(2*Inputs!$C$45^2))+Inputs!$C$48*(0.7*(0.45*SIN(2*PI()*(((A21)/Inputs!$C$49)+Inputs!$C$47*0.137))+0.35*COS(2*PI()*(((0)/Inputs!$C$50)+Inputs!$C$47*0.173))+0.2*SIN(2*PI()*(((A21)+(0))/(0.5*(Inputs!$C$49+Inputs!$C$50))+Inputs!$C$47*0.097)))+0.3*(2*((SIN(((A21)*12.9898+(0)*78.233+Inputs!$C$47*37.719))*43758.5453)-INT((SIN(((A21)*12.9898+(0)*78.233+Inputs!$C$47*37.719))*43758.5453)))-1))) -> 0 | Y21: =IF(OR(Inputs!$C$27=TRUE,Inputs!$C$27="TRUE",Inputs!$C$27=1),1,0)*(Inputs!$C$51*(115*EXP(-(((Inputs!$C$6)-25)^2)/(4.5^2))+70*EXP(-(((Inputs!$C$6)+38)^2)/(7^2))*(0.55+0.45*SIN(2*PI()*(A21)/45))+24*SIN(2*PI()*(Inputs!$C$6)/9+(A21)/18)*EXP(-(((Inputs!$C$6)+5)^2)/(22^2))+18*SIN(2*PI()*(A21)/70))+Inputs!$C$28*EXP(-(((A21)-Inputs!$C$29)^2)/(2*Inputs!$C$31^2))*EXP(-(((Inputs!$C$6)-Inputs!$C$30)^2)/(2*Inputs!$C$32^2))+-Inputs!$C$33*EXP(-(((((A21)-Inputs!$C$34)^2)+(((Inputs!$C$6)-Inputs!$C$35)^2))/(2*Inputs!$C$36^2)))+Inputs!$C$37*(0.55*SIN(2*PI()*(A21)/Inputs!$C$39)+0.35*COS(2*PI()*(Inputs!$C$6)/Inputs!$C$40)+0.2*SIN(2*PI()*((A21)+(Inputs!$C$6))/(0.5*(Inputs!$C$39+Inputs!$C$40))))+Inputs!$C$38*SIN(2*PI()*(A21)/Inputs!$C$39)*SIN(2*PI()*(Inputs!$C$6)/Inputs!$C$40)+-Inputs!$C$41*EXP(-(((Inputs!$C$6)-Inputs!$C$43)^2)/(2*Inputs!$C$44^2))*EXP(-(((A21)-Inputs!$C$42)^2)/(2*Inputs!$C$45^2))+Inputs!$C$48*(0.7*(0.45*SIN(2*PI()*(((A21)/Inputs!$C$49)+Inputs!$C$47*0.137))+0.35*COS(2*PI()*(((Inputs!$C$6)/Inputs!$C$50)+Inputs!$C$47*0.173))+0.2*SIN(2*PI()*(((A21)+(Inputs!$C$6))/(0.5*(Inputs!$C$49+Inputs!$C$50))+Inputs!$C$47*0.097)))+0.3*(2*((SIN(((A21)*12.9898+(Inputs!$C$6)*78.233+Inputs!$C$47*37.719))*43758.5453)-INT((SIN(((A21)*12.9898+(Inputs!$C$6)*78.233+Inputs!$C$47*37.719))*43758.5453)))-1))) -> 0 | Z21: =B21-X21/1000 -> 402.83361 | AA21: =SQRT(A21^2+Inputs!$C$6^2+(B21-Y21/1000)^2) -> 406.75566 | AB21: =(AA21-Z21)*1000 -> 3922.0505 | AC21: =AB21/Inputs!$C$12 -> 2203.3991 | AD21: =2*AB21/Inputs!$C$21*1000000 -> 26.165104 | AE21: =DEGREES(ATAN(H21/(B21-Y21/1000))) -> 7.9630052 | AF21: =DEGREES((2*PI()/Inputs!$C$13)*Inputs!$C$15*SIN(RADIANS(AE21))) -> 49.872123 | AG21: =(Z21/AA21)^4 -> 0.96198516 | AH21: =10*LOG10(AG21) -> -0.16831628 | AI21: =AC21-F21 -> 0 | AJ21: =AD21-G21 -> 0 | AK21: =Y21-X21 -> 0 | AL21: =1000*(AA22-AA20)/(A22-A20)*Inputs!$C$11 -> -941.1722 | AM21: =-2*AL21/Inputs!$C$13 -> 376.46888 | AN21: =-2*AL21/Inputs!$C$14 -> 56.526859 | AO21: =ABS(AM21) -> 376.46888 | AP21: =ABS(AN21) -> 56.526859 | AQ21: =IF(OR(Inputs!$C$27=TRUE,Inputs!$C$27="TRUE",Inputs!$C$27=1),Inputs!$C$46/Inputs!$C$12,0) -> 0 | AR21: =AC21-AQ21 -> 2203.3991 | AS21: =AC21+AQ21 -> 2203.3991
A22: =Inputs!$C$7+20*(Inputs!$C$8-Inputs!$C$7)/240 -> -50 | B22: =Inputs!$C$5+Inputs!$C$9*(A22/Inputs!$C$10)^2 -> 402.77778 | C22: =B22 -> 402.77778 | D22: =SQRT(A22^2+Inputs!$C$6^2+B22^2) -> 406.63858 | E22: =(D22-C22)*1000 -> 3860.8066 | F22: =E22/Inputs!$C$12 -> 2168.9924 | G22: =2*E22/Inputs!$C$21*1000000 -> 25.756529 | H22: =SQRT(A22^2+Inputs!$C$6^2) -> 55.901699 | I22: =DEGREES(ATAN(H22/B22)) -> 7.9016279 | J22: =DEGREES((2*PI()/Inputs!$C$13)*Inputs!$C$15*SIN(RADIANS(I22))) -> 49.490168 | K22: =(C22/D22)^4 -> 0.96255968 | L22: =10*LOG10(K22) -> -0.16572333 | M22: =2*(Inputs!$C$9/(Inputs!$C$10^2))*A22 -> -0.11111111 | N22: =M22*Inputs!$C$11 -> -0.44444444 | O22: =1000*((A22*Inputs!$C$11)+(B22*N22))/D22 -> -932.06193 | P22: =-2*O22/Inputs!$C$13 -> 372.82477 | Q22: =-2*O22/Inputs!$C$14 -> 55.979696 | R22: =F22-Inputs!$C$16/2 -> 2153.9924 | S22: =F22+Inputs!$C$16/2 -> 2183.9924 | T22: =F22-Inputs!$C$17/2 -> 2018.9924 | U22: =F22+Inputs!$C$17/2 -> 2318.9924 | V22: =ABS(P22) -> 372.82477 | W22: =ABS(Q22) -> 55.979696 | X22: =IF(OR(Inputs!$C$27=TRUE,Inputs!$C$27="TRUE",Inputs!$C$27=1),1,0)*(Inputs!$C$51*(115*EXP(-(((0)-25)^2)/(4.5^2))+70*EXP(-(((0)+38)^2)/(7^2))*(0.55+0.45*SIN(2*PI()*(A22)/45))+24*SIN(2*PI()*(0)/9+(A22)/18)*EXP(-(((0)+5)^2)/(22^2))+18*SIN(2*PI()*(A22)/70))+Inputs!$C$28*EXP(-(((A22)-Inputs!$C$29)^2)/(2*Inputs!$C$31^2))*EXP(-(((0)-Inputs!$C$30)^2)/(2*Inputs!$C$32^2))+-Inputs!$C$33*EXP(-(((((A22)-Inputs!$C$34)^2)+(((0)-Inputs!$C$35)^2))/(2*Inputs!$C$36^2)))+Inputs!$C$37*(0.55*SIN(2*PI()*(A22)/Inputs!$C$39)+0.35*COS(2*PI()*(0)/Inputs!$C$40)+0.2*SIN(2*PI()*((A22)+(0))/(0.5*(Inputs!$C$39+Inputs!$C$40))))+Inputs!$C$38*SIN(2*PI()*(A22)/Inputs!$C$39)*SIN(2*PI()*(0)/Inputs!$C$40)+-Inputs!$C$41*EXP(-(((0)-Inputs!$C$43)^2)/(2*Inputs!$C$44^2))*EXP(-(((A22)-Inputs!$C$42)^2)/(2*Inputs!$C$45^2))+Inputs!$C$48*(0.7*(0.45*SIN(2*PI()*(((A22)/Inputs!$C$49)+Inputs!$C$47*0.137))+0.35*COS(2*PI()*(((0)/Inputs!$C$50)+Inputs!$C$47*0.173))+0.2*SIN(2*PI()*(((A22)+(0))/(0.5*(Inputs!$C$49+Inputs!$C$50))+Inputs!$C$47*0.097)))+0.3*(2*((SIN(((A22)*12.9898+(0)*78.233+Inputs!$C$47*37.719))*43758.5453)-INT((SIN(((A22)*12.9898+(0)*78.233+Inputs!$C$47*37.719))*43758.5453)))-1))) -> 0 | Y22: =IF(OR(Inputs!$C$27=TRUE,Inputs!$C$27="TRUE",Inputs!$C$27=1),1,0)*(Inputs!$C$51*(115*EXP(-(((Inputs!$C$6)-25)^2)/(4.5^2))+70*EXP(-(((Inputs!$C$6)+38)^2)/(7^2))*(0.55+0.45*SIN(2*PI()*(A22)/45))+24*SIN(2*PI()*(Inputs!$C$6)/9+(A22)/18)*EXP(-(((Inputs!$C$6)+5)^2)/(22^2))+18*SIN(2*PI()*(A22)/70))+Inputs!$C$28*EXP(-(((A22)-Inputs!$C$29)^2)/(2*Inputs!$C$31^2))*EXP(-(((Inputs!$C$6)-Inputs!$C$30)^2)/(2*Inputs!$C$32^2))+-Inputs!$C$33*EXP(-(((((A22)-Inputs!$C$34)^2)+(((Inputs!$C$6)-Inputs!$C$35)^2))/(2*Inputs!$C$36^2)))+Inputs!$C$37*(0.55*SIN(2*PI()*(A22)/Inputs!$C$39)+0.35*COS(2*PI()*(Inputs!$C$6)/Inputs!$C$40)+0.2*SIN(2*PI()*((A22)+(Inputs!$C$6))/(0.5*(Inputs!$C$39+Inputs!$C$40))))+Inputs!$C$38*SIN(2*PI()*(A22)/Inputs!$C$39)*SIN(2*PI()*(Inputs!$C$6)/Inputs!$C$40)+-Inputs!$C$41*EXP(-(((Inputs!$C$6)-Inputs!$C$43)^2)/(2*Inputs!$C$44^2))*EXP(-(((A22)-Inputs!$C$42)^2)/(2*Inputs!$C$45^2))+Inputs!$C$48*(0.7*(0.45*SIN(2*PI()*(((A22)/Inputs!$C$49)+Inputs!$C$47*0.137))+0.35*COS(2*PI()*(((Inputs!$C$6)/Inputs!$C$50)+Inputs!$C$47*0.173))+0.2*SIN(2*PI()*(((A22)+(Inputs!$C$6))/(0.5*(Inputs!$C$49+Inputs!$C$50))+Inputs!$C$47*0.097)))+0.3*(2*((SIN(((A22)*12.9898+(Inputs!$C$6)*78.233+Inputs!$C$47*37.719))*43758.5453)-INT((SIN(((A22)*12.9898+(Inputs!$C$6)*78.233+Inputs!$C$47*37.719))*43758.5453)))-1))) -> 0 | Z22: =B22-X22/1000 -> 402.77778 | AA22: =SQRT(A22^2+Inputs!$C$6^2+(B22-Y22/1000)^2) -> 406.63858 | AB22: =(AA22-Z22)*1000 -> 3860.8066 | AC22: =AB22/Inputs!$C$12 -> 2168.9924 | AD22: =2*AB22/Inputs!$C$21*1000000 -> 25.756529 | AE22: =DEGREES(ATAN(H22/(B22-Y22/1000))) -> 7.9016279 | AF22: =DEGREES((2*PI()/Inputs!$C$13)*Inputs!$C$15*SIN(RADIANS(AE22))) -> 49.490168 | AG22: =(Z22/AA22)^4 -> 0.96255968 | AH22: =10*LOG10(AG22) -> -0.16572333 | AI22: =AC22-F22 -> 0 | AJ22: =AD22-G22 -> 0 | AK22: =Y22-X22 -> 0 | AL22: =1000*(AA23-AA21)/(A23-A21)*Inputs!$C$11 -> -932.06093 | AM22: =-2*AL22/Inputs!$C$13 -> 372.82437 | AN22: =-2*AL22/Inputs!$C$14 -> 55.979636 | AO22: =ABS(AM22) -> 372.82437 | AP22: =ABS(AN22) -> 55.979636 | AQ22: =IF(OR(Inputs!$C$27=TRUE,Inputs!$C$27="TRUE",Inputs!$C$27=1),Inputs!$C$46/Inputs!$C$12,0) -> 0 | AR22: =AC22-AQ22 -> 2168.9924 | AS22: =AC22+AQ22 -> 2168.9924
A23: =Inputs!$C$7+21*(Inputs!$C$8-Inputs!$C$7)/240 -> -49.5 | B23: =Inputs!$C$5+Inputs!$C$9*(A23/Inputs!$C$10)^2 -> 402.7225 | C23: =B23 -> 402.7225 | D23: =SQRT(A23^2+Inputs!$C$6^2+B23^2) -> 406.52265 | E23: =(D23-C23)*1000 -> 3800.1464 | F23: =E23/Inputs!$C$12 -> 2134.9137 | G23: =2*E23/Inputs!$C$21*1000000 -> 25.351848 | H23: =SQRT(A23^2+Inputs!$C$6^2) -> 55.454937 | I23: =DEGREES(ATAN(H23/B23)) -> 7.8403295 | J23: =DEGREES((2*PI()/Inputs!$C$13)*Inputs!$C$15*SIN(RADIANS(I23))) -> 49.108647 | K23: =(C23/D23)^4 -> 0.96312931 | L23: =10*LOG10(K23) -> -0.16315399 | M23: =2*(Inputs!$C$9/(Inputs!$C$10^2))*A23 -> -0.11 | N23: =M23*Inputs!$C$11 -> -0.44 | O23: =1000*((A23*Inputs!$C$11)+(B23*N23))/D23 -> -922.94465 | P23: =-2*O23/Inputs!$C$13 -> 369.17786 | Q23: =-2*O23/Inputs!$C$14 -> 55.432111 | R23: =F23-Inputs!$C$16/2 -> 2119.9137 | S23: =F23+Inputs!$C$16/2 -> 2149.9137 | T23: =F23-Inputs!$C$17/2 -> 1984.9137 | U23: =F23+Inputs!$C$17/2 -> 2284.9137 | V23: =ABS(P23) -> 369.17786 | W23: =ABS(Q23) -> 55.432111 | X23: =IF(OR(Inputs!$C$27=TRUE,Inputs!$C$27="TRUE",Inputs!$C$27=1),1,0)*(Inputs!$C$51*(115*EXP(-(((0)-25)^2)/(4.5^2))+70*EXP(-(((0)+38)^2)/(7^2))*(0.55+0.45*SIN(2*PI()*(A23)/45))+24*SIN(2*PI()*(0)/9+(A23)/18)*EXP(-(((0)+5)^2)/(22^2))+18*SIN(2*PI()*(A23)/70))+Inputs!$C$28*EXP(-(((A23)-Inputs!$C$29)^2)/(2*Inputs!$C$31^2))*EXP(-(((0)-Inputs!$C$30)^2)/(2*Inputs!$C$32^2))+-Inputs!$C$33*EXP(-(((((A23)-Inputs!$C$34)^2)+(((0)-Inputs!$C$35)^2))/(2*Inputs!$C$36^2)))+Inputs!$C$37*(0.55*SIN(2*PI()*(A23)/Inputs!$C$39)+0.35*COS(2*PI()*(0)/Inputs!$C$40)+0.2*SIN(2*PI()*((A23)+(0))/(0.5*(Inputs!$C$39+Inputs!$C$40))))+Inputs!$C$38*SIN(2*PI()*(A23)/Inputs!$C$39)*SIN(2*PI()*(0)/Inputs!$C$40)+-Inputs!$C$41*EXP(-(((0)-Inputs!$C$43)^2)/(2*Inputs!$C$44^2))*EXP(-(((A23)-Inputs!$C$42)^2)/(2*Inputs!$C$45^2))+Inputs!$C$48*(0.7*(0.45*SIN(2*PI()*(((A23)/Inputs!$C$49)+Inputs!$C$47*0.137))+0.35*COS(2*PI()*(((0)/Inputs!$C$50)+Inputs!$C$47*0.173))+0.2*SIN(2*PI()*(((A23)+(0))/(0.5*(Inputs!$C$49+Inputs!$C$50))+Inputs!$C$47*0.097)))+0.3*(2*((SIN(((A23)*12.9898+(0)*78.233+Inputs!$C$47*37.719))*43758.5453)-INT((SIN(((A23)*12.9898+(0)*78.233+Inputs!$C$47*37.719))*43758.5453)))-1))) -> 0 | Y23: =IF(OR(Inputs!$C$27=TRUE,Inputs!$C$27="TRUE",Inputs!$C$27=1),1,0)*(Inputs!$C$51*(115*EXP(-(((Inputs!$C$6)-25)^2)/(4.5^2))+70*EXP(-(((Inputs!$C$6)+38)^2)/(7^2))*(0.55+0.45*SIN(2*PI()*(A23)/45))+24*SIN(2*PI()*(Inputs!$C$6)/9+(A23)/18)*EXP(-(((Inputs!$C$6)+5)^2)/(22^2))+18*SIN(2*PI()*(A23)/70))+Inputs!$C$28*EXP(-(((A23)-Inputs!$C$29)^2)/(2*Inputs!$C$31^2))*EXP(-(((Inputs!$C$6)-Inputs!$C$30)^2)/(2*Inputs!$C$32^2))+-Inputs!$C$33*EXP(-(((((A23)-Inputs!$C$34)^2)+(((Inputs!$C$6)-Inputs!$C$35)^2))/(2*Inputs!$C$36^2)))+Inputs!$C$37*(0.55*SIN(2*PI()*(A23)/Inputs!$C$39)+0.35*COS(2*PI()*(Inputs!$C$6)/Inputs!$C$40)+0.2*SIN(2*PI()*((A23)+(Inputs!$C$6))/(0.5*(Inputs!$C$39+Inputs!$C$40))))+Inputs!$C$38*SIN(2*PI()*(A23)/Inputs!$C$39)*SIN(2*PI()*(Inputs!$C$6)/Inputs!$C$40)+-Inputs!$C$41*EXP(-(((Inputs!$C$6)-Inputs!$C$43)^2)/(2*Inputs!$C$44^2))*EXP(-(((A23)-Inputs!$C$42)^2)/(2*Inputs!$C$45^2))+Inputs!$C$48*(0.7*(0.45*SIN(2*PI()*(((A23)/Inputs!$C$49)+Inputs!$C$47*0.137))+0.35*COS(2*PI()*(((Inputs!$C$6)/Inputs!$C$50)+Inputs!$C$47*0.173))+0.2*SIN(2*PI()*(((A23)+(Inputs!$C$6))/(0.5*(Inputs!$C$49+Inputs!$C$50))+Inputs!$C$47*0.097)))+0.3*(2*((SIN(((A23)*12.9898+(Inputs!$C$6)*78.233+Inputs!$C$47*37.719))*43758.5453)-INT((SIN(((A23)*12.9898+(Inputs!$C$6)*78.233+Inputs!$C$47*37.719))*43758.5453)))-1))) -> 0 | Z23: =B23-X23/1000 -> 402.7225 | AA23: =SQRT(A23^2+Inputs!$C$6^2+(B23-Y23/1000)^2) -> 406.52265 | AB23: =(AA23-Z23)*1000 -> 3800.1464 | AC23: =AB23/Inputs!$C$12 -> 2134.9137 | AD23: =2*AB23/Inputs!$C$21*1000000 -> 25.351848 | AE23: =DEGREES(ATAN(H23/(B23-Y23/1000))) -> 7.8403295 | AF23: =DEGREES((2*PI()/Inputs!$C$13)*Inputs!$C$15*SIN(RADIANS(AE23))) -> 49.108647 | AG23: =(Z23/AA23)^4 -> 0.96312931 | AH23: =10*LOG10(AG23) -> -0.16315399 | AI23: =AC23-F23 -> 0 | AJ23: =AD23-G23 -> 0 | AK23: =Y23-X23 -> 0 | AL23: =1000*(AA24-AA22)/(A24-A22)*Inputs!$C$11 -> -922.94365 | AM23: =-2*AL23/Inputs!$C$13 -> 369.17746 | AN23: =-2*AL23/Inputs!$C$14 -> 55.432051 | AO23: =ABS(AM23) -> 369.17746 | AP23: =ABS(AN23) -> 55.432051 | AQ23: =IF(OR(Inputs!$C$27=TRUE,Inputs!$C$27="TRUE",Inputs!$C$27=1),Inputs!$C$46/Inputs!$C$12,0) -> 0 | AR23: =AC23-AQ23 -> 2134.9137 | AS23: =AC23+AQ23 -> 2134.9137
A24: =Inputs!$C$7+22*(Inputs!$C$8-Inputs!$C$7)/240 -> -49 | B24: =Inputs!$C$5+Inputs!$C$9*(A24/Inputs!$C$10)^2 -> 402.66778 | C24: =B24 -> 402.66778 | D24: =SQRT(A24^2+Inputs!$C$6^2+B24^2) -> 406.40785 | E24: =(D24-C24)*1000 -> 3740.0706 | F24: =E24/Inputs!$C$12 -> 2101.1633 | G24: =2*E24/Inputs!$C$21*1000000 -> 24.951066 | H24: =SQRT(A24^2+Inputs!$C$6^2) -> 55.00909 | I24: =DEGREES(ATAN(H24/B24)) -> 7.7791136 | J24: =DEGREES((2*PI()/Inputs!$C$13)*Inputs!$C$15*SIN(RADIANS(I24))) -> 48.727584 | K24: =(C24/D24)^4 -> 0.96369403 | L24: =10*LOG10(K24) -> -0.16060833 | M24: =2*(Inputs!$C$9/(Inputs!$C$10^2))*A24 -> -0.10888889 | N24: =M24*Inputs!$C$11 -> -0.43555556 | O24: =1000*((A24*Inputs!$C$11)+(B24*N24))/D24 -> -913.8214 | P24: =-2*O24/Inputs!$C$13 -> 365.52856 | Q24: =-2*O24/Inputs!$C$14 -> 54.884168 | R24: =F24-Inputs!$C$16/2 -> 2086.1633 | S24: =F24+Inputs!$C$16/2 -> 2116.1633 | T24: =F24-Inputs!$C$17/2 -> 1951.1633 | U24: =F24+Inputs!$C$17/2 -> 2251.1633 | V24: =ABS(P24) -> 365.52856 | W24: =ABS(Q24) -> 54.884168 | X24: =IF(OR(Inputs!$C$27=TRUE,Inputs!$C$27="TRUE",Inputs!$C$27=1),1,0)*(Inputs!$C$51*(115*EXP(-(((0)-25)^2)/(4.5^2))+70*EXP(-(((0)+38)^2)/(7^2))*(0.55+0.45*SIN(2*PI()*(A24)/45))+24*SIN(2*PI()*(0)/9+(A24)/18)*EXP(-(((0)+5)^2)/(22^2))+18*SIN(2*PI()*(A24)/70))+Inputs!$C$28*EXP(-(((A24)-Inputs!$C$29)^2)/(2*Inputs!$C$31^2))*EXP(-(((0)-Inputs!$C$30)^2)/(2*Inputs!$C$32^2))+-Inputs!$C$33*EXP(-(((((A24)-Inputs!$C$34)^2)+(((0)-Inputs!$C$35)^2))/(2*Inputs!$C$36^2)))+Inputs!$C$37*(0.55*SIN(2*PI()*(A24)/Inputs!$C$39)+0.35*COS(2*PI()*(0)/Inputs!$C$40)+0.2*SIN(2*PI()*((A24)+(0))/(0.5*(Inputs!$C$39+Inputs!$C$40))))+Inputs!$C$38*SIN(2*PI()*(A24)/Inputs!$C$39)*SIN(2*PI()*(0)/Inputs!$C$40)+-Inputs!$C$41*EXP(-(((0)-Inputs!$C$43)^2)/(2*Inputs!$C$44^2))*EXP(-(((A24)-Inputs!$C$42)^2)/(2*Inputs!$C$45^2))+Inputs!$C$48*(0.7*(0.45*SIN(2*PI()*(((A24)/Inputs!$C$49)+Inputs!$C$47*0.137))+0.35*COS(2*PI()*(((0)/Inputs!$C$50)+Inputs!$C$47*0.173))+0.2*SIN(2*PI()*(((A24)+(0))/(0.5*(Inputs!$C$49+Inputs!$C$50))+Inputs!$C$47*0.097)))+0.3*(2*((SIN(((A24)*12.9898+(0)*78.233+Inputs!$C$47*37.719))*43758.5453)-INT((SIN(((A24)*12.9898+(0)*78.233+Inputs!$C$47*37.719))*43758.5453)))-1))) -> 0 | Y24: =IF(OR(Inputs!$C$27=TRUE,Inputs!$C$27="TRUE",Inputs!$C$27=1),1,0)*(Inputs!$C$51*(115*EXP(-(((Inputs!$C$6)-25)^2)/(4.5^2))+70*EXP(-(((Inputs!$C$6)+38)^2)/(7^2))*(0.55+0.45*SIN(2*PI()*(A24)/45))+24*SIN(2*PI()*(Inputs!$C$6)/9+(A24)/18)*EXP(-(((Inputs!$C$6)+5)^2)/(22^2))+18*SIN(2*PI()*(A24)/70))+Inputs!$C$28*EXP(-(((A24)-Inputs!$C$29)^2)/(2*Inputs!$C$31^2))*EXP(-(((Inputs!$C$6)-Inputs!$C$30)^2)/(2*Inputs!$C$32^2))+-Inputs!$C$33*EXP(-(((((A24)-Inputs!$C$34)^2)+(((Inputs!$C$6)-Inputs!$C$35)^2))/(2*Inputs!$C$36^2)))+Inputs!$C$37*(0.55*SIN(2*PI()*(A24)/Inputs!$C$39)+0.35*COS(2*PI()*(Inputs!$C$6)/Inputs!$C$40)+0.2*SIN(2*PI()*((A24)+(Inputs!$C$6))/(0.5*(Inputs!$C$39+Inputs!$C$40))))+Inputs!$C$38*SIN(2*PI()*(A24)/Inputs!$C$39)*SIN(2*PI()*(Inputs!$C$6)/Inputs!$C$40)+-Inputs!$C$41*EXP(-(((Inputs!$C$6)-Inputs!$C$43)^2)/(2*Inputs!$C$44^2))*EXP(-(((A24)-Inputs!$C$42)^2)/(2*Inputs!$C$45^2))+Inputs!$C$48*(0.7*(0.45*SIN(2*PI()*(((A24)/Inputs!$C$49)+Inputs!$C$47*0.137))+0.35*COS(2*PI()*(((Inputs!$C$6)/Inputs!$C$50)+Inputs!$C$47*0.173))+0.2*SIN(2*PI()*(((A24)+(Inputs!$C$6))/(0.5*(Inputs!$C$49+Inputs!$C$50))+Inputs!$C$47*0.097)))+0.3*(2*((SIN(((A24)*12.9898+(Inputs!$C$6)*78.233+Inputs!$C$47*37.719))*43758.5453)-INT((SIN(((A24)*12.9898+(Inputs!$C$6)*78.233+Inputs!$C$47*37.719))*43758.5453)))-1))) -> 0 | Z24: =B24-X24/1000 -> 402.66778 | AA24: =SQRT(A24^2+Inputs!$C$6^2+(B24-Y24/1000)^2) -> 406.40785 | AB24: =(AA24-Z24)*1000 -> 3740.0706 | AC24: =AB24/Inputs!$C$12 -> 2101.1633 | AD24: =2*AB24/Inputs!$C$21*1000000 -> 24.951066 | AE24: =DEGREES(ATAN(H24/(B24-Y24/1000))) -> 7.7791136 | AF24: =DEGREES((2*PI()/Inputs!$C$13)*Inputs!$C$15*SIN(RADIANS(AE24))) -> 48.727584 | AG24: =(Z24/AA24)^4 -> 0.96369403 | AH24: =10*LOG10(AG24) -> -0.16060833 | AI24: =AC24-F24 -> 0 | AJ24: =AD24-G24 -> 0 | AK24: =Y24-X24 -> 0 | AL24: =1000*(AA25-AA23)/(A25-A23)*Inputs!$C$11 -> -913.82041 | AM24: =-2*AL24/Inputs!$C$13 -> 365.52816 | AN24: =-2*AL24/Inputs!$C$14 -> 54.884109 | AO24: =ABS(AM24) -> 365.52816 | AP24: =ABS(AN24) -> 54.884109 | AQ24: =IF(OR(Inputs!$C$27=TRUE,Inputs!$C$27="TRUE",Inputs!$C$27=1),Inputs!$C$46/Inputs!$C$12,0) -> 0 | AR24: =AC24-AQ24 -> 2101.1633 | AS24: =AC24+AQ24 -> 2101.1633
A25: =Inputs!$C$7+23*(Inputs!$C$8-Inputs!$C$7)/240 -> -48.5 | B25: =Inputs!$C$5+Inputs!$C$9*(A25/Inputs!$C$10)^2 -> 402.61361 | C25: =B25 -> 402.61361 | D25: =SQRT(A25^2+Inputs!$C$6^2+B25^2) -> 406.29419 | E25: =(D25-C25)*1000 -> 3680.5801 | F25: =E25/Inputs!$C$12 -> 2067.7417 | G25: =2*E25/Inputs!$C$21*1000000 -> 24.554188 | H25: =SQRT(A25^2+Inputs!$C$6^2) -> 54.564182 | I25: =DEGREES(ATAN(H25/B25)) -> 7.7179838 | J25: =DEGREES((2*PI()/Inputs!$C$13)*Inputs!$C$15*SIN(RADIANS(I25))) -> 48.347001 | K25: =(C25/D25)^4 -> 0.9642538 | L25: =10*LOG10(K25) -> -0.15808641 | M25: =2*(Inputs!$C$9/(Inputs!$C$10^2))*A25 -> -0.10777778 | N25: =M25*Inputs!$C$11 -> -0.43111111 | O25: =1000*((A25*Inputs!$C$11)+(B25*N25))/D25 -> -904.69224 | P25: =-2*O25/Inputs!$C$13 -> 361.8769 | Q25: =-2*O25/Inputs!$C$14 -> 54.33587 | R25: =F25-Inputs!$C$16/2 -> 2052.7417 | S25: =F25+Inputs!$C$16/2 -> 2082.7417 | T25: =F25-Inputs!$C$17/2 -> 1917.7417 | U25: =F25+Inputs!$C$17/2 -> 2217.7417 | V25: =ABS(P25) -> 361.8769 | W25: =ABS(Q25) -> 54.33587 | X25: =IF(OR(Inputs!$C$27=TRUE,Inputs!$C$27="TRUE",Inputs!$C$27=1),1,0)*(Inputs!$C$51*(115*EXP(-(((0)-25)^2)/(4.5^2))+70*EXP(-(((0)+38)^2)/(7^2))*(0.55+0.45*SIN(2*PI()*(A25)/45))+24*SIN(2*PI()*(0)/9+(A25)/18)*EXP(-(((0)+5)^2)/(22^2))+18*SIN(2*PI()*(A25)/70))+Inputs!$C$28*EXP(-(((A25)-Inputs!$C$29)^2)/(2*Inputs!$C$31^2))*EXP(-(((0)-Inputs!$C$30)^2)/(2*Inputs!$C$32^2))+-Inputs!$C$33*EXP(-(((((A25)-Inputs!$C$34)^2)+(((0)-Inputs!$C$35)^2))/(2*Inputs!$C$36^2)))+Inputs!$C$37*(0.55*SIN(2*PI()*(A25)/Inputs!$C$39)+0.35*COS(2*PI()*(0)/Inputs!$C$40)+0.2*SIN(2*PI()*((A25)+(0))/(0.5*(Inputs!$C$39+Inputs!$C$40))))+Inputs!$C$38*SIN(2*PI()*(A25)/Inputs!$C$39)*SIN(2*PI()*(0)/Inputs!$C$40)+-Inputs!$C$41*EXP(-(((0)-Inputs!$C$43)^2)/(2*Inputs!$C$44^2))*EXP(-(((A25)-Inputs!$C$42)^2)/(2*Inputs!$C$45^2))+Inputs!$C$48*(0.7*(0.45*SIN(2*PI()*(((A25)/Inputs!$C$49)+Inputs!$C$47*0.137))+0.35*COS(2*PI()*(((0)/Inputs!$C$50)+Inputs!$C$47*0.173))+0.2*SIN(2*PI()*(((A25)+(0))/(0.5*(Inputs!$C$49+Inputs!$C$50))+Inputs!$C$47*0.097)))+0.3*(2*((SIN(((A25)*12.9898+(0)*78.233+Inputs!$C$47*37.719))*43758.5453)-INT((SIN(((A25)*12.9898+(0)*78.233+Inputs!$C$47*37.719))*43758.5453)))-1))) -> 0 | Y25: =IF(OR(Inputs!$C$27=TRUE,Inputs!$C$27="TRUE",Inputs!$C$27=1),1,0)*(Inputs!$C$51*(115*EXP(-(((Inputs!$C$6)-25)^2)/(4.5^2))+70*EXP(-(((Inputs!$C$6)+38)^2)/(7^2))*(0.55+0.45*SIN(2*PI()*(A25)/45))+24*SIN(2*PI()*(Inputs!$C$6)/9+(A25)/18)*EXP(-(((Inputs!$C$6)+5)^2)/(22^2))+18*SIN(2*PI()*(A25)/70))+Inputs!$C$28*EXP(-(((A25)-Inputs!$C$29)^2)/(2*Inputs!$C$31^2))*EXP(-(((Inputs!$C$6)-Inputs!$C$30)^2)/(2*Inputs!$C$32^2))+-Inputs!$C$33*EXP(-(((((A25)-Inputs!$C$34)^2)+(((Inputs!$C$6)-Inputs!$C$35)^2))/(2*Inputs!$C$36^2)))+Inputs!$C$37*(0.55*SIN(2*PI()*(A25)/Inputs!$C$39)+0.35*COS(2*PI()*(Inputs!$C$6)/Inputs!$C$40)+0.2*SIN(2*PI()*((A25)+(Inputs!$C$6))/(0.5*(Inputs!$C$39+Inputs!$C$40))))+Inputs!$C$38*SIN(2*PI()*(A25)/Inputs!$C$39)*SIN(2*PI()*(Inputs!$C$6)/Inputs!$C$40)+-Inputs!$C$41*EXP(-(((Inputs!$C$6)-Inputs!$C$43)^2)/(2*Inputs!$C$44^2))*EXP(-(((A25)-Inputs!$C$42)^2)/(2*Inputs!$C$45^2))+Inputs!$C$48*(0.7*(0.45*SIN(2*PI()*(((A25)/Inputs!$C$49)+Inputs!$C$47*0.137))+0.35*COS(2*PI()*(((Inputs!$C$6)/Inputs!$C$50)+Inputs!$C$47*0.173))+0.2*SIN(2*PI()*(((A25)+(Inputs!$C$6))/(0.5*(Inputs!$C$49+Inputs!$C$50))+Inputs!$C$47*0.097)))+0.3*(2*((SIN(((A25)*12.9898+(Inputs!$C$6)*78.233+Inputs!$C$47*37.719))*43758.5453)-INT((SIN(((A25)*12.9898+(Inputs!$C$6)*78.233+Inputs!$C$47*37.719))*43758.5453)))-1))) -> 0 | Z25: =B25-X25/1000 -> 402.61361 | AA25: =SQRT(A25^2+Inputs!$C$6^2+(B25-Y25/1000)^2) -> 406.29419 | AB25: =(AA25-Z25)*1000 -> 3680.5801 | AC25: =AB25/Inputs!$C$12 -> 2067.7417 | AD25: =2*AB25/Inputs!$C$21*1000000 -> 24.554188 | AE25: =DEGREES(ATAN(H25/(B25-Y25/1000))) -> 7.7179838 | AF25: =DEGREES((2*PI()/Inputs!$C$13)*Inputs!$C$15*SIN(RADIANS(AE25))) -> 48.347001 | AG25: =(Z25/AA25)^4 -> 0.9642538 | AH25: =10*LOG10(AG25) -> -0.15808641 | AI25: =AC25-F25 -> 0 | AJ25: =AD25-G25 -> 0 | AK25: =Y25-X25 -> 0 | AL25: =1000*(AA26-AA24)/(A26-A24)*Inputs!$C$11 -> -904.69126 | AM25: =-2*AL25/Inputs!$C$13 -> 361.8765 | AN25: =-2*AL25/Inputs!$C$14 -> 54.335812 | AO25: =ABS(AM25) -> 361.8765 | AP25: =ABS(AN25) -> 54.335812 | AQ25: =IF(OR(Inputs!$C$27=TRUE,Inputs!$C$27="TRUE",Inputs!$C$27=1),Inputs!$C$46/Inputs!$C$12,0) -> 0 | AR25: =AC25-AQ25 -> 2067.7417 | AS25: =AC25+AQ25 -> 2067.7417
A26: =Inputs!$C$7+24*(Inputs!$C$8-Inputs!$C$7)/240 -> -48 | B26: =Inputs!$C$5+Inputs!$C$9*(A26/Inputs!$C$10)^2 -> 402.56 | C26: =B26 -> 402.56 | D26: =SQRT(A26^2+Inputs!$C$6^2+B26^2) -> 406.18168 | E26: =(D26-C26)*1000 -> 3621.6756 | F26: =E26/Inputs!$C$12 -> 2034.6492 | G26: =2*E26/Inputs!$C$21*1000000 -> 24.161219 | H26: =SQRT(A26^2+Inputs!$C$6^2) -> 54.120237 | I26: =DEGREES(ATAN(H26/B26)) -> 7.6569439 | J26: =DEGREES((2*PI()/Inputs!$C$13)*Inputs!$C$15*SIN(RADIANS(I26))) -> 47.966923 | K26: =(C26/D26)^4 -> 0.96480861 | L26: =10*LOG10(K26) -> -0.1555883 | M26: =2*(Inputs!$C$9/(Inputs!$C$10^2))*A26 -> -0.10666667 | N26: =M26*Inputs!$C$11 -> -0.42666667 | O26: =1000*((A26*Inputs!$C$11)+(B26*N26))/D26 -> -895.55722 | P26: =-2*O26/Inputs!$C$13 -> 358.22289 | Q26: =-2*O26/Inputs!$C$14 -> 53.787221 | R26: =F26-Inputs!$C$16/2 -> 2019.6492 | S26: =F26+Inputs!$C$16/2 -> 2049.6492 | T26: =F26-Inputs!$C$17/2 -> 1884.6492 | U26: =F26+Inputs!$C$17/2 -> 2184.6492 | V26: =ABS(P26) -> 358.22289 | W26: =ABS(Q26) -> 53.787221 | X26: =IF(OR(Inputs!$C$27=TRUE,Inputs!$C$27="TRUE",Inputs!$C$27=1),1,0)*(Inputs!$C$51*(115*EXP(-(((0)-25)^2)/(4.5^2))+70*EXP(-(((0)+38)^2)/(7^2))*(0.55+0.45*SIN(2*PI()*(A26)/45))+24*SIN(2*PI()*(0)/9+(A26)/18)*EXP(-(((0)+5)^2)/(22^2))+18*SIN(2*PI()*(A26)/70))+Inputs!$C$28*EXP(-(((A26)-Inputs!$C$29)^2)/(2*Inputs!$C$31^2))*EXP(-(((0)-Inputs!$C$30)^2)/(2*Inputs!$C$32^2))+-Inputs!$C$33*EXP(-(((((A26)-Inputs!$C$34)^2)+(((0)-Inputs!$C$35)^2))/(2*Inputs!$C$36^2)))+Inputs!$C$37*(0.55*SIN(2*PI()*(A26)/Inputs!$C$39)+0.35*COS(2*PI()*(0)/Inputs!$C$40)+0.2*SIN(2*PI()*((A26)+(0))/(0.5*(Inputs!$C$39+Inputs!$C$40))))+Inputs!$C$38*SIN(2*PI()*(A26)/Inputs!$C$39)*SIN(2*PI()*(0)/Inputs!$C$40)+-Inputs!$C$41*EXP(-(((0)-Inputs!$C$43)^2)/(2*Inputs!$C$44^2))*EXP(-(((A26)-Inputs!$C$42)^2)/(2*Inputs!$C$45^2))+Inputs!$C$48*(0.7*(0.45*SIN(2*PI()*(((A26)/Inputs!$C$49)+Inputs!$C$47*0.137))+0.35*COS(2*PI()*(((0)/Inputs!$C$50)+Inputs!$C$47*0.173))+0.2*SIN(2*PI()*(((A26)+(0))/(0.5*(Inputs!$C$49+Inputs!$C$50))+Inputs!$C$47*0.097)))+0.3*(2*((SIN(((A26)*12.9898+(0)*78.233+Inputs!$C$47*37.719))*43758.5453)-INT((SIN(((A26)*12.9898+(0)*78.233+Inputs!$C$47*37.719))*43758.5453)))-1))) -> 0 | Y26: =IF(OR(Inputs!$C$27=TRUE,Inputs!$C$27="TRUE",Inputs!$C$27=1),1,0)*(Inputs!$C$51*(115*EXP(-(((Inputs!$C$6)-25)^2)/(4.5^2))+70*EXP(-(((Inputs!$C$6)+38)^2)/(7^2))*(0.55+0.45*SIN(2*PI()*(A26)/45))+24*SIN(2*PI()*(Inputs!$C$6)/9+(A26)/18)*EXP(-(((Inputs!$C$6)+5)^2)/(22^2))+18*SIN(2*PI()*(A26)/70))+Inputs!$C$28*EXP(-(((A26)-Inputs!$C$29)^2)/(2*Inputs!$C$31^2))*EXP(-(((Inputs!$C$6)-Inputs!$C$30)^2)/(2*Inputs!$C$32^2))+-Inputs!$C$33*EXP(-(((((A26)-Inputs!$C$34)^2)+(((Inputs!$C$6)-Inputs!$C$35)^2))/(2*Inputs!$C$36^2)))+Inputs!$C$37*(0.55*SIN(2*PI()*(A26)/Inputs!$C$39)+0.35*COS(2*PI()*(Inputs!$C$6)/Inputs!$C$40)+0.2*SIN(2*PI()*((A26)+(Inputs!$C$6))/(0.5*(Inputs!$C$39+Inputs!$C$40))))+Inputs!$C$38*SIN(2*PI()*(A26)/Inputs!$C$39)*SIN(2*PI()*(Inputs!$C$6)/Inputs!$C$40)+-Inputs!$C$41*EXP(-(((Inputs!$C$6)-Inputs!$C$43)^2)/(2*Inputs!$C$44^2))*EXP(-(((A26)-Inputs!$C$42)^2)/(2*Inputs!$C$45^2))+Inputs!$C$48*(0.7*(0.45*SIN(2*PI()*(((A26)/Inputs!$C$49)+Inputs!$C$47*0.137))+0.35*COS(2*PI()*(((Inputs!$C$6)/Inputs!$C$50)+Inputs!$C$47*0.173))+0.2*SIN(2*PI()*(((A26)+(Inputs!$C$6))/(0.5*(Inputs!$C$49+Inputs!$C$50))+Inputs!$C$47*0.097)))+0.3*(2*((SIN(((A26)*12.9898+(Inputs!$C$6)*78.233+Inputs!$C$47*37.719))*43758.5453)-INT((SIN(((A26)*12.9898+(Inputs!$C$6)*78.233+Inputs!$C$47*37.719))*43758.5453)))-1))) -> 0 | Z26: =B26-X26/1000 -> 402.56 | AA26: =SQRT(A26^2+Inputs!$C$6^2+(B26-Y26/1000)^2) -> 406.18168 | AB26: =(AA26-Z26)*1000 -> 3621.6756 | AC26: =AB26/Inputs!$C$12 -> 2034.6492 | AD26: =2*AB26/Inputs!$C$21*1000000 -> 24.161219 | AE26: =DEGREES(ATAN(H26/(B26-Y26/1000))) -> 7.6569439 | AF26: =DEGREES((2*PI()/Inputs!$C$13)*Inputs!$C$15*SIN(RADIANS(AE26))) -> 47.966923 | AG26: =(Z26/AA26)^4 -> 0.96480861 | AH26: =10*LOG10(AG26) -> -0.1555883 | AI26: =AC26-F26 -> 0 | AJ26: =AD26-G26 -> 0 | AK26: =Y26-X26 -> 0 | AL26: =1000*(AA27-AA25)/(A27-A25)*Inputs!$C$11 -> -895.55626 | AM26: =-2*AL26/Inputs!$C$13 -> 358.2225 | AN26: =-2*AL26/Inputs!$C$14 -> 53.787162 | AO26: =ABS(AM26) -> 358.2225 | AP26: =ABS(AN26) -> 53.787162 | AQ26: =IF(OR(Inputs!$C$27=TRUE,Inputs!$C$27="TRUE",Inputs!$C$27=1),Inputs!$C$46/Inputs!$C$12,0) -> 0 | AR26: =AC26-AQ26 -> 2034.6492 | AS26: =AC26+AQ26 -> 2034.6492
A27: =Inputs!$C$7+25*(Inputs!$C$8-Inputs!$C$7)/240 -> -47.5 | B27: =Inputs!$C$5+Inputs!$C$9*(A27/Inputs!$C$10)^2 -> 402.50694 | C27: =B27 -> 402.50694 | D27: =SQRT(A27^2+Inputs!$C$6^2+B27^2) -> 406.0703 | E27: =(D27-C27)*1000 -> 3563.3578 | F27: =E27/Inputs!$C$12 -> 2001.8864 | G27: =2*E27/Inputs!$C$21*1000000 -> 23.772164 | H27: =SQRT(A27^2+Inputs!$C$6^2) -> 53.677276 | I27: =DEGREES(ATAN(H27/B27)) -> 7.5959977 | J27: =DEGREES((2*PI()/Inputs!$C$13)*Inputs!$C$15*SIN(RADIANS(I27))) -> 47.587374 | K27: =(C27/D27)^4 -> 0.96535844 | L27: =10*LOG10(K27) -> -0.15311404 | M27: =2*(Inputs!$C$9/(Inputs!$C$10^2))*A27 -> -0.10555556 | N27: =M27*Inputs!$C$11 -> -0.42222222 | O27: =1000*((A27*Inputs!$C$11)+(B27*N27))/D27 -> -886.4164 | P27: =-2*O27/Inputs!$C$13 -> 354.56656 | Q27: =-2*O27/Inputs!$C$14 -> 53.238222 | R27: =F27-Inputs!$C$16/2 -> 1986.8864 | S27: =F27+Inputs!$C$16/2 -> 2016.8864 | T27: =F27-Inputs!$C$17/2 -> 1851.8864 | U27: =F27+Inputs!$C$17/2 -> 2151.8864 | V27: =ABS(P27) -> 354.56656 | W27: =ABS(Q27) -> 53.238222 | X27: =IF(OR(Inputs!$C$27=TRUE,Inputs!$C$27="TRUE",Inputs!$C$27=1),1,0)*(Inputs!$C$51*(115*EXP(-(((0)-25)^2)/(4.5^2))+70*EXP(-(((0)+38)^2)/(7^2))*(0.55+0.45*SIN(2*PI()*(A27)/45))+24*SIN(2*PI()*(0)/9+(A27)/18)*EXP(-(((0)+5)^2)/(22^2))+18*SIN(2*PI()*(A27)/70))+Inputs!$C$28*EXP(-(((A27)-Inputs!$C$29)^2)/(2*Inputs!$C$31^2))*EXP(-(((0)-Inputs!$C$30)^2)/(2*Inputs!$C$32^2))+-Inputs!$C$33*EXP(-(((((A27)-Inputs!$C$34)^2)+(((0)-Inputs!$C$35)^2))/(2*Inputs!$C$36^2)))+Inputs!$C$37*(0.55*SIN(2*PI()*(A27)/Inputs!$C$39)+0.35*COS(2*PI()*(0)/Inputs!$C$40)+0.2*SIN(2*PI()*((A27)+(0))/(0.5*(Inputs!$C$39+Inputs!$C$40))))+Inputs!$C$38*SIN(2*PI()*(A27)/Inputs!$C$39)*SIN(2*PI()*(0)/Inputs!$C$40)+-Inputs!$C$41*EXP(-(((0)-Inputs!$C$43)^2)/(2*Inputs!$C$44^2))*EXP(-(((A27)-Inputs!$C$42)^2)/(2*Inputs!$C$45^2))+Inputs!$C$48*(0.7*(0.45*SIN(2*PI()*(((A27)/Inputs!$C$49)+Inputs!$C$47*0.137))+0.35*COS(2*PI()*(((0)/Inputs!$C$50)+Inputs!$C$47*0.173))+0.2*SIN(2*PI()*(((A27)+(0))/(0.5*(Inputs!$C$49+Inputs!$C$50))+Inputs!$C$47*0.097)))+0.3*(2*((SIN(((A27)*12.9898+(0)*78.233+Inputs!$C$47*37.719))*43758.5453)-INT((SIN(((A27)*12.9898+(0)*78.233+Inputs!$C$47*37.719))*43758.5453)))-1))) -> 0 | Y27: =IF(OR(Inputs!$C$27=TRUE,Inputs!$C$27="TRUE",Inputs!$C$27=1),1,0)*(Inputs!$C$51*(115*EXP(-(((Inputs!$C$6)-25)^2)/(4.5^2))+70*EXP(-(((Inputs!$C$6)+38)^2)/(7^2))*(0.55+0.45*SIN(2*PI()*(A27)/45))+24*SIN(2*PI()*(Inputs!$C$6)/9+(A27)/18)*EXP(-(((Inputs!$C$6)+5)^2)/(22^2))+18*SIN(2*PI()*(A27)/70))+Inputs!$C$28*EXP(-(((A27)-Inputs!$C$29)^2)/(2*Inputs!$C$31^2))*EXP(-(((Inputs!$C$6)-Inputs!$C$30)^2)/(2*Inputs!$C$32^2))+-Inputs!$C$33*EXP(-(((((A27)-Inputs!$C$34)^2)+(((Inputs!$C$6)-Inputs!$C$35)^2))/(2*Inputs!$C$36^2)))+Inputs!$C$37*(0.55*SIN(2*PI()*(A27)/Inputs!$C$39)+0.35*COS(2*PI()*(Inputs!$C$6)/Inputs!$C$40)+0.2*SIN(2*PI()*((A27)+(Inputs!$C$6))/(0.5*(Inputs!$C$39+Inputs!$C$40))))+Inputs!$C$38*SIN(2*PI()*(A27)/Inputs!$C$39)*SIN(2*PI()*(Inputs!$C$6)/Inputs!$C$40)+-Inputs!$C$41*EXP(-(((Inputs!$C$6)-Inputs!$C$43)^2)/(2*Inputs!$C$44^2))*EXP(-(((A27)-Inputs!$C$42)^2)/(2*Inputs!$C$45^2))+Inputs!$C$48*(0.7*(0.45*SIN(2*PI()*(((A27)/Inputs!$C$49)+Inputs!$C$47*0.137))+0.35*COS(2*PI()*(((Inputs!$C$6)/Inputs!$C$50)+Inputs!$C$47*0.173))+0.2*SIN(2*PI()*(((A27)+(Inputs!$C$6))/(0.5*(Inputs!$C$49+Inputs!$C$50))+Inputs!$C$47*0.097)))+0.3*(2*((SIN(((A27)*12.9898+(Inputs!$C$6)*78.233+Inputs!$C$47*37.719))*43758.5453)-INT((SIN(((A27)*12.9898+(Inputs!$C$6)*78.233+Inputs!$C$47*37.719))*43758.5453)))-1))) -> 0 | Z27: =B27-X27/1000 -> 402.50694 | AA27: =SQRT(A27^2+Inputs!$C$6^2+(B27-Y27/1000)^2) -> 406.0703 | AB27: =(AA27-Z27)*1000 -> 3563.3578 | AC27: =AB27/Inputs!$C$12 -> 2001.8864 | AD27: =2*AB27/Inputs!$C$21*1000000 -> 23.772164 | AE27: =DEGREES(ATAN(H27/(B27-Y27/1000))) -> 7.5959977 | AF27: =DEGREES((2*PI()/Inputs!$C$13)*Inputs!$C$15*SIN(RADIANS(AE27))) -> 47.587374 | AG27: =(Z27/AA27)^4 -> 0.96535844 | AH27: =10*LOG10(AG27) -> -0.15311404 | AI27: =AC27-F27 -> 0 | AJ27: =AD27-G27 -> 0 | AK27: =Y27-X27 -> 0 | AL27: =1000*(AA28-AA26)/(A28-A26)*Inputs!$C$11 -> -886.41544 | AM27: =-2*AL27/Inputs!$C$13 -> 354.56618 | AN27: =-2*AL27/Inputs!$C$14 -> 53.238165 | AO27: =ABS(AM27) -> 354.56618 | AP27: =ABS(AN27) -> 53.238165 | AQ27: =IF(OR(Inputs!$C$27=TRUE,Inputs!$C$27="TRUE",Inputs!$C$27=1),Inputs!$C$46/Inputs!$C$12,0) -> 0 | AR27: =AC27-AQ27 -> 2001.8864 | AS27: =AC27+AQ27 -> 2001.8864
A28: =Inputs!$C$7+26*(Inputs!$C$8-Inputs!$C$7)/240 -> -47 | B28: =Inputs!$C$5+Inputs!$C$9*(A28/Inputs!$C$10)^2 -> 402.45444 | C28: =B28 -> 402.45444 | D28: =SQRT(A28^2+Inputs!$C$6^2+B28^2) -> 405.96007 | E28: =(D28-C28)*1000 -> 3505.6273 | F28: =E28/Inputs!$C$12 -> 1969.4535 | G28: =2*E28/Inputs!$C$21*1000000 -> 23.387028 | H28: =SQRT(A28^2+Inputs!$C$6^2) -> 53.235327 | I28: =DEGREES(ATAN(H28/B28)) -> 7.5351493 | J28: =DEGREES((2*PI()/Inputs!$C$13)*Inputs!$C$15*SIN(RADIANS(I28))) -> 47.208381 | K28: =(C28/D28)^4 -> 0.96590325 | L28: =10*LOG10(K28) -> -0.15066371 | M28: =2*(Inputs!$C$9/(Inputs!$C$10^2))*A28 -> -0.10444444 | N28: =M28*Inputs!$C$11 -> -0.41777778 | O28: =1000*((A28*Inputs!$C$11)+(B28*N28))/D28 -> -877.26983 | P28: =-2*O28/Inputs!$C$13 -> 350.90793 | Q28: =-2*O28/Inputs!$C$14 -> 52.688879 | R28: =F28-Inputs!$C$16/2 -> 1954.4535 | S28: =F28+Inputs!$C$16/2 -> 1984.4535 | T28: =F28-Inputs!$C$17/2 -> 1819.4535 | U28: =F28+Inputs!$C$17/2 -> 2119.4535 | V28: =ABS(P28) -> 350.90793 | W28: =ABS(Q28) -> 52.688879 | X28: =IF(OR(Inputs!$C$27=TRUE,Inputs!$C$27="TRUE",Inputs!$C$27=1),1,0)*(Inputs!$C$51*(115*EXP(-(((0)-25)^2)/(4.5^2))+70*EXP(-(((0)+38)^2)/(7^2))*(0.55+0.45*SIN(2*PI()*(A28)/45))+24*SIN(2*PI()*(0)/9+(A28)/18)*EXP(-(((0)+5)^2)/(22^2))+18*SIN(2*PI()*(A28)/70))+Inputs!$C$28*EXP(-(((A28)-Inputs!$C$29)^2)/(2*Inputs!$C$31^2))*EXP(-(((0)-Inputs!$C$30)^2)/(2*Inputs!$C$32^2))+-Inputs!$C$33*EXP(-(((((A28)-Inputs!$C$34)^2)+(((0)-Inputs!$C$35)^2))/(2*Inputs!$C$36^2)))+Inputs!$C$37*(0.55*SIN(2*PI()*(A28)/Inputs!$C$39)+0.35*COS(2*PI()*(0)/Inputs!$C$40)+0.2*SIN(2*PI()*((A28)+(0))/(0.5*(Inputs!$C$39+Inputs!$C$40))))+Inputs!$C$38*SIN(2*PI()*(A28)/Inputs!$C$39)*SIN(2*PI()*(0)/Inputs!$C$40)+-Inputs!$C$41*EXP(-(((0)-Inputs!$C$43)^2)/(2*Inputs!$C$44^2))*EXP(-(((A28)-Inputs!$C$42)^2)/(2*Inputs!$C$45^2))+Inputs!$C$48*(0.7*(0.45*SIN(2*PI()*(((A28)/Inputs!$C$49)+Inputs!$C$47*0.137))+0.35*COS(2*PI()*(((0)/Inputs!$C$50)+Inputs!$C$47*0.173))+0.2*SIN(2*PI()*(((A28)+(0))/(0.5*(Inputs!$C$49+Inputs!$C$50))+Inputs!$C$47*0.097)))+0.3*(2*((SIN(((A28)*12.9898+(0)*78.233+Inputs!$C$47*37.719))*43758.5453)-INT((SIN(((A28)*12.9898+(0)*78.233+Inputs!$C$47*37.719))*43758.5453)))-1))) -> 0 | Y28: =IF(OR(Inputs!$C$27=TRUE,Inputs!$C$27="TRUE",Inputs!$C$27=1),1,0)*(Inputs!$C$51*(115*EXP(-(((Inputs!$C$6)-25)^2)/(4.5^2))+70*EXP(-(((Inputs!$C$6)+38)^2)/(7^2))*(0.55+0.45*SIN(2*PI()*(A28)/45))+24*SIN(2*PI()*(Inputs!$C$6)/9+(A28)/18)*EXP(-(((Inputs!$C$6)+5)^2)/(22^2))+18*SIN(2*PI()*(A28)/70))+Inputs!$C$28*EXP(-(((A28)-Inputs!$C$29)^2)/(2*Inputs!$C$31^2))*EXP(-(((Inputs!$C$6)-Inputs!$C$30)^2)/(2*Inputs!$C$32^2))+-Inputs!$C$33*EXP(-(((((A28)-Inputs!$C$34)^2)+(((Inputs!$C$6)-Inputs!$C$35)^2))/(2*Inputs!$C$36^2)))+Inputs!$C$37*(0.55*SIN(2*PI()*(A28)/Inputs!$C$39)+0.35*COS(2*PI()*(Inputs!$C$6)/Inputs!$C$40)+0.2*SIN(2*PI()*((A28)+(Inputs!$C$6))/(0.5*(Inputs!$C$39+Inputs!$C$40))))+Inputs!$C$38*SIN(2*PI()*(A28)/Inputs!$C$39)*SIN(2*PI()*(Inputs!$C$6)/Inputs!$C$40)+-Inputs!$C$41*EXP(-(((Inputs!$C$6)-Inputs!$C$43)^2)/(2*Inputs!$C$44^2))*EXP(-(((A28)-Inputs!$C$42)^2)/(2*Inputs!$C$45^2))+Inputs!$C$48*(0.7*(0.45*SIN(2*PI()*(((A28)/Inputs!$C$49)+Inputs!$C$47*0.137))+0.35*COS(2*PI()*(((Inputs!$C$6)/Inputs!$C$50)+Inputs!$C$47*0.173))+0.2*SIN(2*PI()*(((A28)+(Inputs!$C$6))/(0.5*(Inputs!$C$49+Inputs!$C$50))+Inputs!$C$47*0.097)))+0.3*(2*((SIN(((A28)*12.9898+(Inputs!$C$6)*78.233+Inputs!$C$47*37.719))*43758.5453)-INT((SIN(((A28)*12.9898+(Inputs!$C$6)*78.233+Inputs!$C$47*37.719))*43758.5453)))-1))) -> 0 | Z28: =B28-X28/1000 -> 402.45444 | AA28: =SQRT(A28^2+Inputs!$C$6^2+(B28-Y28/1000)^2) -> 405.96007 | AB28: =(AA28-Z28)*1000 -> 3505.6273 | AC28: =AB28/Inputs!$C$12 -> 1969.4535 | AD28: =2*AB28/Inputs!$C$21*1000000 -> 23.387028 | AE28: =DEGREES(ATAN(H28/(B28-Y28/1000))) -> 7.5351493 | AF28: =DEGREES((2*PI()/Inputs!$C$13)*Inputs!$C$15*SIN(RADIANS(AE28))) -> 47.208381 | AG28: =(Z28/AA28)^4 -> 0.96590325 | AH28: =10*LOG10(AG28) -> -0.15066371 | AI28: =AC28-F28 -> 0 | AJ28: =AD28-G28 -> 0 | AK28: =Y28-X28 -> 0 | AL28: =1000*(AA29-AA27)/(A29-A27)*Inputs!$C$11 -> -877.26888 | AM28: =-2*AL28/Inputs!$C$13 -> 350.90755 | AN28: =-2*AL28/Inputs!$C$14 -> 52.688822 | AO28: =ABS(AM28) -> 350.90755 | AP28: =ABS(AN28) -> 52.688822 | AQ28: =IF(OR(Inputs!$C$27=TRUE,Inputs!$C$27="TRUE",Inputs!$C$27=1),Inputs!$C$46/Inputs!$C$12,0) -> 0 | AR28: =AC28-AQ28 -> 1969.4535 | AS28: =AC28+AQ28 -> 1969.4535
A29: =Inputs!$C$7+27*(Inputs!$C$8-Inputs!$C$7)/240 -> -46.5 | B29: =Inputs!$C$5+Inputs!$C$9*(A29/Inputs!$C$10)^2 -> 402.4025 | C29: =B29 -> 402.4025 | D29: =SQRT(A29^2+Inputs!$C$6^2+B29^2) -> 405.85098 | E29: =(D29-C29)*1000 -> 3448.485 | F29: =E29/Inputs!$C$12 -> 1937.3511 | G29: =2*E29/Inputs!$C$21*1000000 -> 23.005815 | H29: =SQRT(A29^2+Inputs!$C$6^2) -> 52.794413 | I29: =DEGREES(ATAN(H29/B29)) -> 7.4744027 | J29: =DEGREES((2*PI()/Inputs!$C$13)*Inputs!$C$15*SIN(RADIANS(I29))) -> 46.829968 | K29: =(C29/D29)^4 -> 0.96644304 | L29: =10*LOG10(K29) -> -0.14823736 | M29: =2*(Inputs!$C$9/(Inputs!$C$10^2))*A29 -> -0.10333333 | N29: =M29*Inputs!$C$11 -> -0.41333333 | O29: =1000*((A29*Inputs!$C$11)+(B29*N29))/D29 -> -868.11756 | P29: =-2*O29/Inputs!$C$13 -> 347.24702 | Q29: =-2*O29/Inputs!$C$14 -> 52.139193 | R29: =F29-Inputs!$C$16/2 -> 1922.3511 | S29: =F29+Inputs!$C$16/2 -> 1952.3511 | T29: =F29-Inputs!$C$17/2 -> 1787.3511 | U29: =F29+Inputs!$C$17/2 -> 2087.3511 | V29: =ABS(P29) -> 347.24702 | W29: =ABS(Q29) -> 52.139193 | X29: =IF(OR(Inputs!$C$27=TRUE,Inputs!$C$27="TRUE",Inputs!$C$27=1),1,0)*(Inputs!$C$51*(115*EXP(-(((0)-25)^2)/(4.5^2))+70*EXP(-(((0)+38)^2)/(7^2))*(0.55+0.45*SIN(2*PI()*(A29)/45))+24*SIN(2*PI()*(0)/9+(A29)/18)*EXP(-(((0)+5)^2)/(22^2))+18*SIN(2*PI()*(A29)/70))+Inputs!$C$28*EXP(-(((A29)-Inputs!$C$29)^2)/(2*Inputs!$C$31^2))*EXP(-(((0)-Inputs!$C$30)^2)/(2*Inputs!$C$32^2))+-Inputs!$C$33*EXP(-(((((A29)-Inputs!$C$34)^2)+(((0)-Inputs!$C$35)^2))/(2*Inputs!$C$36^2)))+Inputs!$C$37*(0.55*SIN(2*PI()*(A29)/Inputs!$C$39)+0.35*COS(2*PI()*(0)/Inputs!$C$40)+0.2*SIN(2*PI()*((A29)+(0))/(0.5*(Inputs!$C$39+Inputs!$C$40))))+Inputs!$C$38*SIN(2*PI()*(A29)/Inputs!$C$39)*SIN(2*PI()*(0)/Inputs!$C$40)+-Inputs!$C$41*EXP(-(((0)-Inputs!$C$43)^2)/(2*Inputs!$C$44^2))*EXP(-(((A29)-Inputs!$C$42)^2)/(2*Inputs!$C$45^2))+Inputs!$C$48*(0.7*(0.45*SIN(2*PI()*(((A29)/Inputs!$C$49)+Inputs!$C$47*0.137))+0.35*COS(2*PI()*(((0)/Inputs!$C$50)+Inputs!$C$47*0.173))+0.2*SIN(2*PI()*(((A29)+(0))/(0.5*(Inputs!$C$49+Inputs!$C$50))+Inputs!$C$47*0.097)))+0.3*(2*((SIN(((A29)*12.9898+(0)*78.233+Inputs!$C$47*37.719))*43758.5453)-INT((SIN(((A29)*12.9898+(0)*78.233+Inputs!$C$47*37.719))*43758.5453)))-1))) -> 0 | Y29: =IF(OR(Inputs!$C$27=TRUE,Inputs!$C$27="TRUE",Inputs!$C$27=1),1,0)*(Inputs!$C$51*(115*EXP(-(((Inputs!$C$6)-25)^2)/(4.5^2))+70*EXP(-(((Inputs!$C$6)+38)^2)/(7^2))*(0.55+0.45*SIN(2*PI()*(A29)/45))+24*SIN(2*PI()*(Inputs!$C$6)/9+(A29)/18)*EXP(-(((Inputs!$C$6)+5)^2)/(22^2))+18*SIN(2*PI()*(A29)/70))+Inputs!$C$28*EXP(-(((A29)-Inputs!$C$29)^2)/(2*Inputs!$C$31^2))*EXP(-(((Inputs!$C$6)-Inputs!$C$30)^2)/(2*Inputs!$C$32^2))+-Inputs!$C$33*EXP(-(((((A29)-Inputs!$C$34)^2)+(((Inputs!$C$6)-Inputs!$C$35)^2))/(2*Inputs!$C$36^2)))+Inputs!$C$37*(0.55*SIN(2*PI()*(A29)/Inputs!$C$39)+0.35*COS(2*PI()*(Inputs!$C$6)/Inputs!$C$40)+0.2*SIN(2*PI()*((A29)+(Inputs!$C$6))/(0.5*(Inputs!$C$39+Inputs!$C$40))))+Inputs!$C$38*SIN(2*PI()*(A29)/Inputs!$C$39)*SIN(2*PI()*(Inputs!$C$6)/Inputs!$C$40)+-Inputs!$C$41*EXP(-(((Inputs!$C$6)-Inputs!$C$43)^2)/(2*Inputs!$C$44^2))*EXP(-(((A29)-Inputs!$C$42)^2)/(2*Inputs!$C$45^2))+Inputs!$C$48*(0.7*(0.45*SIN(2*PI()*(((A29)/Inputs!$C$49)+Inputs!$C$47*0.137))+0.35*COS(2*PI()*(((Inputs!$C$6)/Inputs!$C$50)+Inputs!$C$47*0.173))+0.2*SIN(2*PI()*(((A29)+(Inputs!$C$6))/(0.5*(Inputs!$C$49+Inputs!$C$50))+Inputs!$C$47*0.097)))+0.3*(2*((SIN(((A29)*12.9898+(Inputs!$C$6)*78.233+Inputs!$C$47*37.719))*43758.5453)-INT((SIN(((A29)*12.9898+(Inputs!$C$6)*78.233+Inputs!$C$47*37.719))*43758.5453)))-1))) -> 0 | Z29: =B29-X29/1000 -> 402.4025 | AA29: =SQRT(A29^2+Inputs!$C$6^2+(B29-Y29/1000)^2) -> 405.85098 | AB29: =(AA29-Z29)*1000 -> 3448.485 | AC29: =AB29/Inputs!$C$12 -> 1937.3511 | AD29: =2*AB29/Inputs!$C$21*1000000 -> 23.005815 | AE29: =DEGREES(ATAN(H29/(B29-Y29/1000))) -> 7.4744027 | AF29: =DEGREES((2*PI()/Inputs!$C$13)*Inputs!$C$15*SIN(RADIANS(AE29))) -> 46.829968 | AG29: =(Z29/AA29)^4 -> 0.96644304 | AH29: =10*LOG10(AG29) -> -0.14823736 | AI29: =AC29-F29 -> 0 | AJ29: =AD29-G29 -> 0 | AK29: =Y29-X29 -> 0 | AL29: =1000*(AA30-AA28)/(A30-A28)*Inputs!$C$11 -> -868.11662 | AM29: =-2*AL29/Inputs!$C$13 -> 347.24665 | AN29: =-2*AL29/Inputs!$C$14 -> 52.139136 | AO29: =ABS(AM29) -> 347.24665 | AP29: =ABS(AN29) -> 52.139136 | AQ29: =IF(OR(Inputs!$C$27=TRUE,Inputs!$C$27="TRUE",Inputs!$C$27=1),Inputs!$C$46/Inputs!$C$12,0) -> 0 | AR29: =AC29-AQ29 -> 1937.3511 | AS29: =AC29+AQ29 -> 1937.3511
A30: =Inputs!$C$7+28*(Inputs!$C$8-Inputs!$C$7)/240 -> -46 | B30: =Inputs!$C$5+Inputs!$C$9*(A30/Inputs!$C$10)^2 -> 402.35111 | C30: =B30 -> 402.35111 | D30: =SQRT(A30^2+Inputs!$C$6^2+B30^2) -> 405.74304 | E30: =(D30-C30)*1000 -> 3391.9315 | F30: =E30/Inputs!$C$12 -> 1905.5795 | G30: =2*E30/Inputs!$C$21*1000000 -> 22.628531 | H30: =SQRT(A30^2+Inputs!$C$6^2) -> 52.35456 | I30: =DEGREES(ATAN(H30/B30)) -> 7.413762 | J30: =DEGREES((2*PI()/Inputs!$C$13)*Inputs!$C$15*SIN(RADIANS(I30))) -> 46.452163 | K30: =(C30/D30)^4 -> 0.96697778 | L30: =10*LOG10(K30) -> -0.14583506 | M30: =2*(Inputs!$C$9/(Inputs!$C$10^2))*A30 -> -0.10222222 | N30: =M30*Inputs!$C$11 -> -0.40888889 | O30: =1000*((A30*Inputs!$C$11)+(B30*N30))/D30 -> -858.95964 | P30: =-2*O30/Inputs!$C$13 -> 343.58386 | Q30: =-2*O30/Inputs!$C$14 -> 51.589168 | R30: =F30-Inputs!$C$16/2 -> 1890.5795 | S30: =F30+Inputs!$C$16/2 -> 1920.5795 | T30: =F30-Inputs!$C$17/2 -> 1755.5795 | U30: =F30+Inputs!$C$17/2 -> 2055.5795 | V30: =ABS(P30) -> 343.58386 | W30: =ABS(Q30) -> 51.589168 | X30: =IF(OR(Inputs!$C$27=TRUE,Inputs!$C$27="TRUE",Inputs!$C$27=1),1,0)*(Inputs!$C$51*(115*EXP(-(((0)-25)^2)/(4.5^2))+70*EXP(-(((0)+38)^2)/(7^2))*(0.55+0.45*SIN(2*PI()*(A30)/45))+24*SIN(2*PI()*(0)/9+(A30)/18)*EXP(-(((0)+5)^2)/(22^2))+18*SIN(2*PI()*(A30)/70))+Inputs!$C$28*EXP(-(((A30)-Inputs!$C$29)^2)/(2*Inputs!$C$31^2))*EXP(-(((0)-Inputs!$C$30)^2)/(2*Inputs!$C$32^2))+-Inputs!$C$33*EXP(-(((((A30)-Inputs!$C$34)^2)+(((0)-Inputs!$C$35)^2))/(2*Inputs!$C$36^2)))+Inputs!$C$37*(0.55*SIN(2*PI()*(A30)/Inputs!$C$39)+0.35*COS(2*PI()*(0)/Inputs!$C$40)+0.2*SIN(2*PI()*((A30)+(0))/(0.5*(Inputs!$C$39+Inputs!$C$40))))+Inputs!$C$38*SIN(2*PI()*(A30)/Inputs!$C$39)*SIN(2*PI()*(0)/Inputs!$C$40)+-Inputs!$C$41*EXP(-(((0)-Inputs!$C$43)^2)/(2*Inputs!$C$44^2))*EXP(-(((A30)-Inputs!$C$42)^2)/(2*Inputs!$C$45^2))+Inputs!$C$48*(0.7*(0.45*SIN(2*PI()*(((A30)/Inputs!$C$49)+Inputs!$C$47*0.137))+0.35*COS(2*PI()*(((0)/Inputs!$C$50)+Inputs!$C$47*0.173))+0.2*SIN(2*PI()*(((A30)+(0))/(0.5*(Inputs!$C$49+Inputs!$C$50))+Inputs!$C$47*0.097)))+0.3*(2*((SIN(((A30)*12.9898+(0)*78.233+Inputs!$C$47*37.719))*43758.5453)-INT((SIN(((A30)*12.9898+(0)*78.233+Inputs!$C$47*37.719))*43758.5453)))-1))) -> 0 | Y30: =IF(OR(Inputs!$C$27=TRUE,Inputs!$C$27="TRUE",Inputs!$C$27=1),1,0)*(Inputs!$C$51*(115*EXP(-(((Inputs!$C$6)-25)^2)/(4.5^2))+70*EXP(-(((Inputs!$C$6)+38)^2)/(7^2))*(0.55+0.45*SIN(2*PI()*(A30)/45))+24*SIN(2*PI()*(Inputs!$C$6)/9+(A30)/18)*EXP(-(((Inputs!$C$6)+5)^2)/(22^2))+18*SIN(2*PI()*(A30)/70))+Inputs!$C$28*EXP(-(((A30)-Inputs!$C$29)^2)/(2*Inputs!$C$31^2))*EXP(-(((Inputs!$C$6)-Inputs!$C$30)^2)/(2*Inputs!$C$32^2))+-Inputs!$C$33*EXP(-(((((A30)-Inputs!$C$34)^2)+(((Inputs!$C$6)-Inputs!$C$35)^2))/(2*Inputs!$C$36^2)))+Inputs!$C$37*(0.55*SIN(2*PI()*(A30)/Inputs!$C$39)+0.35*COS(2*PI()*(Inputs!$C$6)/Inputs!$C$40)+0.2*SIN(2*PI()*((A30)+(Inputs!$C$6))/(0.5*(Inputs!$C$39+Inputs!$C$40))))+Inputs!$C$38*SIN(2*PI()*(A30)/Inputs!$C$39)*SIN(2*PI()*(Inputs!$C$6)/Inputs!$C$40)+-Inputs!$C$41*EXP(-(((Inputs!$C$6)-Inputs!$C$43)^2)/(2*Inputs!$C$44^2))*EXP(-(((A30)-Inputs!$C$42)^2)/(2*Inputs!$C$45^2))+Inputs!$C$48*(0.7*(0.45*SIN(2*PI()*(((A30)/Inputs!$C$49)+Inputs!$C$47*0.137))+0.35*COS(2*PI()*(((Inputs!$C$6)/Inputs!$C$50)+Inputs!$C$47*0.173))+0.2*SIN(2*PI()*(((A30)+(Inputs!$C$6))/(0.5*(Inputs!$C$49+Inputs!$C$50))+Inputs!$C$47*0.097)))+0.3*(2*((SIN(((A30)*12.9898+(Inputs!$C$6)*78.233+Inputs!$C$47*37.719))*43758.5453)-INT((SIN(((A30)*12.9898+(Inputs!$C$6)*78.233+Inputs!$C$47*37.719))*43758.5453)))-1))) -> 0 | Z30: =B30-X30/1000 -> 402.35111 | AA30: =SQRT(A30^2+Inputs!$C$6^2+(B30-Y30/1000)^2) -> 405.74304 | AB30: =(AA30-Z30)*1000 -> 3391.9315 | AC30: =AB30/Inputs!$C$12 -> 1905.5795 | AD30: =2*AB30/Inputs!$C$21*1000000 -> 22.628531 | AE30: =DEGREES(ATAN(H30/(B30-Y30/1000))) -> 7.413762 | AF30: =DEGREES((2*PI()/Inputs!$C$13)*Inputs!$C$15*SIN(RADIANS(AE30))) -> 46.452163 | AG30: =(Z30/AA30)^4 -> 0.96697778 | AH30: =10*LOG10(AG30) -> -0.14583506 | AI30: =AC30-F30 -> 0 | AJ30: =AD30-G30 -> 0 | AK30: =Y30-X30 -> 0 | AL30: =1000*(AA31-AA29)/(A31-A29)*Inputs!$C$11 -> -858.95871 | AM30: =-2*AL30/Inputs!$C$13 -> 343.58348 | AN30: =-2*AL30/Inputs!$C$14 -> 51.589112 | AO30: =ABS(AM30) -> 343.58348 | AP30: =ABS(AN30) -> 51.589112 | AQ30: =IF(OR(Inputs!$C$27=TRUE,Inputs!$C$27="TRUE",Inputs!$C$27=1),Inputs!$C$46/Inputs!$C$12,0) -> 0 | AR30: =AC30-AQ30 -> 1905.5795 | AS30: =AC30+AQ30 -> 1905.5795
A31: =Inputs!$C$7+29*(Inputs!$C$8-Inputs!$C$7)/240 -> -45.5 | B31: =Inputs!$C$5+Inputs!$C$9*(A31/Inputs!$C$10)^2 -> 402.30028 | C31: =B31 -> 402.30028 | D31: =SQRT(A31^2+Inputs!$C$6^2+B31^2) -> 405.63625 | E31: =(D31-C31)*1000 -> 3335.9675 | F31: =E31/Inputs!$C$12 -> 1874.1391 | G31: =2*E31/Inputs!$C$21*1000000 -> 22.25518 | H31: =SQRT(A31^2+Inputs!$C$6^2) -> 51.915797 | I31: =DEGREES(ATAN(H31/B31)) -> 7.3532316 | J31: =DEGREES((2*PI()/Inputs!$C$13)*Inputs!$C$15*SIN(RADIANS(I31))) -> 46.074993 | K31: =(C31/D31)^4 -> 0.96750744 | L31: =10*LOG10(K31) -> -0.14345687 | M31: =2*(Inputs!$C$9/(Inputs!$C$10^2))*A31 -> -0.10111111 | N31: =M31*Inputs!$C$11 -> -0.40444444 | O31: =1000*((A31*Inputs!$C$11)+(B31*N31))/D31 -> -849.79613 | P31: =-2*O31/Inputs!$C$13 -> 339.91845 | Q31: =-2*O31/Inputs!$C$14 -> 51.038807 | R31: =F31-Inputs!$C$16/2 -> 1859.1391 | S31: =F31+Inputs!$C$16/2 -> 1889.1391 | T31: =F31-Inputs!$C$17/2 -> 1724.1391 | U31: =F31+Inputs!$C$17/2 -> 2024.1391 | V31: =ABS(P31) -> 339.91845 | W31: =ABS(Q31) -> 51.038807 | X31: =IF(OR(Inputs!$C$27=TRUE,Inputs!$C$27="TRUE",Inputs!$C$27=1),1,0)*(Inputs!$C$51*(115*EXP(-(((0)-25)^2)/(4.5^2))+70*EXP(-(((0)+38)^2)/(7^2))*(0.55+0.45*SIN(2*PI()*(A31)/45))+24*SIN(2*PI()*(0)/9+(A31)/18)*EXP(-(((0)+5)^2)/(22^2))+18*SIN(2*PI()*(A31)/70))+Inputs!$C$28*EXP(-(((A31)-Inputs!$C$29)^2)/(2*Inputs!$C$31^2))*EXP(-(((0)-Inputs!$C$30)^2)/(2*Inputs!$C$32^2))+-Inputs!$C$33*EXP(-(((((A31)-Inputs!$C$34)^2)+(((0)-Inputs!$C$35)^2))/(2*Inputs!$C$36^2)))+Inputs!$C$37*(0.55*SIN(2*PI()*(A31)/Inputs!$C$39)+0.35*COS(2*PI()*(0)/Inputs!$C$40)+0.2*SIN(2*PI()*((A31)+(0))/(0.5*(Inputs!$C$39+Inputs!$C$40))))+Inputs!$C$38*SIN(2*PI()*(A31)/Inputs!$C$39)*SIN(2*PI()*(0)/Inputs!$C$40)+-Inputs!$C$41*EXP(-(((0)-Inputs!$C$43)^2)/(2*Inputs!$C$44^2))*EXP(-(((A31)-Inputs!$C$42)^2)/(2*Inputs!$C$45^2))+Inputs!$C$48*(0.7*(0.45*SIN(2*PI()*(((A31)/Inputs!$C$49)+Inputs!$C$47*0.137))+0.35*COS(2*PI()*(((0)/Inputs!$C$50)+Inputs!$C$47*0.173))+0.2*SIN(2*PI()*(((A31)+(0))/(0.5*(Inputs!$C$49+Inputs!$C$50))+Inputs!$C$47*0.097)))+0.3*(2*((SIN(((A31)*12.9898+(0)*78.233+Inputs!$C$47*37.719))*43758.5453)-INT((SIN(((A31)*12.9898+(0)*78.233+Inputs!$C$47*37.719))*43758.5453)))-1))) -> 0 | Y31: =IF(OR(Inputs!$C$27=TRUE,Inputs!$C$27="TRUE",Inputs!$C$27=1),1,0)*(Inputs!$C$51*(115*EXP(-(((Inputs!$C$6)-25)^2)/(4.5^2))+70*EXP(-(((Inputs!$C$6)+38)^2)/(7^2))*(0.55+0.45*SIN(2*PI()*(A31)/45))+24*SIN(2*PI()*(Inputs!$C$6)/9+(A31)/18)*EXP(-(((Inputs!$C$6)+5)^2)/(22^2))+18*SIN(2*PI()*(A31)/70))+Inputs!$C$28*EXP(-(((A31)-Inputs!$C$29)^2)/(2*Inputs!$C$31^2))*EXP(-(((Inputs!$C$6)-Inputs!$C$30)^2)/(2*Inputs!$C$32^2))+-Inputs!$C$33*EXP(-(((((A31)-Inputs!$C$34)^2)+(((Inputs!$C$6)-Inputs!$C$35)^2))/(2*Inputs!$C$36^2)))+Inputs!$C$37*(0.55*SIN(2*PI()*(A31)/Inputs!$C$39)+0.35*COS(2*PI()*(Inputs!$C$6)/Inputs!$C$40)+0.2*SIN(2*PI()*((A31)+(Inputs!$C$6))/(0.5*(Inputs!$C$39+Inputs!$C$40))))+Inputs!$C$38*SIN(2*PI()*(A31)/Inputs!$C$39)*SIN(2*PI()*(Inputs!$C$6)/Inputs!$C$40)+-Inputs!$C$41*EXP(-(((Inputs!$C$6)-Inputs!$C$43)^2)/(2*Inputs!$C$44^2))*EXP(-(((A31)-Inputs!$C$42)^2)/(2*Inputs!$C$45^2))+Inputs!$C$48*(0.7*(0.45*SIN(2*PI()*(((A31)/Inputs!$C$49)+Inputs!$C$47*0.137))+0.35*COS(2*PI()*(((Inputs!$C$6)/Inputs!$C$50)+Inputs!$C$47*0.173))+0.2*SIN(2*PI()*(((A31)+(Inputs!$C$6))/(0.5*(Inputs!$C$49+Inputs!$C$50))+Inputs!$C$47*0.097)))+0.3*(2*((SIN(((A31)*12.9898+(Inputs!$C$6)*78.233+Inputs!$C$47*37.719))*43758.5453)-INT((SIN(((A31)*12.9898+(Inputs!$C$6)*78.233+Inputs!$C$47*37.719))*43758.5453)))-1))) -> 0 | Z31: =B31-X31/1000 -> 402.30028 | AA31: =SQRT(A31^2+Inputs!$C$6^2+(B31-Y31/1000)^2) -> 405.63625 | AB31: =(AA31-Z31)*1000 -> 3335.9675 | AC31: =AB31/Inputs!$C$12 -> 1874.1391 | AD31: =2*AB31/Inputs!$C$21*1000000 -> 22.25518 | AE31: =DEGREES(ATAN(H31/(B31-Y31/1000))) -> 7.3532316 | AF31: =DEGREES((2*PI()/Inputs!$C$13)*Inputs!$C$15*SIN(RADIANS(AE31))) -> 46.074993 | AG31: =(Z31/AA31)^4 -> 0.96750744 | AH31: =10*LOG10(AG31) -> -0.14345687 | AI31: =AC31-F31 -> 0 | AJ31: =AD31-G31 -> 0 | AK31: =Y31-X31 -> 0 | AL31: =1000*(AA32-AA30)/(A32-A30)*Inputs!$C$11 -> -849.79521 | AM31: =-2*AL31/Inputs!$C$13 -> 339.91808 | AN31: =-2*AL31/Inputs!$C$14 -> 51.038751 | AO31: =ABS(AM31) -> 339.91808 | AP31: =ABS(AN31) -> 51.038751 | AQ31: =IF(OR(Inputs!$C$27=TRUE,Inputs!$C$27="TRUE",Inputs!$C$27=1),Inputs!$C$46/Inputs!$C$12,0) -> 0 | AR31: =AC31-AQ31 -> 1874.1391 | AS31: =AC31+AQ31 -> 1874.1391
A32: =Inputs!$C$7+30*(Inputs!$C$8-Inputs!$C$7)/240 -> -45 | B32: =Inputs!$C$5+Inputs!$C$9*(A32/Inputs!$C$10)^2 -> 402.25 | C32: =B32 -> 402.25 | D32: =SQRT(A32^2+Inputs!$C$6^2+B32^2) -> 405.53059 | E32: =(D32-C32)*1000 -> 3280.5938 | F32: =E32/Inputs!$C$12 -> 1843.0302 | G32: =2*E32/Inputs!$C$21*1000000 -> 21.885766 | H32: =SQRT(A32^2+Inputs!$C$6^2) -> 51.478151 | I32: =DEGREES(ATAN(H32/B32)) -> 7.292816 | J32: =DEGREES((2*PI()/Inputs!$C$13)*Inputs!$C$15*SIN(RADIANS(I32))) -> 45.698486 | K32: =(C32/D32)^4 -> 0.96803201 | L32: =10*LOG10(K32) -> -0.14110283 | M32: =2*(Inputs!$C$9/(Inputs!$C$10^2))*A32 -> -0.1 | N32: =M32*Inputs!$C$11 -> -0.4 | O32: =1000*((A32*Inputs!$C$11)+(B32*N32))/D32 -> -840.62708 | P32: =-2*O32/Inputs!$C$13 -> 336.25083 | Q32: =-2*O32/Inputs!$C$14 -> 50.488113 | R32: =F32-Inputs!$C$16/2 -> 1828.0302 | S32: =F32+Inputs!$C$16/2 -> 1858.0302 | T32: =F32-Inputs!$C$17/2 -> 1693.0302 | U32: =F32+Inputs!$C$17/2 -> 1993.0302 | V32: =ABS(P32) -> 336.25083 | W32: =ABS(Q32) -> 50.488113 | X32: =IF(OR(Inputs!$C$27=TRUE,Inputs!$C$27="TRUE",Inputs!$C$27=1),1,0)*(Inputs!$C$51*(115*EXP(-(((0)-25)^2)/(4.5^2))+70*EXP(-(((0)+38)^2)/(7^2))*(0.55+0.45*SIN(2*PI()*(A32)/45))+24*SIN(2*PI()*(0)/9+(A32)/18)*EXP(-(((0)+5)^2)/(22^2))+18*SIN(2*PI()*(A32)/70))+Inputs!$C$28*EXP(-(((A32)-Inputs!$C$29)^2)/(2*Inputs!$C$31^2))*EXP(-(((0)-Inputs!$C$30)^2)/(2*Inputs!$C$32^2))+-Inputs!$C$33*EXP(-(((((A32)-Inputs!$C$34)^2)+(((0)-Inputs!$C$35)^2))/(2*Inputs!$C$36^2)))+Inputs!$C$37*(0.55*SIN(2*PI()*(A32)/Inputs!$C$39)+0.35*COS(2*PI()*(0)/Inputs!$C$40)+0.2*SIN(2*PI()*((A32)+(0))/(0.5*(Inputs!$C$39+Inputs!$C$40))))+Inputs!$C$38*SIN(2*PI()*(A32)/Inputs!$C$39)*SIN(2*PI()*(0)/Inputs!$C$40)+-Inputs!$C$41*EXP(-(((0)-Inputs!$C$43)^2)/(2*Inputs!$C$44^2))*EXP(-(((A32)-Inputs!$C$42)^2)/(2*Inputs!$C$45^2))+Inputs!$C$48*(0.7*(0.45*SIN(2*PI()*(((A32)/Inputs!$C$49)+Inputs!$C$47*0.137))+0.35*COS(2*PI()*(((0)/Inputs!$C$50)+Inputs!$C$47*0.173))+0.2*SIN(2*PI()*(((A32)+(0))/(0.5*(Inputs!$C$49+Inputs!$C$50))+Inputs!$C$47*0.097)))+0.3*(2*((SIN(((A32)*12.9898+(0)*78.233+Inputs!$C$47*37.719))*43758.5453)-INT((SIN(((A32)*12.9898+(0)*78.233+Inputs!$C$47*37.719))*43758.5453)))-1))) -> 0 | Y32: =IF(OR(Inputs!$C$27=TRUE,Inputs!$C$27="TRUE",Inputs!$C$27=1),1,0)*(Inputs!$C$51*(115*EXP(-(((Inputs!$C$6)-25)^2)/(4.5^2))+70*EXP(-(((Inputs!$C$6)+38)^2)/(7^2))*(0.55+0.45*SIN(2*PI()*(A32)/45))+24*SIN(2*PI()*(Inputs!$C$6)/9+(A32)/18)*EXP(-(((Inputs!$C$6)+5)^2)/(22^2))+18*SIN(2*PI()*(A32)/70))+Inputs!$C$28*EXP(-(((A32)-Inputs!$C$29)^2)/(2*Inputs!$C$31^2))*EXP(-(((Inputs!$C$6)-Inputs!$C$30)^2)/(2*Inputs!$C$32^2))+-Inputs!$C$33*EXP(-(((((A32)-Inputs!$C$34)^2)+(((Inputs!$C$6)-Inputs!$C$35)^2))/(2*Inputs!$C$36^2)))+Inputs!$C$37*(0.55*SIN(2*PI()*(A32)/Inputs!$C$39)+0.35*COS(2*PI()*(Inputs!$C$6)/Inputs!$C$40)+0.2*SIN(2*PI()*((A32)+(Inputs!$C$6))/(0.5*(Inputs!$C$39+Inputs!$C$40))))+Inputs!$C$38*SIN(2*PI()*(A32)/Inputs!$C$39)*SIN(2*PI()*(Inputs!$C$6)/Inputs!$C$40)+-Inputs!$C$41*EXP(-(((Inputs!$C$6)-Inputs!$C$43)^2)/(2*Inputs!$C$44^2))*EXP(-(((A32)-Inputs!$C$42)^2)/(2*Inputs!$C$45^2))+Inputs!$C$48*(0.7*(0.45*SIN(2*PI()*(((A32)/Inputs!$C$49)+Inputs!$C$47*0.137))+0.35*COS(2*PI()*(((Inputs!$C$6)/Inputs!$C$50)+Inputs!$C$47*0.173))+0.2*SIN(2*PI()*(((A32)+(Inputs!$C$6))/(0.5*(Inputs!$C$49+Inputs!$C$50))+Inputs!$C$47*0.097)))+0.3*(2*((SIN(((A32)*12.9898+(Inputs!$C$6)*78.233+Inputs!$C$47*37.719))*43758.5453)-INT((SIN(((A32)*12.9898+(Inputs!$C$6)*78.233+Inputs!$C$47*37.719))*43758.5453)))-1))) -> 0 | Z32: =B32-X32/1000 -> 402.25 | AA32: =SQRT(A32^2+Inputs!$C$6^2+(B32-Y32/1000)^2) -> 405.53059 | AB32: =(AA32-Z32)*1000 -> 3280.5938 | AC32: =AB32/Inputs!$C$12 -> 1843.0302 | AD32: =2*AB32/Inputs!$C$21*1000000 -> 21.885766 | AE32: =DEGREES(ATAN(H32/(B32-Y32/1000))) -> 7.292816 | AF32: =DEGREES((2*PI()/Inputs!$C$13)*Inputs!$C$15*SIN(RADIANS(AE32))) -> 45.698486 | AG32: =(Z32/AA32)^4 -> 0.96803201 | AH32: =10*LOG10(AG32) -> -0.14110283 | AI32: =AC32-F32 -> 0 | AJ32: =AD32-G32 -> 0 | AK32: =Y32-X32 -> 0 | AL32: =1000*(AA33-AA31)/(A33-A31)*Inputs!$C$11 -> -840.62617 | AM32: =-2*AL32/Inputs!$C$13 -> 336.25047 | AN32: =-2*AL32/Inputs!$C$14 -> 50.488058 | AO32: =ABS(AM32) -> 336.25047 | AP32: =ABS(AN32) -> 50.488058 | AQ32: =IF(OR(Inputs!$C$27=TRUE,Inputs!$C$27="TRUE",Inputs!$C$27=1),Inputs!$C$46/Inputs!$C$12,0) -> 0 | AR32: =AC32-AQ32 -> 1843.0302 | AS32: =AC32+AQ32 -> 1843.0302
A33: =Inputs!$C$7+31*(Inputs!$C$8-Inputs!$C$7)/240 -> -44.5 | B33: =Inputs!$C$5+Inputs!$C$9*(A33/Inputs!$C$10)^2 -> 402.20028 | C33: =B33 -> 402.20028 | D33: =SQRT(A33^2+Inputs!$C$6^2+B33^2) -> 405.42609 | E33: =(D33-C33)*1000 -> 3225.811 | F33: =E33/Inputs!$C$12 -> 1812.2534 | G33: =2*E33/Inputs!$C$21*1000000 -> 21.520294 | H33: =SQRT(A33^2+Inputs!$C$6^2) -> 51.04165 | I33: =DEGREES(ATAN(H33/B33)) -> 7.2325196 | J33: =DEGREES((2*PI()/Inputs!$C$13)*Inputs!$C$15*SIN(RADIANS(I33))) -> 45.322673 | K33: =(C33/D33)^4 -> 0.96855146 | L33: =10*LOG10(K33) -> -0.13877302 | M33: =2*(Inputs!$C$9/(Inputs!$C$10^2))*A33 -> -0.098888889 | N33: =M33*Inputs!$C$11 -> -0.39555556 | O33: =1000*((A33*Inputs!$C$11)+(B33*N33))/D33 -> -831.45255 | P33: =-2*O33/Inputs!$C$13 -> 332.58102 | Q33: =-2*O33/Inputs!$C$14 -> 49.93709 | R33: =F33-Inputs!$C$16/2 -> 1797.2534 | S33: =F33+Inputs!$C$16/2 -> 1827.2534 | T33: =F33-Inputs!$C$17/2 -> 1662.2534 | U33: =F33+Inputs!$C$17/2 -> 1962.2534 | V33: =ABS(P33) -> 332.58102 | W33: =ABS(Q33) -> 49.93709 | X33: =IF(OR(Inputs!$C$27=TRUE,Inputs!$C$27="TRUE",Inputs!$C$27=1),1,0)*(Inputs!$C$51*(115*EXP(-(((0)-25)^2)/(4.5^2))+70*EXP(-(((0)+38)^2)/(7^2))*(0.55+0.45*SIN(2*PI()*(A33)/45))+24*SIN(2*PI()*(0)/9+(A33)/18)*EXP(-(((0)+5)^2)/(22^2))+18*SIN(2*PI()*(A33)/70))+Inputs!$C$28*EXP(-(((A33)-Inputs!$C$29)^2)/(2*Inputs!$C$31^2))*EXP(-(((0)-Inputs!$C$30)^2)/(2*Inputs!$C$32^2))+-Inputs!$C$33*EXP(-(((((A33)-Inputs!$C$34)^2)+(((0)-Inputs!$C$35)^2))/(2*Inputs!$C$36^2)))+Inputs!$C$37*(0.55*SIN(2*PI()*(A33)/Inputs!$C$39)+0.35*COS(2*PI()*(0)/Inputs!$C$40)+0.2*SIN(2*PI()*((A33)+(0))/(0.5*(Inputs!$C$39+Inputs!$C$40))))+Inputs!$C$38*SIN(2*PI()*(A33)/Inputs!$C$39)*SIN(2*PI()*(0)/Inputs!$C$40)+-Inputs!$C$41*EXP(-(((0)-Inputs!$C$43)^2)/(2*Inputs!$C$44^2))*EXP(-(((A33)-Inputs!$C$42)^2)/(2*Inputs!$C$45^2))+Inputs!$C$48*(0.7*(0.45*SIN(2*PI()*(((A33)/Inputs!$C$49)+Inputs!$C$47*0.137))+0.35*COS(2*PI()*(((0)/Inputs!$C$50)+Inputs!$C$47*0.173))+0.2*SIN(2*PI()*(((A33)+(0))/(0.5*(Inputs!$C$49+Inputs!$C$50))+Inputs!$C$47*0.097)))+0.3*(2*((SIN(((A33)*12.9898+(0)*78.233+Inputs!$C$47*37.719))*43758.5453)-INT((SIN(((A33)*12.9898+(0)*78.233+Inputs!$C$47*37.719))*43758.5453)))-1))) -> 0 | Y33: =IF(OR(Inputs!$C$27=TRUE,Inputs!$C$27="TRUE",Inputs!$C$27=1),1,0)*(Inputs!$C$51*(115*EXP(-(((Inputs!$C$6)-25)^2)/(4.5^2))+70*EXP(-(((Inputs!$C$6)+38)^2)/(7^2))*(0.55+0.45*SIN(2*PI()*(A33)/45))+24*SIN(2*PI()*(Inputs!$C$6)/9+(A33)/18)*EXP(-(((Inputs!$C$6)+5)^2)/(22^2))+18*SIN(2*PI()*(A33)/70))+Inputs!$C$28*EXP(-(((A33)-Inputs!$C$29)^2)/(2*Inputs!$C$31^2))*EXP(-(((Inputs!$C$6)-Inputs!$C$30)^2)/(2*Inputs!$C$32^2))+-Inputs!$C$33*EXP(-(((((A33)-Inputs!$C$34)^2)+(((Inputs!$C$6)-Inputs!$C$35)^2))/(2*Inputs!$C$36^2)))+Inputs!$C$37*(0.55*SIN(2*PI()*(A33)/Inputs!$C$39)+0.35*COS(2*PI()*(Inputs!$C$6)/Inputs!$C$40)+0.2*SIN(2*PI()*((A33)+(Inputs!$C$6))/(0.5*(Inputs!$C$39+Inputs!$C$40))))+Inputs!$C$38*SIN(2*PI()*(A33)/Inputs!$C$39)*SIN(2*PI()*(Inputs!$C$6)/Inputs!$C$40)+-Inputs!$C$41*EXP(-(((Inputs!$C$6)-Inputs!$C$43)^2)/(2*Inputs!$C$44^2))*EXP(-(((A33)-Inputs!$C$42)^2)/(2*Inputs!$C$45^2))+Inputs!$C$48*(0.7*(0.45*SIN(2*PI()*(((A33)/Inputs!$C$49)+Inputs!$C$47*0.137))+0.35*COS(2*PI()*(((Inputs!$C$6)/Inputs!$C$50)+Inputs!$C$47*0.173))+0.2*SIN(2*PI()*(((A33)+(Inputs!$C$6))/(0.5*(Inputs!$C$49+Inputs!$C$50))+Inputs!$C$47*0.097)))+0.3*(2*((SIN(((A33)*12.9898+(Inputs!$C$6)*78.233+Inputs!$C$47*37.719))*43758.5453)-INT((SIN(((A33)*12.9898+(Inputs!$C$6)*78.233+Inputs!$C$47*37.719))*43758.5453)))-1))) -> 0 | Z33: =B33-X33/1000 -> 402.20028 | AA33: =SQRT(A33^2+Inputs!$C$6^2+(B33-Y33/1000)^2) -> 405.42609 | AB33: =(AA33-Z33)*1000 -> 3225.811 | AC33: =AB33/Inputs!$C$12 -> 1812.2534 | AD33: =2*AB33/Inputs!$C$21*1000000 -> 21.520294 | AE33: =DEGREES(ATAN(H33/(B33-Y33/1000))) -> 7.2325196 | AF33: =DEGREES((2*PI()/Inputs!$C$13)*Inputs!$C$15*SIN(RADIANS(AE33))) -> 45.322673 | AG33: =(Z33/AA33)^4 -> 0.96855146 | AH33: =10*LOG10(AG33) -> -0.13877302 | AI33: =AC33-F33 -> 0 | AJ33: =AD33-G33 -> 0 | AK33: =Y33-X33 -> 0 | AL33: =1000*(AA34-AA32)/(A34-A32)*Inputs!$C$11 -> -831.45164 | AM33: =-2*AL33/Inputs!$C$13 -> 332.58066 | AN33: =-2*AL33/Inputs!$C$14 -> 49.937036 | AO33: =ABS(AM33) -> 332.58066 | AP33: =ABS(AN33) -> 49.937036 | AQ33: =IF(OR(Inputs!$C$27=TRUE,Inputs!$C$27="TRUE",Inputs!$C$27=1),Inputs!$C$46/Inputs!$C$12,0) -> 0 | AR33: =AC33-AQ33 -> 1812.2534 | AS33: =AC33+AQ33 -> 1812.2534
A34: =Inputs!$C$7+32*(Inputs!$C$8-Inputs!$C$7)/240 -> -44 | B34: =Inputs!$C$5+Inputs!$C$9*(A34/Inputs!$C$10)^2 -> 402.15111 | C34: =B34 -> 402.15111 | D34: =SQRT(A34^2+Inputs!$C$6^2+B34^2) -> 405.32273 | E34: =(D34-C34)*1000 -> 3171.6198 | F34: =E34/Inputs!$C$12 -> 1781.8089 | G34: =2*E34/Inputs!$C$21*1000000 -> 21.15877 | H34: =SQRT(A34^2+Inputs!$C$6^2) -> 50.606324 | I34: =DEGREES(ATAN(H34/B34)) -> 7.1723473 | J34: =DEGREES((2*PI()/Inputs!$C$13)*Inputs!$C$15*SIN(RADIANS(I34))) -> 44.947582 | K34: =(C34/D34)^4 -> 0.96906577 | L34: =10*LOG10(K34) -> -0.13646748 | M34: =2*(Inputs!$C$9/(Inputs!$C$10^2))*A34 -> -0.097777778 | N34: =M34*Inputs!$C$11 -> -0.39111111 | O34: =1000*((A34*Inputs!$C$11)+(B34*N34))/D34 -> -822.27258 | P34: =-2*O34/Inputs!$C$13 -> 328.90903 | Q34: =-2*O34/Inputs!$C$14 -> 49.385741 | R34: =F34-Inputs!$C$16/2 -> 1766.8089 | S34: =F34+Inputs!$C$16/2 -> 1796.8089 | T34: =F34-Inputs!$C$17/2 -> 1631.8089 | U34: =F34+Inputs!$C$17/2 -> 1931.8089 | V34: =ABS(P34) -> 328.90903 | W34: =ABS(Q34) -> 49.385741 | X34: =IF(OR(Inputs!$C$27=TRUE,Inputs!$C$27="TRUE",Inputs!$C$27=1),1,0)*(Inputs!$C$51*(115*EXP(-(((0)-25)^2)/(4.5^2))+70*EXP(-(((0)+38)^2)/(7^2))*(0.55+0.45*SIN(2*PI()*(A34)/45))+24*SIN(2*PI()*(0)/9+(A34)/18)*EXP(-(((0)+5)^2)/(22^2))+18*SIN(2*PI()*(A34)/70))+Inputs!$C$28*EXP(-(((A34)-Inputs!$C$29)^2)/(2*Inputs!$C$31^2))*EXP(-(((0)-Inputs!$C$30)^2)/(2*Inputs!$C$32^2))+-Inputs!$C$33*EXP(-(((((A34)-Inputs!$C$34)^2)+(((0)-Inputs!$C$35)^2))/(2*Inputs!$C$36^2)))+Inputs!$C$37*(0.55*SIN(2*PI()*(A34)/Inputs!$C$39)+0.35*COS(2*PI()*(0)/Inputs!$C$40)+0.2*SIN(2*PI()*((A34)+(0))/(0.5*(Inputs!$C$39+Inputs!$C$40))))+Inputs!$C$38*SIN(2*PI()*(A34)/Inputs!$C$39)*SIN(2*PI()*(0)/Inputs!$C$40)+-Inputs!$C$41*EXP(-(((0)-Inputs!$C$43)^2)/(2*Inputs!$C$44^2))*EXP(-(((A34)-Inputs!$C$42)^2)/(2*Inputs!$C$45^2))+Inputs!$C$48*(0.7*(0.45*SIN(2*PI()*(((A34)/Inputs!$C$49)+Inputs!$C$47*0.137))+0.35*COS(2*PI()*(((0)/Inputs!$C$50)+Inputs!$C$47*0.173))+0.2*SIN(2*PI()*(((A34)+(0))/(0.5*(Inputs!$C$49+Inputs!$C$50))+Inputs!$C$47*0.097)))+0.3*(2*((SIN(((A34)*12.9898+(0)*78.233+Inputs!$C$47*37.719))*43758.5453)-INT((SIN(((A34)*12.9898+(0)*78.233+Inputs!$C$47*37.719))*43758.5453)))-1))) -> 0 | Y34: =IF(OR(Inputs!$C$27=TRUE,Inputs!$C$27="TRUE",Inputs!$C$27=1),1,0)*(Inputs!$C$51*(115*EXP(-(((Inputs!$C$6)-25)^2)/(4.5^2))+70*EXP(-(((Inputs!$C$6)+38)^2)/(7^2))*(0.55+0.45*SIN(2*PI()*(A34)/45))+24*SIN(2*PI()*(Inputs!$C$6)/9+(A34)/18)*EXP(-(((Inputs!$C$6)+5)^2)/(22^2))+18*SIN(2*PI()*(A34)/70))+Inputs!$C$28*EXP(-(((A34)-Inputs!$C$29)^2)/(2*Inputs!$C$31^2))*EXP(-(((Inputs!$C$6)-Inputs!$C$30)^2)/(2*Inputs!$C$32^2))+-Inputs!$C$33*EXP(-(((((A34)-Inputs!$C$34)^2)+(((Inputs!$C$6)-Inputs!$C$35)^2))/(2*Inputs!$C$36^2)))+Inputs!$C$37*(0.55*SIN(2*PI()*(A34)/Inputs!$C$39)+0.35*COS(2*PI()*(Inputs!$C$6)/Inputs!$C$40)+0.2*SIN(2*PI()*((A34)+(Inputs!$C$6))/(0.5*(Inputs!$C$39+Inputs!$C$40))))+Inputs!$C$38*SIN(2*PI()*(A34)/Inputs!$C$39)*SIN(2*PI()*(Inputs!$C$6)/Inputs!$C$40)+-Inputs!$C$41*EXP(-(((Inputs!$C$6)-Inputs!$C$43)^2)/(2*Inputs!$C$44^2))*EXP(-(((A34)-Inputs!$C$42)^2)/(2*Inputs!$C$45^2))+Inputs!$C$48*(0.7*(0.45*SIN(2*PI()*(((A34)/Inputs!$C$49)+Inputs!$C$47*0.137))+0.35*COS(2*PI()*(((Inputs!$C$6)/Inputs!$C$50)+Inputs!$C$47*0.173))+0.2*SIN(2*PI()*(((A34)+(Inputs!$C$6))/(0.5*(Inputs!$C$49+Inputs!$C$50))+Inputs!$C$47*0.097)))+0.3*(2*((SIN(((A34)*12.9898+(Inputs!$C$6)*78.233+Inputs!$C$47*37.719))*43758.5453)-INT((SIN(((A34)*12.9898+(Inputs!$C$6)*78.233+Inputs!$C$47*37.719))*43758.5453)))-1))) -> 0 | Z34: =B34-X34/1000 -> 402.15111 | AA34: =SQRT(A34^2+Inputs!$C$6^2+(B34-Y34/1000)^2) -> 405.32273 | AB34: =(AA34-Z34)*1000 -> 3171.6198 | AC34: =AB34/Inputs!$C$12 -> 1781.8089 | AD34: =2*AB34/Inputs!$C$21*1000000 -> 21.15877 | AE34: =DEGREES(ATAN(H34/(B34-Y34/1000))) -> 7.1723473 | AF34: =DEGREES((2*PI()/Inputs!$C$13)*Inputs!$C$15*SIN(RADIANS(AE34))) -> 44.947582 | AG34: =(Z34/AA34)^4 -> 0.96906577 | AH34: =10*LOG10(AG34) -> -0.13646748 | AI34: =AC34-F34 -> 0 | AJ34: =AD34-G34 -> 0 | AK34: =Y34-X34 -> 0 | AL34: =1000*(AA35-AA33)/(A35-A33)*Inputs!$C$11 -> -822.27168 | AM34: =-2*AL34/Inputs!$C$13 -> 328.90867 | AN34: =-2*AL34/Inputs!$C$14 -> 49.385687 | AO34: =ABS(AM34) -> 328.90867 | AP34: =ABS(AN34) -> 49.385687 | AQ34: =IF(OR(Inputs!$C$27=TRUE,Inputs!$C$27="TRUE",Inputs!$C$27=1),Inputs!$C$46/Inputs!$C$12,0) -> 0 | AR34: =AC34-AQ34 -> 1781.8089 | AS34: =AC34+AQ34 -> 1781.8089
A35: =Inputs!$C$7+33*(Inputs!$C$8-Inputs!$C$7)/240 -> -43.5 | B35: =Inputs!$C$5+Inputs!$C$9*(A35/Inputs!$C$10)^2 -> 402.1025 | C35: =B35 -> 402.1025 | D35: =SQRT(A35^2+Inputs!$C$6^2+B35^2) -> 405.22052 | E35: =(D35-C35)*1000 -> 3118.0208 | F35: =E35/Inputs!$C$12 -> 1751.6971 | G35: =2*E35/Inputs!$C$21*1000000 -> 20.801196 | H35: =SQRT(A35^2+Inputs!$C$6^2) -> 50.172203 | I35: =DEGREES(ATAN(H35/B35)) -> 7.1123037 | J35: =DEGREES((2*PI()/Inputs!$C$13)*Inputs!$C$15*SIN(RADIANS(I35))) -> 44.573244 | K35: =(C35/D35)^4 -> 0.96957492 | L35: =10*LOG10(K35) -> -0.13418629 | M35: =2*(Inputs!$C$9/(Inputs!$C$10^2))*A35 -> -0.096666667 | N35: =M35*Inputs!$C$11 -> -0.38666667 | O35: =1000*((A35*Inputs!$C$11)+(B35*N35))/D35 -> -813.08724 | P35: =-2*O35/Inputs!$C$13 -> 325.23489 | Q35: =-2*O35/Inputs!$C$14 -> 48.834068 | R35: =F35-Inputs!$C$16/2 -> 1736.6971 | S35: =F35+Inputs!$C$16/2 -> 1766.6971 | T35: =F35-Inputs!$C$17/2 -> 1601.6971 | U35: =F35+Inputs!$C$17/2 -> 1901.6971 | V35: =ABS(P35) -> 325.23489 | W35: =ABS(Q35) -> 48.834068 | X35: =IF(OR(Inputs!$C$27=TRUE,Inputs!$C$27="TRUE",Inputs!$C$27=1),1,0)*(Inputs!$C$51*(115*EXP(-(((0)-25)^2)/(4.5^2))+70*EXP(-(((0)+38)^2)/(7^2))*(0.55+0.45*SIN(2*PI()*(A35)/45))+24*SIN(2*PI()*(0)/9+(A35)/18)*EXP(-(((0)+5)^2)/(22^2))+18*SIN(2*PI()*(A35)/70))+Inputs!$C$28*EXP(-(((A35)-Inputs!$C$29)^2)/(2*Inputs!$C$31^2))*EXP(-(((0)-Inputs!$C$30)^2)/(2*Inputs!$C$32^2))+-Inputs!$C$33*EXP(-(((((A35)-Inputs!$C$34)^2)+(((0)-Inputs!$C$35)^2))/(2*Inputs!$C$36^2)))+Inputs!$C$37*(0.55*SIN(2*PI()*(A35)/Inputs!$C$39)+0.35*COS(2*PI()*(0)/Inputs!$C$40)+0.2*SIN(2*PI()*((A35)+(0))/(0.5*(Inputs!$C$39+Inputs!$C$40))))+Inputs!$C$38*SIN(2*PI()*(A35)/Inputs!$C$39)*SIN(2*PI()*(0)/Inputs!$C$40)+-Inputs!$C$41*EXP(-(((0)-Inputs!$C$43)^2)/(2*Inputs!$C$44^2))*EXP(-(((A35)-Inputs!$C$42)^2)/(2*Inputs!$C$45^2))+Inputs!$C$48*(0.7*(0.45*SIN(2*PI()*(((A35)/Inputs!$C$49)+Inputs!$C$47*0.137))+0.35*COS(2*PI()*(((0)/Inputs!$C$50)+Inputs!$C$47*0.173))+0.2*SIN(2*PI()*(((A35)+(0))/(0.5*(Inputs!$C$49+Inputs!$C$50))+Inputs!$C$47*0.097)))+0.3*(2*((SIN(((A35)*12.9898+(0)*78.233+Inputs!$C$47*37.719))*43758.5453)-INT((SIN(((A35)*12.9898+(0)*78.233+Inputs!$C$47*37.719))*43758.5453)))-1))) -> 0 | Y35: =IF(OR(Inputs!$C$27=TRUE,Inputs!$C$27="TRUE",Inputs!$C$27=1),1,0)*(Inputs!$C$51*(115*EXP(-(((Inputs!$C$6)-25)^2)/(4.5^2))+70*EXP(-(((Inputs!$C$6)+38)^2)/(7^2))*(0.55+0.45*SIN(2*PI()*(A35)/45))+24*SIN(2*PI()*(Inputs!$C$6)/9+(A35)/18)*EXP(-(((Inputs!$C$6)+5)^2)/(22^2))+18*SIN(2*PI()*(A35)/70))+Inputs!$C$28*EXP(-(((A35)-Inputs!$C$29)^2)/(2*Inputs!$C$31^2))*EXP(-(((Inputs!$C$6)-Inputs!$C$30)^2)/(2*Inputs!$C$32^2))+-Inputs!$C$33*EXP(-(((((A35)-Inputs!$C$34)^2)+(((Inputs!$C$6)-Inputs!$C$35)^2))/(2*Inputs!$C$36^2)))+Inputs!$C$37*(0.55*SIN(2*PI()*(A35)/Inputs!$C$39)+0.35*COS(2*PI()*(Inputs!$C$6)/Inputs!$C$40)+0.2*SIN(2*PI()*((A35)+(Inputs!$C$6))/(0.5*(Inputs!$C$39+Inputs!$C$40))))+Inputs!$C$38*SIN(2*PI()*(A35)/Inputs!$C$39)*SIN(2*PI()*(Inputs!$C$6)/Inputs!$C$40)+-Inputs!$C$41*EXP(-(((Inputs!$C$6)-Inputs!$C$43)^2)/(2*Inputs!$C$44^2))*EXP(-(((A35)-Inputs!$C$42)^2)/(2*Inputs!$C$45^2))+Inputs!$C$48*(0.7*(0.45*SIN(2*PI()*(((A35)/Inputs!$C$49)+Inputs!$C$47*0.137))+0.35*COS(2*PI()*(((Inputs!$C$6)/Inputs!$C$50)+Inputs!$C$47*0.173))+0.2*SIN(2*PI()*(((A35)+(Inputs!$C$6))/(0.5*(Inputs!$C$49+Inputs!$C$50))+Inputs!$C$47*0.097)))+0.3*(2*((SIN(((A35)*12.9898+(Inputs!$C$6)*78.233+Inputs!$C$47*37.719))*43758.5453)-INT((SIN(((A35)*12.9898+(Inputs!$C$6)*78.233+Inputs!$C$47*37.719))*43758.5453)))-1))) -> 0 | Z35: =B35-X35/1000 -> 402.1025 | AA35: =SQRT(A35^2+Inputs!$C$6^2+(B35-Y35/1000)^2) -> 405.22052 | AB35: =(AA35-Z35)*1000 -> 3118.0208 | AC35: =AB35/Inputs!$C$12 -> 1751.6971 | AD35: =2*AB35/Inputs!$C$21*1000000 -> 20.801196 | AE35: =DEGREES(ATAN(H35/(B35-Y35/1000))) -> 7.1123037 | AF35: =DEGREES((2*PI()/Inputs!$C$13)*Inputs!$C$15*SIN(RADIANS(AE35))) -> 44.573244 | AG35: =(Z35/AA35)^4 -> 0.96957492 | AH35: =10*LOG10(AG35) -> -0.13418629 | AI35: =AC35-F35 -> 0 | AJ35: =AD35-G35 -> 0 | AK35: =Y35-X35 -> 0 | AL35: =1000*(AA36-AA34)/(A36-A34)*Inputs!$C$11 -> -813.08635 | AM35: =-2*AL35/Inputs!$C$13 -> 325.23454 | AN35: =-2*AL35/Inputs!$C$14 -> 48.834015 | AO35: =ABS(AM35) -> 325.23454 | AP35: =ABS(AN35) -> 48.834015 | AQ35: =IF(OR(Inputs!$C$27=TRUE,Inputs!$C$27="TRUE",Inputs!$C$27=1),Inputs!$C$46/Inputs!$C$12,0) -> 0 | AR35: =AC35-AQ35 -> 1751.6971 | AS35: =AC35+AQ35 -> 1751.6971
A36: =Inputs!$C$7+34*(Inputs!$C$8-Inputs!$C$7)/240 -> -43 | B36: =Inputs!$C$5+Inputs!$C$9*(A36/Inputs!$C$10)^2 -> 402.05444 | C36: =B36 -> 402.05444 | D36: =SQRT(A36^2+Inputs!$C$6^2+B36^2) -> 405.11946 | E36: =(D36-C36)*1000 -> 3065.0148 | F36: =E36/Inputs!$C$12 -> 1721.9185 | G36: =2*E36/Inputs!$C$21*1000000 -> 20.447578 | H36: =SQRT(A36^2+Inputs!$C$6^2) -> 49.73932 | I36: =DEGREES(ATAN(H36/B36)) -> 7.0523939 | J36: =DEGREES((2*PI()/Inputs!$C$13)*Inputs!$C$15*SIN(RADIANS(I36))) -> 44.199692 | K36: =(C36/D36)^4 -> 0.97007889 | L36: =10*LOG10(K36) -> -0.13192948 | M36: =2*(Inputs!$C$9/(Inputs!$C$10^2))*A36 -> -0.095555556 | N36: =M36*Inputs!$C$11 -> -0.38222222 | O36: =1000*((A36*Inputs!$C$11)+(B36*N36))/D36 -> -803.89657 | P36: =-2*O36/Inputs!$C$13 -> 321.55863 | Q36: =-2*O36/Inputs!$C$14 -> 48.282076 | R36: =F36-Inputs!$C$16/2 -> 1706.9185 | S36: =F36+Inputs!$C$16/2 -> 1736.9185 | T36: =F36-Inputs!$C$17/2 -> 1571.9185 | U36: =F36+Inputs!$C$17/2 -> 1871.9185 | V36: =ABS(P36) -> 321.55863 | W36: =ABS(Q36) -> 48.282076 | X36: =IF(OR(Inputs!$C$27=TRUE,Inputs!$C$27="TRUE",Inputs!$C$27=1),1,0)*(Inputs!$C$51*(115*EXP(-(((0)-25)^2)/(4.5^2))+70*EXP(-(((0)+38)^2)/(7^2))*(0.55+0.45*SIN(2*PI()*(A36)/45))+24*SIN(2*PI()*(0)/9+(A36)/18)*EXP(-(((0)+5)^2)/(22^2))+18*SIN(2*PI()*(A36)/70))+Inputs!$C$28*EXP(-(((A36)-Inputs!$C$29)^2)/(2*Inputs!$C$31^2))*EXP(-(((0)-Inputs!$C$30)^2)/(2*Inputs!$C$32^2))+-Inputs!$C$33*EXP(-(((((A36)-Inputs!$C$34)^2)+(((0)-Inputs!$C$35)^2))/(2*Inputs!$C$36^2)))+Inputs!$C$37*(0.55*SIN(2*PI()*(A36)/Inputs!$C$39)+0.35*COS(2*PI()*(0)/Inputs!$C$40)+0.2*SIN(2*PI()*((A36)+(0))/(0.5*(Inputs!$C$39+Inputs!$C$40))))+Inputs!$C$38*SIN(2*PI()*(A36)/Inputs!$C$39)*SIN(2*PI()*(0)/Inputs!$C$40)+-Inputs!$C$41*EXP(-(((0)-Inputs!$C$43)^2)/(2*Inputs!$C$44^2))*EXP(-(((A36)-Inputs!$C$42)^2)/(2*Inputs!$C$45^2))+Inputs!$C$48*(0.7*(0.45*SIN(2*PI()*(((A36)/Inputs!$C$49)+Inputs!$C$47*0.137))+0.35*COS(2*PI()*(((0)/Inputs!$C$50)+Inputs!$C$47*0.173))+0.2*SIN(2*PI()*(((A36)+(0))/(0.5*(Inputs!$C$49+Inputs!$C$50))+Inputs!$C$47*0.097)))+0.3*(2*((SIN(((A36)*12.9898+(0)*78.233+Inputs!$C$47*37.719))*43758.5453)-INT((SIN(((A36)*12.9898+(0)*78.233+Inputs!$C$47*37.719))*43758.5453)))-1))) -> 0 | Y36: =IF(OR(Inputs!$C$27=TRUE,Inputs!$C$27="TRUE",Inputs!$C$27=1),1,0)*(Inputs!$C$51*(115*EXP(-(((Inputs!$C$6)-25)^2)/(4.5^2))+70*EXP(-(((Inputs!$C$6)+38)^2)/(7^2))*(0.55+0.45*SIN(2*PI()*(A36)/45))+24*SIN(2*PI()*(Inputs!$C$6)/9+(A36)/18)*EXP(-(((Inputs!$C$6)+5)^2)/(22^2))+18*SIN(2*PI()*(A36)/70))+Inputs!$C$28*EXP(-(((A36)-Inputs!$C$29)^2)/(2*Inputs!$C$31^2))*EXP(-(((Inputs!$C$6)-Inputs!$C$30)^2)/(2*Inputs!$C$32^2))+-Inputs!$C$33*EXP(-(((((A36)-Inputs!$C$34)^2)+(((Inputs!$C$6)-Inputs!$C$35)^2))/(2*Inputs!$C$36^2)))+Inputs!$C$37*(0.55*SIN(2*PI()*(A36)/Inputs!$C$39)+0.35*COS(2*PI()*(Inputs!$C$6)/Inputs!$C$40)+0.2*SIN(2*PI()*((A36)+(Inputs!$C$6))/(0.5*(Inputs!$C$39+Inputs!$C$40))))+Inputs!$C$38*SIN(2*PI()*(A36)/Inputs!$C$39)*SIN(2*PI()*(Inputs!$C$6)/Inputs!$C$40)+-Inputs!$C$41*EXP(-(((Inputs!$C$6)-Inputs!$C$43)^2)/(2*Inputs!$C$44^2))*EXP(-(((A36)-Inputs!$C$42)^2)/(2*Inputs!$C$45^2))+Inputs!$C$48*(0.7*(0.45*SIN(2*PI()*(((A36)/Inputs!$C$49)+Inputs!$C$47*0.137))+0.35*COS(2*PI()*(((Inputs!$C$6)/Inputs!$C$50)+Inputs!$C$47*0.173))+0.2*SIN(2*PI()*(((A36)+(Inputs!$C$6))/(0.5*(Inputs!$C$49+Inputs!$C$50))+Inputs!$C$47*0.097)))+0.3*(2*((SIN(((A36)*12.9898+(Inputs!$C$6)*78.233+Inputs!$C$47*37.719))*43758.5453)-INT((SIN(((A36)*12.9898+(Inputs!$C$6)*78.233+Inputs!$C$47*37.719))*43758.5453)))-1))) -> 0 | Z36: =B36-X36/1000 -> 402.05444 | AA36: =SQRT(A36^2+Inputs!$C$6^2+(B36-Y36/1000)^2) -> 405.11946 | AB36: =(AA36-Z36)*1000 -> 3065.0148 | AC36: =AB36/Inputs!$C$12 -> 1721.9185 | AD36: =2*AB36/Inputs!$C$21*1000000 -> 20.447578 | AE36: =DEGREES(ATAN(H36/(B36-Y36/1000))) -> 7.0523939 | AF36: =DEGREES((2*PI()/Inputs!$C$13)*Inputs!$C$15*SIN(RADIANS(AE36))) -> 44.199692 | AG36: =(Z36/AA36)^4 -> 0.97007889 | AH36: =10*LOG10(AG36) -> -0.13192948 | AI36: =AC36-F36 -> 0 | AJ36: =AD36-G36 -> 0 | AK36: =Y36-X36 -> 0 | AL36: =1000*(AA37-AA35)/(A37-A35)*Inputs!$C$11 -> -803.89569 | AM36: =-2*AL36/Inputs!$C$13 -> 321.55828 | AN36: =-2*AL36/Inputs!$C$14 -> 48.282023 | AO36: =ABS(AM36) -> 321.55828 | AP36: =ABS(AN36) -> 48.282023 | AQ36: =IF(OR(Inputs!$C$27=TRUE,Inputs!$C$27="TRUE",Inputs!$C$27=1),Inputs!$C$46/Inputs!$C$12,0) -> 0 | AR36: =AC36-AQ36 -> 1721.9185 | AS36: =AC36+AQ36 -> 1721.9185
A37: =Inputs!$C$7+35*(Inputs!$C$8-Inputs!$C$7)/240 -> -42.5 | B37: =Inputs!$C$5+Inputs!$C$9*(A37/Inputs!$C$10)^2 -> 402.00694 | C37: =B37 -> 402.00694 | D37: =SQRT(A37^2+Inputs!$C$6^2+B37^2) -> 405.01955 | E37: =(D37-C37)*1000 -> 3012.6025 | F37: =E37/Inputs!$C$12 -> 1692.4733 | G37: =2*E37/Inputs!$C$21*1000000 -> 20.09792 | H37: =SQRT(A37^2+Inputs!$C$6^2) -> 49.307707 | I37: =DEGREES(ATAN(H37/B37)) -> 6.992623 | J37: =DEGREES((2*PI()/Inputs!$C$13)*Inputs!$C$15*SIN(RADIANS(I37))) -> 43.826958 | K37: =(C37/D37)^4 -> 0.97057765 | L37: =10*LOG10(K37) -> -0.12969713 | M37: =2*(Inputs!$C$9/(Inputs!$C$10^2))*A37 -> -0.094444444 | N37: =M37*Inputs!$C$11 -> -0.37777778 | O37: =1000*((A37*Inputs!$C$11)+(B37*N37))/D37 -> -794.70063 | P37: =-2*O37/Inputs!$C$13 -> 317.88025 | Q37: =-2*O37/Inputs!$C$14 -> 47.729768 | R37: =F37-Inputs!$C$16/2 -> 1677.4733 | S37: =F37+Inputs!$C$16/2 -> 1707.4733 | T37: =F37-Inputs!$C$17/2 -> 1542.4733 | U37: =F37+Inputs!$C$17/2 -> 1842.4733 | V37: =ABS(P37) -> 317.88025 | W37: =ABS(Q37) -> 47.729768 | X37: =IF(OR(Inputs!$C$27=TRUE,Inputs!$C$27="TRUE",Inputs!$C$27=1),1,0)*(Inputs!$C$51*(115*EXP(-(((0)-25)^2)/(4.5^2))+70*EXP(-(((0)+38)^2)/(7^2))*(0.55+0.45*SIN(2*PI()*(A37)/45))+24*SIN(2*PI()*(0)/9+(A37)/18)*EXP(-(((0)+5)^2)/(22^2))+18*SIN(2*PI()*(A37)/70))+Inputs!$C$28*EXP(-(((A37)-Inputs!$C$29)^2)/(2*Inputs!$C$31^2))*EXP(-(((0)-Inputs!$C$30)^2)/(2*Inputs!$C$32^2))+-Inputs!$C$33*EXP(-(((((A37)-Inputs!$C$34)^2)+(((0)-Inputs!$C$35)^2))/(2*Inputs!$C$36^2)))+Inputs!$C$37*(0.55*SIN(2*PI()*(A37)/Inputs!$C$39)+0.35*COS(2*PI()*(0)/Inputs!$C$40)+0.2*SIN(2*PI()*((A37)+(0))/(0.5*(Inputs!$C$39+Inputs!$C$40))))+Inputs!$C$38*SIN(2*PI()*(A37)/Inputs!$C$39)*SIN(2*PI()*(0)/Inputs!$C$40)+-Inputs!$C$41*EXP(-(((0)-Inputs!$C$43)^2)/(2*Inputs!$C$44^2))*EXP(-(((A37)-Inputs!$C$42)^2)/(2*Inputs!$C$45^2))+Inputs!$C$48*(0.7*(0.45*SIN(2*PI()*(((A37)/Inputs!$C$49)+Inputs!$C$47*0.137))+0.35*COS(2*PI()*(((0)/Inputs!$C$50)+Inputs!$C$47*0.173))+0.2*SIN(2*PI()*(((A37)+(0))/(0.5*(Inputs!$C$49+Inputs!$C$50))+Inputs!$C$47*0.097)))+0.3*(2*((SIN(((A37)*12.9898+(0)*78.233+Inputs!$C$47*37.719))*43758.5453)-INT((SIN(((A37)*12.9898+(0)*78.233+Inputs!$C$47*37.719))*43758.5453)))-1))) -> 0 | Y37: =IF(OR(Inputs!$C$27=TRUE,Inputs!$C$27="TRUE",Inputs!$C$27=1),1,0)*(Inputs!$C$51*(115*EXP(-(((Inputs!$C$6)-25)^2)/(4.5^2))+70*EXP(-(((Inputs!$C$6)+38)^2)/(7^2))*(0.55+0.45*SIN(2*PI()*(A37)/45))+24*SIN(2*PI()*(Inputs!$C$6)/9+(A37)/18)*EXP(-(((Inputs!$C$6)+5)^2)/(22^2))+18*SIN(2*PI()*(A37)/70))+Inputs!$C$28*EXP(-(((A37)-Inputs!$C$29)^2)/(2*Inputs!$C$31^2))*EXP(-(((Inputs!$C$6)-Inputs!$C$30)^2)/(2*Inputs!$C$32^2))+-Inputs!$C$33*EXP(-(((((A37)-Inputs!$C$34)^2)+(((Inputs!$C$6)-Inputs!$C$35)^2))/(2*Inputs!$C$36^2)))+Inputs!$C$37*(0.55*SIN(2*PI()*(A37)/Inputs!$C$39)+0.35*COS(2*PI()*(Inputs!$C$6)/Inputs!$C$40)+0.2*SIN(2*PI()*((A37)+(Inputs!$C$6))/(0.5*(Inputs!$C$39+Inputs!$C$40))))+Inputs!$C$38*SIN(2*PI()*(A37)/Inputs!$C$39)*SIN(2*PI()*(Inputs!$C$6)/Inputs!$C$40)+-Inputs!$C$41*EXP(-(((Inputs!$C$6)-Inputs!$C$43)^2)/(2*Inputs!$C$44^2))*EXP(-(((A37)-Inputs!$C$42)^2)/(2*Inputs!$C$45^2))+Inputs!$C$48*(0.7*(0.45*SIN(2*PI()*(((A37)/Inputs!$C$49)+Inputs!$C$47*0.137))+0.35*COS(2*PI()*(((Inputs!$C$6)/Inputs!$C$50)+Inputs!$C$47*0.173))+0.2*SIN(2*PI()*(((A37)+(Inputs!$C$6))/(0.5*(Inputs!$C$49+Inputs!$C$50))+Inputs!$C$47*0.097)))+0.3*(2*((SIN(((A37)*12.9898+(Inputs!$C$6)*78.233+Inputs!$C$47*37.719))*43758.5453)-INT((SIN(((A37)*12.9898+(Inputs!$C$6)*78.233+Inputs!$C$47*37.719))*43758.5453)))-1))) -> 0 | Z37: =B37-X37/1000 -> 402.00694 | AA37: =SQRT(A37^2+Inputs!$C$6^2+(B37-Y37/1000)^2) -> 405.01955 | AB37: =(AA37-Z37)*1000 -> 3012.6025 | AC37: =AB37/Inputs!$C$12 -> 1692.4733 | AD37: =2*AB37/Inputs!$C$21*1000000 -> 20.09792 | AE37: =DEGREES(ATAN(H37/(B37-Y37/1000))) -> 6.992623 | AF37: =DEGREES((2*PI()/Inputs!$C$13)*Inputs!$C$15*SIN(RADIANS(AE37))) -> 43.826958 | AG37: =(Z37/AA37)^4 -> 0.97057765 | AH37: =10*LOG10(AG37) -> -0.12969713 | AI37: =AC37-F37 -> 0 | AJ37: =AD37-G37 -> 0 | AK37: =Y37-X37 -> 0 | AL37: =1000*(AA38-AA36)/(A38-A36)*Inputs!$C$11 -> -794.69976 | AM37: =-2*AL37/Inputs!$C$13 -> 317.87991 | AN37: =-2*AL37/Inputs!$C$14 -> 47.729716 | AO37: =ABS(AM37) -> 317.87991 | AP37: =ABS(AN37) -> 47.729716 | AQ37: =IF(OR(Inputs!$C$27=TRUE,Inputs!$C$27="TRUE",Inputs!$C$27=1),Inputs!$C$46/Inputs!$C$12,0) -> 0 | AR37: =AC37-AQ37 -> 1692.4733 | AS37: =AC37+AQ37 -> 1692.4733
A38: =Inputs!$C$7+36*(Inputs!$C$8-Inputs!$C$7)/240 -> -42 | B38: =Inputs!$C$5+Inputs!$C$9*(A38/Inputs!$C$10)^2 -> 401.96 | C38: =B38 -> 401.96 | D38: =SQRT(A38^2+Inputs!$C$6^2+B38^2) -> 404.92078 | E38: =(D38-C38)*1000 -> 2960.7844 | F38: =E38/Inputs!$C$12 -> 1663.362 | G38: =2*E38/Inputs!$C$21*1000000 -> 19.752227 | H38: =SQRT(A38^2+Inputs!$C$6^2) -> 48.877398 | I38: =DEGREES(ATAN(H38/B38)) -> 6.9329963 | J38: =DEGREES((2*PI()/Inputs!$C$13)*Inputs!$C$15*SIN(RADIANS(I38))) -> 43.455075 | K38: =(C38/D38)^4 -> 0.9710712 | L38: =10*LOG10(K38) -> -0.12748927 | M38: =2*(Inputs!$C$9/(Inputs!$C$10^2))*A38 -> -0.093333333 | N38: =M38*Inputs!$C$11 -> -0.37333333 | O38: =1000*((A38*Inputs!$C$11)+(B38*N38))/D38 -> -785.49948 | P38: =-2*O38/Inputs!$C$13 -> 314.19979 | Q38: =-2*O38/Inputs!$C$14 -> 47.177146 | R38: =F38-Inputs!$C$16/2 -> 1648.362 | S38: =F38+Inputs!$C$16/2 -> 1678.362 | T38: =F38-Inputs!$C$17/2 -> 1513.362 | U38: =F38+Inputs!$C$17/2 -> 1813.362 | V38: =ABS(P38) -> 314.19979 | W38: =ABS(Q38) -> 47.177146 | X38: =IF(OR(Inputs!$C$27=TRUE,Inputs!$C$27="TRUE",Inputs!$C$27=1),1,0)*(Inputs!$C$51*(115*EXP(-(((0)-25)^2)/(4.5^2))+70*EXP(-(((0)+38)^2)/(7^2))*(0.55+0.45*SIN(2*PI()*(A38)/45))+24*SIN(2*PI()*(0)/9+(A38)/18)*EXP(-(((0)+5)^2)/(22^2))+18*SIN(2*PI()*(A38)/70))+Inputs!$C$28*EXP(-(((A38)-Inputs!$C$29)^2)/(2*Inputs!$C$31^2))*EXP(-(((0)-Inputs!$C$30)^2)/(2*Inputs!$C$32^2))+-Inputs!$C$33*EXP(-(((((A38)-Inputs!$C$34)^2)+(((0)-Inputs!$C$35)^2))/(2*Inputs!$C$36^2)))+Inputs!$C$37*(0.55*SIN(2*PI()*(A38)/Inputs!$C$39)+0.35*COS(2*PI()*(0)/Inputs!$C$40)+0.2*SIN(2*PI()*((A38)+(0))/(0.5*(Inputs!$C$39+Inputs!$C$40))))+Inputs!$C$38*SIN(2*PI()*(A38)/Inputs!$C$39)*SIN(2*PI()*(0)/Inputs!$C$40)+-Inputs!$C$41*EXP(-(((0)-Inputs!$C$43)^2)/(2*Inputs!$C$44^2))*EXP(-(((A38)-Inputs!$C$42)^2)/(2*Inputs!$C$45^2))+Inputs!$C$48*(0.7*(0.45*SIN(2*PI()*(((A38)/Inputs!$C$49)+Inputs!$C$47*0.137))+0.35*COS(2*PI()*(((0)/Inputs!$C$50)+Inputs!$C$47*0.173))+0.2*SIN(2*PI()*(((A38)+(0))/(0.5*(Inputs!$C$49+Inputs!$C$50))+Inputs!$C$47*0.097)))+0.3*(2*((SIN(((A38)*12.9898+(0)*78.233+Inputs!$C$47*37.719))*43758.5453)-INT((SIN(((A38)*12.9898+(0)*78.233+Inputs!$C$47*37.719))*43758.5453)))-1))) -> 0 | Y38: =IF(OR(Inputs!$C$27=TRUE,Inputs!$C$27="TRUE",Inputs!$C$27=1),1,0)*(Inputs!$C$51*(115*EXP(-(((Inputs!$C$6)-25)^2)/(4.5^2))+70*EXP(-(((Inputs!$C$6)+38)^2)/(7^2))*(0.55+0.45*SIN(2*PI()*(A38)/45))+24*SIN(2*PI()*(Inputs!$C$6)/9+(A38)/18)*EXP(-(((Inputs!$C$6)+5)^2)/(22^2))+18*SIN(2*PI()*(A38)/70))+Inputs!$C$28*EXP(-(((A38)-Inputs!$C$29)^2)/(2*Inputs!$C$31^2))*EXP(-(((Inputs!$C$6)-Inputs!$C$30)^2)/(2*Inputs!$C$32^2))+-Inputs!$C$33*EXP(-(((((A38)-Inputs!$C$34)^2)+(((Inputs!$C$6)-Inputs!$C$35)^2))/(2*Inputs!$C$36^2)))+Inputs!$C$37*(0.55*SIN(2*PI()*(A38)/Inputs!$C$39)+0.35*COS(2*PI()*(Inputs!$C$6)/Inputs!$C$40)+0.2*SIN(2*PI()*((A38)+(Inputs!$C$6))/(0.5*(Inputs!$C$39+Inputs!$C$40))))+Inputs!$C$38*SIN(2*PI()*(A38)/Inputs!$C$39)*SIN(2*PI()*(Inputs!$C$6)/Inputs!$C$40)+-Inputs!$C$41*EXP(-(((Inputs!$C$6)-Inputs!$C$43)^2)/(2*Inputs!$C$44^2))*EXP(-(((A38)-Inputs!$C$42)^2)/(2*Inputs!$C$45^2))+Inputs!$C$48*(0.7*(0.45*SIN(2*PI()*(((A38)/Inputs!$C$49)+Inputs!$C$47*0.137))+0.35*COS(2*PI()*(((Inputs!$C$6)/Inputs!$C$50)+Inputs!$C$47*0.173))+0.2*SIN(2*PI()*(((A38)+(Inputs!$C$6))/(0.5*(Inputs!$C$49+Inputs!$C$50))+Inputs!$C$47*0.097)))+0.3*(2*((SIN(((A38)*12.9898+(Inputs!$C$6)*78.233+Inputs!$C$47*37.719))*43758.5453)-INT((SIN(((A38)*12.9898+(Inputs!$C$6)*78.233+Inputs!$C$47*37.719))*43758.5453)))-1))) -> 0 | Z38: =B38-X38/1000 -> 401.96 | AA38: =SQRT(A38^2+Inputs!$C$6^2+(B38-Y38/1000)^2) -> 404.92078 | AB38: =(AA38-Z38)*1000 -> 2960.7844 | AC38: =AB38/Inputs!$C$12 -> 1663.362 | AD38: =2*AB38/Inputs!$C$21*1000000 -> 19.752227 | AE38: =DEGREES(ATAN(H38/(B38-Y38/1000))) -> 6.9329963 | AF38: =DEGREES((2*PI()/Inputs!$C$13)*Inputs!$C$15*SIN(RADIANS(AE38))) -> 43.455075 | AG38: =(Z38/AA38)^4 -> 0.9710712 | AH38: =10*LOG10(AG38) -> -0.12748927 | AI38: =AC38-F38 -> 0 | AJ38: =AD38-G38 -> 0 | AK38: =Y38-X38 -> 0 | AL38: =1000*(AA39-AA37)/(A39-A37)*Inputs!$C$11 -> -785.49862 | AM38: =-2*AL38/Inputs!$C$13 -> 314.19945 | AN38: =-2*AL38/Inputs!$C$14 -> 47.177094 | AO38: =ABS(AM38) -> 314.19945 | AP38: =ABS(AN38) -> 47.177094 | AQ38: =IF(OR(Inputs!$C$27=TRUE,Inputs!$C$27="TRUE",Inputs!$C$27=1),Inputs!$C$46/Inputs!$C$12,0) -> 0 | AR38: =AC38-AQ38 -> 1663.362 | AS38: =AC38+AQ38 -> 1663.362
A39: =Inputs!$C$7+37*(Inputs!$C$8-Inputs!$C$7)/240 -> -41.5 | B39: =Inputs!$C$5+Inputs!$C$9*(A39/Inputs!$C$10)^2 -> 401.91361 | C39: =B39 -> 401.91361 | D39: =SQRT(A39^2+Inputs!$C$6^2+B39^2) -> 404.82317 | E39: =(D39-C39)*1000 -> 2909.5611 | F39: =E39/Inputs!$C$12 -> 1634.5849 | G39: =2*E39/Inputs!$C$21*1000000 -> 19.410503 | H39: =SQRT(A39^2+Inputs!$C$6^2) -> 48.448426 | I39: =DEGREES(ATAN(H39/B39)) -> 6.8735192 | J39: =DEGREES((2*PI()/Inputs!$C$13)*Inputs!$C$15*SIN(RADIANS(I39))) -> 43.084079 | K39: =(C39/D39)^4 -> 0.9715595 | L39: =10*LOG10(K39) -> -0.12530598 | M39: =2*(Inputs!$C$9/(Inputs!$C$10^2))*A39 -> -0.092222222 | N39: =M39*Inputs!$C$11 -> -0.36888889 | O39: =1000*((A39*Inputs!$C$11)+(B39*N39))/D39 -> -776.29317 | P39: =-2*O39/Inputs!$C$13 -> 310.51727 | Q39: =-2*O39/Inputs!$C$14 -> 46.624215 | R39: =F39-Inputs!$C$16/2 -> 1619.5849 | S39: =F39+Inputs!$C$16/2 -> 1649.5849 | T39: =F39-Inputs!$C$17/2 -> 1484.5849 | U39: =F39+Inputs!$C$17/2 -> 1784.5849 | V39: =ABS(P39) -> 310.51727 | W39: =ABS(Q39) -> 46.624215 | X39: =IF(OR(Inputs!$C$27=TRUE,Inputs!$C$27="TRUE",Inputs!$C$27=1),1,0)*(Inputs!$C$51*(115*EXP(-(((0)-25)^2)/(4.5^2))+70*EXP(-(((0)+38)^2)/(7^2))*(0.55+0.45*SIN(2*PI()*(A39)/45))+24*SIN(2*PI()*(0)/9+(A39)/18)*EXP(-(((0)+5)^2)/(22^2))+18*SIN(2*PI()*(A39)/70))+Inputs!$C$28*EXP(-(((A39)-Inputs!$C$29)^2)/(2*Inputs!$C$31^2))*EXP(-(((0)-Inputs!$C$30)^2)/(2*Inputs!$C$32^2))+-Inputs!$C$33*EXP(-(((((A39)-Inputs!$C$34)^2)+(((0)-Inputs!$C$35)^2))/(2*Inputs!$C$36^2)))+Inputs!$C$37*(0.55*SIN(2*PI()*(A39)/Inputs!$C$39)+0.35*COS(2*PI()*(0)/Inputs!$C$40)+0.2*SIN(2*PI()*((A39)+(0))/(0.5*(Inputs!$C$39+Inputs!$C$40))))+Inputs!$C$38*SIN(2*PI()*(A39)/Inputs!$C$39)*SIN(2*PI()*(0)/Inputs!$C$40)+-Inputs!$C$41*EXP(-(((0)-Inputs!$C$43)^2)/(2*Inputs!$C$44^2))*EXP(-(((A39)-Inputs!$C$42)^2)/(2*Inputs!$C$45^2))+Inputs!$C$48*(0.7*(0.45*SIN(2*PI()*(((A39)/Inputs!$C$49)+Inputs!$C$47*0.137))+0.35*COS(2*PI()*(((0)/Inputs!$C$50)+Inputs!$C$47*0.173))+0.2*SIN(2*PI()*(((A39)+(0))/(0.5*(Inputs!$C$49+Inputs!$C$50))+Inputs!$C$47*0.097)))+0.3*(2*((SIN(((A39)*12.9898+(0)*78.233+Inputs!$C$47*37.719))*43758.5453)-INT((SIN(((A39)*12.9898+(0)*78.233+Inputs!$C$47*37.719))*43758.5453)))-1))) -> 0 | Y39: =IF(OR(Inputs!$C$27=TRUE,Inputs!$C$27="TRUE",Inputs!$C$27=1),1,0)*(Inputs!$C$51*(115*EXP(-(((Inputs!$C$6)-25)^2)/(4.5^2))+70*EXP(-(((Inputs!$C$6)+38)^2)/(7^2))*(0.55+0.45*SIN(2*PI()*(A39)/45))+24*SIN(2*PI()*(Inputs!$C$6)/9+(A39)/18)*EXP(-(((Inputs!$C$6)+5)^2)/(22^2))+18*SIN(2*PI()*(A39)/70))+Inputs!$C$28*EXP(-(((A39)-Inputs!$C$29)^2)/(2*Inputs!$C$31^2))*EXP(-(((Inputs!$C$6)-Inputs!$C$30)^2)/(2*Inputs!$C$32^2))+-Inputs!$C$33*EXP(-(((((A39)-Inputs!$C$34)^2)+(((Inputs!$C$6)-Inputs!$C$35)^2))/(2*Inputs!$C$36^2)))+Inputs!$C$37*(0.55*SIN(2*PI()*(A39)/Inputs!$C$39)+0.35*COS(2*PI()*(Inputs!$C$6)/Inputs!$C$40)+0.2*SIN(2*PI()*((A39)+(Inputs!$C$6))/(0.5*(Inputs!$C$39+Inputs!$C$40))))+Inputs!$C$38*SIN(2*PI()*(A39)/Inputs!$C$39)*SIN(2*PI()*(Inputs!$C$6)/Inputs!$C$40)+-Inputs!$C$41*EXP(-(((Inputs!$C$6)-Inputs!$C$43)^2)/(2*Inputs!$C$44^2))*EXP(-(((A39)-Inputs!$C$42)^2)/(2*Inputs!$C$45^2))+Inputs!$C$48*(0.7*(0.45*SIN(2*PI()*(((A39)/Inputs!$C$49)+Inputs!$C$47*0.137))+0.35*COS(2*PI()*(((Inputs!$C$6)/Inputs!$C$50)+Inputs!$C$47*0.173))+0.2*SIN(2*PI()*(((A39)+(Inputs!$C$6))/(0.5*(Inputs!$C$49+Inputs!$C$50))+Inputs!$C$47*0.097)))+0.3*(2*((SIN(((A39)*12.9898+(Inputs!$C$6)*78.233+Inputs!$C$47*37.719))*43758.5453)-INT((SIN(((A39)*12.9898+(Inputs!$C$6)*78.233+Inputs!$C$47*37.719))*43758.5453)))-1))) -> 0 | Z39: =B39-X39/1000 -> 401.91361 | AA39: =SQRT(A39^2+Inputs!$C$6^2+(B39-Y39/1000)^2) -> 404.82317 | AB39: =(AA39-Z39)*1000 -> 2909.5611 | AC39: =AB39/Inputs!$C$12 -> 1634.5849 | AD39: =2*AB39/Inputs!$C$21*1000000 -> 19.410503 | AE39: =DEGREES(ATAN(H39/(B39-Y39/1000))) -> 6.8735192 | AF39: =DEGREES((2*PI()/Inputs!$C$13)*Inputs!$C$15*SIN(RADIANS(AE39))) -> 43.084079 | AG39: =(Z39/AA39)^4 -> 0.9715595 | AH39: =10*LOG10(AG39) -> -0.12530598 | AI39: =AC39-F39 -> 0 | AJ39: =AD39-G39 -> 0 | AK39: =Y39-X39 -> 0 | AL39: =1000*(AA40-AA38)/(A40-A38)*Inputs!$C$11 -> -776.29232 | AM39: =-2*AL39/Inputs!$C$13 -> 310.51693 | AN39: =-2*AL39/Inputs!$C$14 -> 46.624164 | AO39: =ABS(AM39) -> 310.51693 | AP39: =ABS(AN39) -> 46.624164 | AQ39: =IF(OR(Inputs!$C$27=TRUE,Inputs!$C$27="TRUE",Inputs!$C$27=1),Inputs!$C$46/Inputs!$C$12,0) -> 0 | AR39: =AC39-AQ39 -> 1634.5849 | AS39: =AC39+AQ39 -> 1634.5849
A40: =Inputs!$C$7+38*(Inputs!$C$8-Inputs!$C$7)/240 -> -41 | B40: =Inputs!$C$5+Inputs!$C$9*(A40/Inputs!$C$10)^2 -> 401.86778 | C40: =B40 -> 401.86778 | D40: =SQRT(A40^2+Inputs!$C$6^2+B40^2) -> 404.72671 | E40: =(D40-C40)*1000 -> 2858.9335 | F40: =E40/Inputs!$C$12 -> 1606.1424 | G40: =2*E40/Inputs!$C$21*1000000 -> 19.072751 | H40: =SQRT(A40^2+Inputs!$C$6^2) -> 48.020829 | I40: =DEGREES(ATAN(H40/B40)) -> 6.8141973 | J40: =DEGREES((2*PI()/Inputs!$C$13)*Inputs!$C$15*SIN(RADIANS(I40))) -> 42.714004 | K40: =(C40/D40)^4 -> 0.97204253 | L40: =10*LOG10(K40) -> -0.12314731 | M40: =2*(Inputs!$C$9/(Inputs!$C$10^2))*A40 -> -0.091111111 | N40: =M40*Inputs!$C$11 -> -0.36444444 | O40: =1000*((A40*Inputs!$C$11)+(B40*N40))/D40 -> -767.08176 | P40: =-2*O40/Inputs!$C$13 -> 306.8327 | Q40: =-2*O40/Inputs!$C$14 -> 46.070977 | R40: =F40-Inputs!$C$16/2 -> 1591.1424 | S40: =F40+Inputs!$C$16/2 -> 1621.1424 | T40: =F40-Inputs!$C$17/2 -> 1456.1424 | U40: =F40+Inputs!$C$17/2 -> 1756.1424 | V40: =ABS(P40) -> 306.8327 | W40: =ABS(Q40) -> 46.070977 | X40: =IF(OR(Inputs!$C$27=TRUE,Inputs!$C$27="TRUE",Inputs!$C$27=1),1,0)*(Inputs!$C$51*(115*EXP(-(((0)-25)^2)/(4.5^2))+70*EXP(-(((0)+38)^2)/(7^2))*(0.55+0.45*SIN(2*PI()*(A40)/45))+24*SIN(2*PI()*(0)/9+(A40)/18)*EXP(-(((0)+5)^2)/(22^2))+18*SIN(2*PI()*(A40)/70))+Inputs!$C$28*EXP(-(((A40)-Inputs!$C$29)^2)/(2*Inputs!$C$31^2))*EXP(-(((0)-Inputs!$C$30)^2)/(2*Inputs!$C$32^2))+-Inputs!$C$33*EXP(-(((((A40)-Inputs!$C$34)^2)+(((0)-Inputs!$C$35)^2))/(2*Inputs!$C$36^2)))+Inputs!$C$37*(0.55*SIN(2*PI()*(A40)/Inputs!$C$39)+0.35*COS(2*PI()*(0)/Inputs!$C$40)+0.2*SIN(2*PI()*((A40)+(0))/(0.5*(Inputs!$C$39+Inputs!$C$40))))+Inputs!$C$38*SIN(2*PI()*(A40)/Inputs!$C$39)*SIN(2*PI()*(0)/Inputs!$C$40)+-Inputs!$C$41*EXP(-(((0)-Inputs!$C$43)^2)/(2*Inputs!$C$44^2))*EXP(-(((A40)-Inputs!$C$42)^2)/(2*Inputs!$C$45^2))+Inputs!$C$48*(0.7*(0.45*SIN(2*PI()*(((A40)/Inputs!$C$49)+Inputs!$C$47*0.137))+0.35*COS(2*PI()*(((0)/Inputs!$C$50)+Inputs!$C$47*0.173))+0.2*SIN(2*PI()*(((A40)+(0))/(0.5*(Inputs!$C$49+Inputs!$C$50))+Inputs!$C$47*0.097)))+0.3*(2*((SIN(((A40)*12.9898+(0)*78.233+Inputs!$C$47*37.719))*43758.5453)-INT((SIN(((A40)*12.9898+(0)*78.233+Inputs!$C$47*37.719))*43758.5453)))-1))) -> 0 | Y40: =IF(OR(Inputs!$C$27=TRUE,Inputs!$C$27="TRUE",Inputs!$C$27=1),1,0)*(Inputs!$C$51*(115*EXP(-(((Inputs!$C$6)-25)^2)/(4.5^2))+70*EXP(-(((Inputs!$C$6)+38)^2)/(7^2))*(0.55+0.45*SIN(2*PI()*(A40)/45))+24*SIN(2*PI()*(Inputs!$C$6)/9+(A40)/18)*EXP(-(((Inputs!$C$6)+5)^2)/(22^2))+18*SIN(2*PI()*(A40)/70))+Inputs!$C$28*EXP(-(((A40)-Inputs!$C$29)^2)/(2*Inputs!$C$31^2))*EXP(-(((Inputs!$C$6)-Inputs!$C$30)^2)/(2*Inputs!$C$32^2))+-Inputs!$C$33*EXP(-(((((A40)-Inputs!$C$34)^2)+(((Inputs!$C$6)-Inputs!$C$35)^2))/(2*Inputs!$C$36^2)))+Inputs!$C$37*(0.55*SIN(2*PI()*(A40)/Inputs!$C$39)+0.35*COS(2*PI()*(Inputs!$C$6)/Inputs!$C$40)+0.2*SIN(2*PI()*((A40)+(Inputs!$C$6))/(0.5*(Inputs!$C$39+Inputs!$C$40))))+Inputs!$C$38*SIN(2*PI()*(A40)/Inputs!$C$39)*SIN(2*PI()*(Inputs!$C$6)/Inputs!$C$40)+-Inputs!$C$41*EXP(-(((Inputs!$C$6)-Inputs!$C$43)^2)/(2*Inputs!$C$44^2))*EXP(-(((A40)-Inputs!$C$42)^2)/(2*Inputs!$C$45^2))+Inputs!$C$48*(0.7*(0.45*SIN(2*PI()*(((A40)/Inputs!$C$49)+Inputs!$C$47*0.137))+0.35*COS(2*PI()*(((Inputs!$C$6)/Inputs!$C$50)+Inputs!$C$47*0.173))+0.2*SIN(2*PI()*(((A40)+(Inputs!$C$6))/(0.5*(Inputs!$C$49+Inputs!$C$50))+Inputs!$C$47*0.097)))+0.3*(2*((SIN(((A40)*12.9898+(Inputs!$C$6)*78.233+Inputs!$C$47*37.719))*43758.5453)-INT((SIN(((A40)*12.9898+(Inputs!$C$6)*78.233+Inputs!$C$47*37.719))*43758.5453)))-1))) -> 0 | Z40: =B40-X40/1000 -> 401.86778 | AA40: =SQRT(A40^2+Inputs!$C$6^2+(B40-Y40/1000)^2) -> 404.72671 | AB40: =(AA40-Z40)*1000 -> 2858.9335 | AC40: =AB40/Inputs!$C$12 -> 1606.1424 | AD40: =2*AB40/Inputs!$C$21*1000000 -> 19.072751 | AE40: =DEGREES(ATAN(H40/(B40-Y40/1000))) -> 6.8141973 | AF40: =DEGREES((2*PI()/Inputs!$C$13)*Inputs!$C$15*SIN(RADIANS(AE40))) -> 42.714004 | AG40: =(Z40/AA40)^4 -> 0.97204253 | AH40: =10*LOG10(AG40) -> -0.12314731 | AI40: =AC40-F40 -> 0 | AJ40: =AD40-G40 -> 0 | AK40: =Y40-X40 -> 0 | AL40: =1000*(AA41-AA39)/(A41-A39)*Inputs!$C$11 -> -767.08092 | AM40: =-2*AL40/Inputs!$C$13 -> 306.83237 | AN40: =-2*AL40/Inputs!$C$14 -> 46.070926 | AO40: =ABS(AM40) -> 306.83237 | AP40: =ABS(AN40) -> 46.070926 | AQ40: =IF(OR(Inputs!$C$27=TRUE,Inputs!$C$27="TRUE",Inputs!$C$27=1),Inputs!$C$46/Inputs!$C$12,0) -> 0 | AR40: =AC40-AQ40 -> 1606.1424 | AS40: =AC40+AQ40 -> 1606.1424
A41: =Inputs!$C$7+39*(Inputs!$C$8-Inputs!$C$7)/240 -> -40.5 | B41: =Inputs!$C$5+Inputs!$C$9*(A41/Inputs!$C$10)^2 -> 401.8225 | C41: =B41 -> 401.8225 | D41: =SQRT(A41^2+Inputs!$C$6^2+B41^2) -> 404.6314 | E41: =(D41-C41)*1000 -> 2808.902 | F41: =E41/Inputs!$C$12 -> 1578.0348 | G41: =2*E41/Inputs!$C$21*1000000 -> 18.738977 | H41: =SQRT(A41^2+Inputs!$C$6^2) -> 47.594643 | I41: =DEGREES(ATAN(H41/B41)) -> 6.7550363 | J41: =DEGREES((2*PI()/Inputs!$C$13)*Inputs!$C$15*SIN(RADIANS(I41))) -> 42.344888 | K41: =(C41/D41)^4 -> 0.97252029 | L41: =10*LOG10(K41) -> -0.1210133 | M41: =2*(Inputs!$C$9/(Inputs!$C$10^2))*A41 -> -0.09 | N41: =M41*Inputs!$C$11 -> -0.36 | O41: =1000*((A41*Inputs!$C$11)+(B41*N41))/D41 -> -757.8653 | P41: =-2*O41/Inputs!$C$13 -> 303.14612 | Q41: =-2*O41/Inputs!$C$14 -> 45.517436 | R41: =F41-Inputs!$C$16/2 -> 1563.0348 | S41: =F41+Inputs!$C$16/2 -> 1593.0348 | T41: =F41-Inputs!$C$17/2 -> 1428.0348 | U41: =F41+Inputs!$C$17/2 -> 1728.0348 | V41: =ABS(P41) -> 303.14612 | W41: =ABS(Q41) -> 45.517436 | X41: =IF(OR(Inputs!$C$27=TRUE,Inputs!$C$27="TRUE",Inputs!$C$27=1),1,0)*(Inputs!$C$51*(115*EXP(-(((0)-25)^2)/(4.5^2))+70*EXP(-(((0)+38)^2)/(7^2))*(0.55+0.45*SIN(2*PI()*(A41)/45))+24*SIN(2*PI()*(0)/9+(A41)/18)*EXP(-(((0)+5)^2)/(22^2))+18*SIN(2*PI()*(A41)/70))+Inputs!$C$28*EXP(-(((A41)-Inputs!$C$29)^2)/(2*Inputs!$C$31^2))*EXP(-(((0)-Inputs!$C$30)^2)/(2*Inputs!$C$32^2))+-Inputs!$C$33*EXP(-(((((A41)-Inputs!$C$34)^2)+(((0)-Inputs!$C$35)^2))/(2*Inputs!$C$36^2)))+Inputs!$C$37*(0.55*SIN(2*PI()*(A41)/Inputs!$C$39)+0.35*COS(2*PI()*(0)/Inputs!$C$40)+0.2*SIN(2*PI()*((A41)+(0))/(0.5*(Inputs!$C$39+Inputs!$C$40))))+Inputs!$C$38*SIN(2*PI()*(A41)/Inputs!$C$39)*SIN(2*PI()*(0)/Inputs!$C$40)+-Inputs!$C$41*EXP(-(((0)-Inputs!$C$43)^2)/(2*Inputs!$C$44^2))*EXP(-(((A41)-Inputs!$C$42)^2)/(2*Inputs!$C$45^2))+Inputs!$C$48*(0.7*(0.45*SIN(2*PI()*(((A41)/Inputs!$C$49)+Inputs!$C$47*0.137))+0.35*COS(2*PI()*(((0)/Inputs!$C$50)+Inputs!$C$47*0.173))+0.2*SIN(2*PI()*(((A41)+(0))/(0.5*(Inputs!$C$49+Inputs!$C$50))+Inputs!$C$47*0.097)))+0.3*(2*((SIN(((A41)*12.9898+(0)*78.233+Inputs!$C$47*37.719))*43758.5453)-INT((SIN(((A41)*12.9898+(0)*78.233+Inputs!$C$47*37.719))*43758.5453)))-1))) -> 0 | Y41: =IF(OR(Inputs!$C$27=TRUE,Inputs!$C$27="TRUE",Inputs!$C$27=1),1,0)*(Inputs!$C$51*(115*EXP(-(((Inputs!$C$6)-25)^2)/(4.5^2))+70*EXP(-(((Inputs!$C$6)+38)^2)/(7^2))*(0.55+0.45*SIN(2*PI()*(A41)/45))+24*SIN(2*PI()*(Inputs!$C$6)/9+(A41)/18)*EXP(-(((Inputs!$C$6)+5)^2)/(22^2))+18*SIN(2*PI()*(A41)/70))+Inputs!$C$28*EXP(-(((A41)-Inputs!$C$29)^2)/(2*Inputs!$C$31^2))*EXP(-(((Inputs!$C$6)-Inputs!$C$30)^2)/(2*Inputs!$C$32^2))+-Inputs!$C$33*EXP(-(((((A41)-Inputs!$C$34)^2)+(((Inputs!$C$6)-Inputs!$C$35)^2))/(2*Inputs!$C$36^2)))+Inputs!$C$37*(0.55*SIN(2*PI()*(A41)/Inputs!$C$39)+0.35*COS(2*PI()*(Inputs!$C$6)/Inputs!$C$40)+0.2*SIN(2*PI()*((A41)+(Inputs!$C$6))/(0.5*(Inputs!$C$39+Inputs!$C$40))))+Inputs!$C$38*SIN(2*PI()*(A41)/Inputs!$C$39)*SIN(2*PI()*(Inputs!$C$6)/Inputs!$C$40)+-Inputs!$C$41*EXP(-(((Inputs!$C$6)-Inputs!$C$43)^2)/(2*Inputs!$C$44^2))*EXP(-(((A41)-Inputs!$C$42)^2)/(2*Inputs!$C$45^2))+Inputs!$C$48*(0.7*(0.45*SIN(2*PI()*(((A41)/Inputs!$C$49)+Inputs!$C$47*0.137))+0.35*COS(2*PI()*(((Inputs!$C$6)/Inputs!$C$50)+Inputs!$C$47*0.173))+0.2*SIN(2*PI()*(((A41)+(Inputs!$C$6))/(0.5*(Inputs!$C$49+Inputs!$C$50))+Inputs!$C$47*0.097)))+0.3*(2*((SIN(((A41)*12.9898+(Inputs!$C$6)*78.233+Inputs!$C$47*37.719))*43758.5453)-INT((SIN(((A41)*12.9898+(Inputs!$C$6)*78.233+Inputs!$C$47*37.719))*43758.5453)))-1))) -> 0 | Z41: =B41-X41/1000 -> 401.8225 | AA41: =SQRT(A41^2+Inputs!$C$6^2+(B41-Y41/1000)^2) -> 404.6314 | AB41: =(AA41-Z41)*1000 -> 2808.902 | AC41: =AB41/Inputs!$C$12 -> 1578.0348 | AD41: =2*AB41/Inputs!$C$21*1000000 -> 18.738977 | AE41: =DEGREES(ATAN(H41/(B41-Y41/1000))) -> 6.7550363 | AF41: =DEGREES((2*PI()/Inputs!$C$13)*Inputs!$C$15*SIN(RADIANS(AE41))) -> 42.344888 | AG41: =(Z41/AA41)^4 -> 0.97252029 | AH41: =10*LOG10(AG41) -> -0.1210133 | AI41: =AC41-F41 -> 0 | AJ41: =AD41-G41 -> 0 | AK41: =Y41-X41 -> 0 | AL41: =1000*(AA42-AA40)/(A42-A40)*Inputs!$C$11 -> -757.86447 | AM41: =-2*AL41/Inputs!$C$13 -> 303.14579 | AN41: =-2*AL41/Inputs!$C$14 -> 45.517386 | AO41: =ABS(AM41) -> 303.14579 | AP41: =ABS(AN41) -> 45.517386 | AQ41: =IF(OR(Inputs!$C$27=TRUE,Inputs!$C$27="TRUE",Inputs!$C$27=1),Inputs!$C$46/Inputs!$C$12,0) -> 0 | AR41: =AC41-AQ41 -> 1578.0348 | AS41: =AC41+AQ41 -> 1578.0348
A42: =Inputs!$C$7+40*(Inputs!$C$8-Inputs!$C$7)/240 -> -40 | B42: =Inputs!$C$5+Inputs!$C$9*(A42/Inputs!$C$10)^2 -> 401.77778 | C42: =B42 -> 401.77778 | D42: =SQRT(A42^2+Inputs!$C$6^2+B42^2) -> 404.53725 | E42: =(D42-C42)*1000 -> 2759.4674 | F42: =E42/Inputs!$C$12 -> 1550.2626 | G42: =2*E42/Inputs!$C$21*1000000 -> 18.409185 | H42: =SQRT(A42^2+Inputs!$C$6^2) -> 47.169906 | I42: =DEGREES(ATAN(H42/B42)) -> 6.6960423 | J42: =DEGREES((2*PI()/Inputs!$C$13)*Inputs!$C$15*SIN(RADIANS(I42))) -> 41.976768 | K42: =(C42/D42)^4 -> 0.97299274 | L42: =10*LOG10(K42) -> -0.11890401 | M42: =2*(Inputs!$C$9/(Inputs!$C$10^2))*A42 -> -0.088888889 | N42: =M42*Inputs!$C$11 -> -0.35555556 | O42: =1000*((A42*Inputs!$C$11)+(B42*N42))/D42 -> -748.64385 | P42: =-2*O42/Inputs!$C$13 -> 299.45754 | Q42: =-2*O42/Inputs!$C$14 -> 44.963595 | R42: =F42-Inputs!$C$16/2 -> 1535.2626 | S42: =F42+Inputs!$C$16/2 -> 1565.2626 | T42: =F42-Inputs!$C$17/2 -> 1400.2626 | U42: =F42+Inputs!$C$17/2 -> 1700.2626 | V42: =ABS(P42) -> 299.45754 | W42: =ABS(Q42) -> 44.963595 | X42: =IF(OR(Inputs!$C$27=TRUE,Inputs!$C$27="TRUE",Inputs!$C$27=1),1,0)*(Inputs!$C$51*(115*EXP(-(((0)-25)^2)/(4.5^2))+70*EXP(-(((0)+38)^2)/(7^2))*(0.55+0.45*SIN(2*PI()*(A42)/45))+24*SIN(2*PI()*(0)/9+(A42)/18)*EXP(-(((0)+5)^2)/(22^2))+18*SIN(2*PI()*(A42)/70))+Inputs!$C$28*EXP(-(((A42)-Inputs!$C$29)^2)/(2*Inputs!$C$31^2))*EXP(-(((0)-Inputs!$C$30)^2)/(2*Inputs!$C$32^2))+-Inputs!$C$33*EXP(-(((((A42)-Inputs!$C$34)^2)+(((0)-Inputs!$C$35)^2))/(2*Inputs!$C$36^2)))+Inputs!$C$37*(0.55*SIN(2*PI()*(A42)/Inputs!$C$39)+0.35*COS(2*PI()*(0)/Inputs!$C$40)+0.2*SIN(2*PI()*((A42)+(0))/(0.5*(Inputs!$C$39+Inputs!$C$40))))+Inputs!$C$38*SIN(2*PI()*(A42)/Inputs!$C$39)*SIN(2*PI()*(0)/Inputs!$C$40)+-Inputs!$C$41*EXP(-(((0)-Inputs!$C$43)^2)/(2*Inputs!$C$44^2))*EXP(-(((A42)-Inputs!$C$42)^2)/(2*Inputs!$C$45^2))+Inputs!$C$48*(0.7*(0.45*SIN(2*PI()*(((A42)/Inputs!$C$49)+Inputs!$C$47*0.137))+0.35*COS(2*PI()*(((0)/Inputs!$C$50)+Inputs!$C$47*0.173))+0.2*SIN(2*PI()*(((A42)+(0))/(0.5*(Inputs!$C$49+Inputs!$C$50))+Inputs!$C$47*0.097)))+0.3*(2*((SIN(((A42)*12.9898+(0)*78.233+Inputs!$C$47*37.719))*43758.5453)-INT((SIN(((A42)*12.9898+(0)*78.233+Inputs!$C$47*37.719))*43758.5453)))-1))) -> 0 | Y42: =IF(OR(Inputs!$C$27=TRUE,Inputs!$C$27="TRUE",Inputs!$C$27=1),1,0)*(Inputs!$C$51*(115*EXP(-(((Inputs!$C$6)-25)^2)/(4.5^2))+70*EXP(-(((Inputs!$C$6)+38)^2)/(7^2))*(0.55+0.45*SIN(2*PI()*(A42)/45))+24*SIN(2*PI()*(Inputs!$C$6)/9+(A42)/18)*EXP(-(((Inputs!$C$6)+5)^2)/(22^2))+18*SIN(2*PI()*(A42)/70))+Inputs!$C$28*EXP(-(((A42)-Inputs!$C$29)^2)/(2*Inputs!$C$31^2))*EXP(-(((Inputs!$C$6)-Inputs!$C$30)^2)/(2*Inputs!$C$32^2))+-Inputs!$C$33*EXP(-(((((A42)-Inputs!$C$34)^2)+(((Inputs!$C$6)-Inputs!$C$35)^2))/(2*Inputs!$C$36^2)))+Inputs!$C$37*(0.55*SIN(2*PI()*(A42)/Inputs!$C$39)+0.35*COS(2*PI()*(Inputs!$C$6)/Inputs!$C$40)+0.2*SIN(2*PI()*((A42)+(Inputs!$C$6))/(0.5*(Inputs!$C$39+Inputs!$C$40))))+Inputs!$C$38*SIN(2*PI()*(A42)/Inputs!$C$39)*SIN(2*PI()*(Inputs!$C$6)/Inputs!$C$40)+-Inputs!$C$41*EXP(-(((Inputs!$C$6)-Inputs!$C$43)^2)/(2*Inputs!$C$44^2))*EXP(-(((A42)-Inputs!$C$42)^2)/(2*Inputs!$C$45^2))+Inputs!$C$48*(0.7*(0.45*SIN(2*PI()*(((A42)/Inputs!$C$49)+Inputs!$C$47*0.137))+0.35*COS(2*PI()*(((Inputs!$C$6)/Inputs!$C$50)+Inputs!$C$47*0.173))+0.2*SIN(2*PI()*(((A42)+(Inputs!$C$6))/(0.5*(Inputs!$C$49+Inputs!$C$50))+Inputs!$C$47*0.097)))+0.3*(2*((SIN(((A42)*12.9898+(Inputs!$C$6)*78.233+Inputs!$C$47*37.719))*43758.5453)-INT((SIN(((A42)*12.9898+(Inputs!$C$6)*78.233+Inputs!$C$47*37.719))*43758.5453)))-1))) -> 0 | Z42: =B42-X42/1000 -> 401.77778 | AA42: =SQRT(A42^2+Inputs!$C$6^2+(B42-Y42/1000)^2) -> 404.53725 | AB42: =(AA42-Z42)*1000 -> 2759.4674 | AC42: =AB42/Inputs!$C$12 -> 1550.2626 | AD42: =2*AB42/Inputs!$C$21*1000000 -> 18.409185 | AE42: =DEGREES(ATAN(H42/(B42-Y42/1000))) -> 6.6960423 | AF42: =DEGREES((2*PI()/Inputs!$C$13)*Inputs!$C$15*SIN(RADIANS(AE42))) -> 41.976768 | AG42: =(Z42/AA42)^4 -> 0.97299274 | AH42: =10*LOG10(AG42) -> -0.11890401 | AI42: =AC42-F42 -> 0 | AJ42: =AD42-G42 -> 0 | AK42: =Y42-X42 -> 0 | AL42: =1000*(AA43-AA41)/(A43-A41)*Inputs!$C$11 -> -748.64303 | AM42: =-2*AL42/Inputs!$C$13 -> 299.45721 | AN42: =-2*AL42/Inputs!$C$14 -> 44.963545 | AO42: =ABS(AM42) -> 299.45721 | AP42: =ABS(AN42) -> 44.963545 | AQ42: =IF(OR(Inputs!$C$27=TRUE,Inputs!$C$27="TRUE",Inputs!$C$27=1),Inputs!$C$46/Inputs!$C$12,0) -> 0 | AR42: =AC42-AQ42 -> 1550.2626 | AS42: =AC42+AQ42 -> 1550.2626
A43: =Inputs!$C$7+41*(Inputs!$C$8-Inputs!$C$7)/240 -> -39.5 | B43: =Inputs!$C$5+Inputs!$C$9*(A43/Inputs!$C$10)^2 -> 401.73361 | C43: =B43 -> 401.73361 | D43: =SQRT(A43^2+Inputs!$C$6^2+B43^2) -> 404.44424 | E43: =(D43-C43)*1000 -> 2710.6302 | F43: =E43/Inputs!$C$12 -> 1522.8259 | G43: =2*E43/Inputs!$C$21*1000000 -> 18.083378 | H43: =SQRT(A43^2+Inputs!$C$6^2) -> 46.746658 | I43: =DEGREES(ATAN(H43/B43)) -> 6.6372212 | J43: =DEGREES((2*PI()/Inputs!$C$13)*Inputs!$C$15*SIN(RADIANS(I43))) -> 41.609683 | K43: =(C43/D43)^4 -> 0.97345986 | L43: =10*LOG10(K43) -> -0.1168195 | M43: =2*(Inputs!$C$9/(Inputs!$C$10^2))*A43 -> -0.087777778 | N43: =M43*Inputs!$C$11 -> -0.35111111 | O43: =1000*((A43*Inputs!$C$11)+(B43*N43))/D43 -> -739.41746 | P43: =-2*O43/Inputs!$C$13 -> 295.76698 | Q43: =-2*O43/Inputs!$C$14 -> 44.409457 | R43: =F43-Inputs!$C$16/2 -> 1507.8259 | S43: =F43+Inputs!$C$16/2 -> 1537.8259 | T43: =F43-Inputs!$C$17/2 -> 1372.8259 | U43: =F43+Inputs!$C$17/2 -> 1672.8259 | V43: =ABS(P43) -> 295.76698 | W43: =ABS(Q43) -> 44.409457 | X43: =IF(OR(Inputs!$C$27=TRUE,Inputs!$C$27="TRUE",Inputs!$C$27=1),1,0)*(Inputs!$C$51*(115*EXP(-(((0)-25)^2)/(4.5^2))+70*EXP(-(((0)+38)^2)/(7^2))*(0.55+0.45*SIN(2*PI()*(A43)/45))+24*SIN(2*PI()*(0)/9+(A43)/18)*EXP(-(((0)+5)^2)/(22^2))+18*SIN(2*PI()*(A43)/70))+Inputs!$C$28*EXP(-(((A43)-Inputs!$C$29)^2)/(2*Inputs!$C$31^2))*EXP(-(((0)-Inputs!$C$30)^2)/(2*Inputs!$C$32^2))+-Inputs!$C$33*EXP(-(((((A43)-Inputs!$C$34)^2)+(((0)-Inputs!$C$35)^2))/(2*Inputs!$C$36^2)))+Inputs!$C$37*(0.55*SIN(2*PI()*(A43)/Inputs!$C$39)+0.35*COS(2*PI()*(0)/Inputs!$C$40)+0.2*SIN(2*PI()*((A43)+(0))/(0.5*(Inputs!$C$39+Inputs!$C$40))))+Inputs!$C$38*SIN(2*PI()*(A43)/Inputs!$C$39)*SIN(2*PI()*(0)/Inputs!$C$40)+-Inputs!$C$41*EXP(-(((0)-Inputs!$C$43)^2)/(2*Inputs!$C$44^2))*EXP(-(((A43)-Inputs!$C$42)^2)/(2*Inputs!$C$45^2))+Inputs!$C$48*(0.7*(0.45*SIN(2*PI()*(((A43)/Inputs!$C$49)+Inputs!$C$47*0.137))+0.35*COS(2*PI()*(((0)/Inputs!$C$50)+Inputs!$C$47*0.173))+0.2*SIN(2*PI()*(((A43)+(0))/(0.5*(Inputs!$C$49+Inputs!$C$50))+Inputs!$C$47*0.097)))+0.3*(2*((SIN(((A43)*12.9898+(0)*78.233+Inputs!$C$47*37.719))*43758.5453)-INT((SIN(((A43)*12.9898+(0)*78.233+Inputs!$C$47*37.719))*43758.5453)))-1))) -> 0 | Y43: =IF(OR(Inputs!$C$27=TRUE,Inputs!$C$27="TRUE",Inputs!$C$27=1),1,0)*(Inputs!$C$51*(115*EXP(-(((Inputs!$C$6)-25)^2)/(4.5^2))+70*EXP(-(((Inputs!$C$6)+38)^2)/(7^2))*(0.55+0.45*SIN(2*PI()*(A43)/45))+24*SIN(2*PI()*(Inputs!$C$6)/9+(A43)/18)*EXP(-(((Inputs!$C$6)+5)^2)/(22^2))+18*SIN(2*PI()*(A43)/70))+Inputs!$C$28*EXP(-(((A43)-Inputs!$C$29)^2)/(2*Inputs!$C$31^2))*EXP(-(((Inputs!$C$6)-Inputs!$C$30)^2)/(2*Inputs!$C$32^2))+-Inputs!$C$33*EXP(-(((((A43)-Inputs!$C$34)^2)+(((Inputs!$C$6)-Inputs!$C$35)^2))/(2*Inputs!$C$36^2)))+Inputs!$C$37*(0.55*SIN(2*PI()*(A43)/Inputs!$C$39)+0.35*COS(2*PI()*(Inputs!$C$6)/Inputs!$C$40)+0.2*SIN(2*PI()*((A43)+(Inputs!$C$6))/(0.5*(Inputs!$C$39+Inputs!$C$40))))+Inputs!$C$38*SIN(2*PI()*(A43)/Inputs!$C$39)*SIN(2*PI()*(Inputs!$C$6)/Inputs!$C$40)+-Inputs!$C$41*EXP(-(((Inputs!$C$6)-Inputs!$C$43)^2)/(2*Inputs!$C$44^2))*EXP(-(((A43)-Inputs!$C$42)^2)/(2*Inputs!$C$45^2))+Inputs!$C$48*(0.7*(0.45*SIN(2*PI()*(((A43)/Inputs!$C$49)+Inputs!$C$47*0.137))+0.35*COS(2*PI()*(((Inputs!$C$6)/Inputs!$C$50)+Inputs!$C$47*0.173))+0.2*SIN(2*PI()*(((A43)+(Inputs!$C$6))/(0.5*(Inputs!$C$49+Inputs!$C$50))+Inputs!$C$47*0.097)))+0.3*(2*((SIN(((A43)*12.9898+(Inputs!$C$6)*78.233+Inputs!$C$47*37.719))*43758.5453)-INT((SIN(((A43)*12.9898+(Inputs!$C$6)*78.233+Inputs!$C$47*37.719))*43758.5453)))-1))) -> 0 | Z43: =B43-X43/1000 -> 401.73361 | AA43: =SQRT(A43^2+Inputs!$C$6^2+(B43-Y43/1000)^2) -> 404.44424 | AB43: =(AA43-Z43)*1000 -> 2710.6302 | AC43: =AB43/Inputs!$C$12 -> 1522.8259 | AD43: =2*AB43/Inputs!$C$21*1000000 -> 18.083378 | AE43: =DEGREES(ATAN(H43/(B43-Y43/1000))) -> 6.6372212 | AF43: =DEGREES((2*PI()/Inputs!$C$13)*Inputs!$C$15*SIN(RADIANS(AE43))) -> 41.609683 | AG43: =(Z43/AA43)^4 -> 0.97345986 | AH43: =10*LOG10(AG43) -> -0.1168195 | AI43: =AC43-F43 -> 0 | AJ43: =AD43-G43 -> 0 | AK43: =Y43-X43 -> 0 | AL43: =1000*(AA44-AA42)/(A44-A42)*Inputs!$C$11 -> -739.41665 | AM43: =-2*AL43/Inputs!$C$13 -> 295.76666 | AN43: =-2*AL43/Inputs!$C$14 -> 44.409408 | AO43: =ABS(AM43) -> 295.76666 | AP43: =ABS(AN43) -> 44.409408 | AQ43: =IF(OR(Inputs!$C$27=TRUE,Inputs!$C$27="TRUE",Inputs!$C$27=1),Inputs!$C$46/Inputs!$C$12,0) -> 0 | AR43: =AC43-AQ43 -> 1522.8259 | AS43: =AC43+AQ43 -> 1522.8259
